#File written by RizomUV 2024.0.148.g2292b90e. Compilation :Aug 22 2024,14:22:02
mtllib Activator_Pillar_To_Unrwap_Real.mtl
#begin vertices
v -13.6264 116.4922 13.6263
v 13.6263 116.4922 13.6263
v 13.6263 116.4922 -13.6264
v -13.6264 116.4922 -13.6264
v -24.5691 89.0336 24.5691
v 24.5691 89.0336 24.5691
v 23.4447 97.3608 23.4447
v -23.4447 97.3608 23.4447
v 24.5691 89.0336 -24.5691
v 23.4447 97.3608 -23.4447
v -24.5691 89.0336 -24.5691
v -23.4447 97.3608 -23.4447
v 13.8814 102.123 13.8814
v -13.8815 102.123 13.8814
v 13.8814 102.123 -13.8815
v -13.8815 102.123 -13.8815
v 15.7848 109.0258 15.7848
v -15.7849 109.0258 15.7848
v 15.7848 109.0258 -15.7849
v -15.7849 109.0258 -15.7849
v 15.5134 113.3488 15.5134
v -15.5135 113.3488 15.5134
v 15.5134 113.3488 -15.5135
v -15.5135 113.3488 -15.5134
v 22.8985 46.0101 -8.3125
v 20.9338 55.017 -7.6174
v 7.5249 56.5165 -7.5249
v 8.1847 47.9075 -8.1848
v 23.1768 44.3686 -23.1769
v 21.1365 53.7013 -21.1366
v 8.3124 46.0101 -22.8985
v 7.6174 55.017 -20.9338
v 19.7683 56.2263 -8.455
v 17.8331 68.5699 -7.6626
v 7.6258 69.2068 -7.6259
v 8.3723 57.4497 -8.3723
v 9.3015 46.6795 -9.3015
v 10.5676 35.5184 -10.5676
v 25.0474 33.9428 -10.6985
v 22.0955 45.0427 -9.425
v 19.9274 55.1311 -19.9274
v 17.9035 67.9939 -17.9035
v 25.2922 32.5883 -25.2922
v 22.3317 43.5995 -22.3317
v 8.455 56.2263 -19.7683
v 7.6626 68.5699 -17.8331
v 10.6985 33.9428 -25.0475
v 9.425 45.0427 -22.0955
v 23.1768 44.3686 23.1768
v 21.1366 53.7013 21.1366
v 7.6174 55.017 20.9338
v 8.3124 46.0101 22.8985
v 22.8985 46.0101 8.3124
v 20.9338 55.017 7.6174
v 8.1847 47.9075 8.1847
v 7.5249 56.5165 7.5249
v 19.9274 55.1311 19.9274
v 17.9035 67.9939 17.9035
v 7.6626 68.5699 17.8331
v 8.455 56.2263 19.7683
v 9.425 45.0427 22.0955
v 10.6985 33.9428 25.0474
v 25.2922 32.5883 25.2922
v 22.3317 43.5995 22.3317
v 19.7683 56.2263 8.455
v 17.8331 68.5699 7.6626
v 25.0475 33.9428 10.6985
v 22.0955 45.0427 9.425
v 8.3723 57.4497 8.3723
v 7.6258 69.2068 7.6258
v 10.5676 35.5183 10.5676
v 9.3015 46.6795 9.3015
v -8.1848 47.9075 -8.1848
v -7.5249 56.5165 -7.5249
v -20.9338 55.017 -7.6174
v -22.8985 46.0101 -8.3125
v -8.3125 46.0101 -22.8985
v -7.6174 55.017 -20.9338
v -23.1769 44.3686 -23.1769
v -21.1366 53.7013 -21.1366
v -8.3723 57.4497 -8.3723
v -7.6259 69.2068 -7.6259
v -17.8331 68.5699 -7.6626
v -19.7683 56.2263 -8.455
v -22.0955 45.0427 -9.425
v -25.0475 33.9428 -10.6985
v -10.5676 35.5183 -10.5676
v -9.3015 46.6794 -9.3015
v -8.455 56.2263 -19.7683
v -7.6626 68.5699 -17.8331
v -10.6985 33.9428 -25.0475
v -9.425 45.0427 -22.0956
v -19.9274 55.1311 -19.9274
v -17.9035 67.9939 -17.9036
v -25.2923 32.5883 -25.2923
v -22.3317 43.5995 -22.3317
v -8.3125 46.0101 22.8985
v -7.6174 55.017 20.9338
v -21.1366 53.7014 21.1365
v -23.1769 44.3686 23.1768
v -8.1848 47.9075 8.1847
v -7.5249 56.5165 7.5249
v -22.8985 46.0101 8.3124
v -20.9338 55.017 7.6174
v -8.455 56.2263 19.7682
v -7.6626 68.5699 17.8331
v -17.9035 67.9939 17.9035
v -19.9274 55.1311 19.9274
v -22.3317 43.5995 22.3317
v -25.2922 32.5883 25.2922
v -10.6985 33.9428 25.0474
v -9.425 45.0428 22.0955
v -8.3723 57.4497 8.3723
v -7.6259 69.2068 7.6258
v -10.5676 35.5184 10.5676
v -9.3015 46.6795 9.3015
v -19.7683 56.2263 8.455
v -17.8331 68.5699 7.6626
v -25.0475 33.9428 10.6984
v -22.0955 45.0428 9.425
v -17.9035 67.9939 -17.9035
v 24.569 89.0336 24.5691
v -25.799 81.205 25.7989
v 25.7989 81.205 25.7989
v -25.799 81.205 -25.799
v 25.7989 81.205 -25.7989
v -15.9745 78.0429 15.9744
v 15.9744 78.0429 15.9744
v -15.9745 78.0429 -15.9745
v 15.9744 78.0429 -15.9745
v -19.4803 72.6839 19.4802
v 19.4802 72.6839 19.4802
v -19.4803 72.6839 -19.4803
v 19.4802 72.6839 -19.4803
v -19.9103 69.701 19.9102
v 19.9102 69.701 19.9102
v -19.9103 69.701 -19.9103
v 19.9102 69.701 -19.9103
v -11.0244 234.3047 11.0243
v 11.0243 234.3047 11.0243
v 11.0243 234.3046 -11.0244
v -11.0244 234.3046 -11.0244
v -18.2517 213.3826 18.2517
v 18.2517 213.3827 18.2517
v 17.8536 221.3379 17.8536
v -17.8537 221.3379 17.8536
v 18.2517 213.3827 -18.2517
v 17.8536 221.3379 -17.8537
v -18.2517 213.3827 -18.2518
v -17.8537 221.3379 -17.8537
v 10.8441 224.2236 10.8441
v -10.8441 224.2236 10.8441
v 10.8441 224.2236 -10.8442
v -10.8441 224.2236 -10.8442
v 12.5346 229.6789 12.5346
v -12.5346 229.6788 12.5346
v 12.5346 229.6788 -12.5346
v -12.5346 229.6788 -12.5346
v 12.4373 232.6801 12.4373
v -12.4373 232.6801 12.4373
v 12.4373 232.6801 -12.4373
v -12.4373 232.68 -12.4373
v 13.4727 141.4503 -4.96
v 13.2089 160.565 -4.8628
v 4.8648 160.565 -4.8649
v 4.9613 141.4503 -4.9613
v 13.4751 141.4503 -13.4751
v 13.2125 160.565 -13.2126
v 4.96 141.4503 -13.4727
v 4.8628 160.565 -13.2089
v 12.5955 162.8758 -5.4419
v 12.2947 185.7917 -5.312
v 5.3131 185.7917 -5.3131
v 5.4438 162.8758 -5.4438
v 5.5808 139.1395 -5.5808
v 5.8874 116.2236 -5.8874
v 13.6261 116.2236 -5.8873
v 12.9144 139.1395 -5.5797
v 12.598 162.8759 -12.598
v 12.2963 185.7917 -12.2963
v 13.6263 116.2236 -13.6264
v 12.9159 139.1395 -12.9159
v 5.4419 162.8758 -12.5956
v 5.3119 185.7917 -12.2947
v 5.8872 116.2236 -13.6262
v 5.5797 139.1395 -12.9145
v 13.4751 141.4503 13.475
v 13.2125 160.565 13.2125
v 4.8628 160.565 13.2089
v 4.96 141.4503 13.4727
v 13.4727 141.4503 4.9599
v 13.2089 160.565 4.8628
v 4.9613 141.4503 4.9613
v 4.8649 160.565 4.8648
v 12.598 162.8758 12.598
v 12.2963 185.7917 12.2963
v 5.3119 185.7917 12.2946
v 5.4419 162.8758 12.5955
v 5.5797 139.1395 12.9145
v 5.8872 116.2235 13.6261
v 13.6263 116.2235 13.6263
v 12.9159 139.1395 12.9159
v 12.5955 162.8759 5.4419
v 12.2947 185.7917 5.3119
v 13.6261 116.2236 5.8872
v 12.9145 139.1395 5.5797
v 5.4438 162.8758 5.4438
v 5.3131 185.7917 5.3131
v 5.8874 116.2236 5.8874
v 5.5808 139.1395 5.5808
v -4.9613 141.4503 -4.9613
v -4.8649 160.565 -4.8649
v -13.2089 160.565 -4.8628
v -13.4727 141.4503 -4.96
v -4.96 141.4503 -13.4727
v -4.8628 160.565 -13.2089
v -13.4751 141.4503 -13.4751
v -13.2125 160.565 -13.2126
v -5.4438 162.8758 -5.4438
v -5.3131 185.7917 -5.3131
v -12.2947 185.7917 -5.312
v -12.5955 162.8758 -5.4419
v -12.9145 139.1395 -5.5797
v -13.6262 116.2235 -5.8873
v -5.8874 116.2235 -5.8874
v -5.5808 139.1395 -5.5808
v -5.4419 162.8758 -12.5956
v -5.3119 185.7917 -12.2947
v -5.8873 116.2235 -13.6262
v -5.5797 139.1395 -12.9145
v -12.598 162.8757 -12.598
v -12.2963 185.7917 -12.2963
v -13.6264 116.2235 -13.6264
v -12.9159 139.1395 -12.9159
v -4.96 141.4503 13.4727
v -4.8628 160.565 13.2089
v -13.2125 160.565 13.2125
v -13.4751 141.4503 13.475
v -4.9613 141.4503 4.9613
v -4.8649 160.565 4.8648
v -13.4727 141.4503 4.9599
v -13.2089 160.565 4.8628
v -5.4419 162.8758 12.5955
v -5.3119 185.7917 12.2946
v -12.2963 185.7917 12.2963
v -12.598 162.8758 12.598
v -12.9159 139.1395 12.9159
v -13.6264 116.2236 13.6263
v -5.8873 116.2236 13.6261
v -5.5797 139.1395 12.9144
v -5.4438 162.8758 5.4437
v -5.3131 185.7917 5.313
v -5.8874 116.2236 5.8874
v -5.5808 139.1395 5.5808
v -12.5955 162.8758 5.4419
v -12.2947 185.7917 5.3119
v -13.6262 116.2235 5.8872
v -12.9145 139.1395 5.5797
v -18.2517 213.3827 18.2517
v -18.658 204.9627 18.6579
v 18.6579 204.9627 18.6579
v -18.2517 213.3827 -18.2517
v -18.658 204.9627 -18.658
v 18.6579 204.9627 -18.658
v -11.4651 200.1598 11.4651
v 11.4651 200.1598 11.4651
v -11.4651 200.1598 -11.4651
v 11.4651 200.1598 -11.4651
v -13.6654 193.2581 13.6654
v 13.6654 193.2581 13.6654
v -13.6654 193.258 -13.6654
v 13.6654 193.258 -13.6654
v -13.775 188.9351 13.7749
v 13.7749 188.9351 13.7749
v -13.775 188.9351 -13.775
v 13.7749 188.9352 -13.775
v 11.2611 246.7093 -4.1374
v 11.0829 255.7397 -4.0691
v 4.0721 253.7696 -4.0721
v 4.136 245.1671 -4.136
v 11.1214 248.1712 -11.1214
v 10.8647 257.5872 -10.8647
v 4.1374 246.7094 -11.2611
v 4.0691 255.7397 -11.0829
v 10.5658 256.6902 -4.5523
v 10.3561 267.8247 -4.4683
v 4.4779 266.1544 -4.4779
v 4.5595 254.9902 -4.5595
v 4.6493 244.2292 -4.6493
v 4.7819 232.4886 -4.7819
v 11.0739 233.132 -4.7848
v 10.7803 245.4812 -4.6489
v 10.3895 258.2977 -10.3895
v 10.0819 269.3813 -10.0819
v 11.0244 233.7576 -11.0244
v 10.6796 246.6785 -10.6796
v 4.5523 256.6902 -10.5658
v 4.4683 267.8247 -10.3561
v 4.7847 233.132 -11.0739
v 4.6489 245.4812 -10.7803
v 11.1214 248.1713 11.1214
v 10.8647 257.5872 10.8647
v 4.0691 255.7397 11.0829
v 4.1374 246.7094 11.2611
v 11.2611 246.7094 4.1374
v 11.0829 255.7398 4.0691
v 4.136 245.1671 4.136
v 4.0721 253.7695 4.0721
v 10.3895 258.2977 10.3895
v 10.0819 269.3813 10.0819
v 4.4683 267.8247 10.3561
v 4.5523 256.6902 10.5659
v 4.6489 245.4812 10.7803
v 4.7847 233.1321 11.0739
v 11.0244 233.7575 11.0244
v 10.6796 246.6785 10.6797
v 10.5659 256.6902 4.5523
v 10.3561 267.8247 4.4683
v 11.0739 233.132 4.7848
v 10.7803 245.4812 4.6489
v 4.5595 254.9902 4.5595
v 4.4779 266.1544 4.4779
v 4.7819 232.4887 4.7819
v 4.6493 244.2292 4.6493
v -4.136 245.1671 -4.136
v -4.0721 253.7696 -4.0721
v -11.0829 255.7397 -4.0691
v -11.2611 246.7094 -4.1374
v -4.1374 246.7094 -11.2611
v -4.0691 255.7397 -11.0829
v -11.1214 248.1712 -11.1214
v -10.8647 257.5872 -10.8647
v -4.5595 254.9903 -4.5595
v -4.4779 266.1544 -4.4779
v -10.3561 267.8247 -4.4683
v -10.5659 256.6902 -4.5523
v -10.7803 245.4812 -4.6489
v -11.0739 233.132 -4.7848
v -4.7819 232.4887 -4.7819
v -4.6493 244.2292 -4.6493
v -4.5523 256.6902 -10.5659
v -4.4683 267.8247 -10.3561
v -4.7848 233.132 -11.0739
v -4.6489 245.4812 -10.7803
v -10.3895 258.2977 -10.3895
v -10.082 269.3812 -10.0819
v -11.0244 233.7575 -11.0244
v -10.6797 246.6785 -10.6796
v -4.1374 246.7094 11.2611
v -4.0691 255.7397 11.0829
v -10.8647 257.5872 10.8647
v -11.1214 248.1713 11.1214
v -4.136 245.1671 4.136
v -4.0721 253.7695 4.0721
v -11.2611 246.7094 4.1374
v -11.0829 255.7397 4.0691
v -4.5523 256.6903 10.5659
v -4.4683 267.8247 10.3561
v -10.0819 269.3813 10.0819
v -10.3895 258.2977 10.3895
v -10.6796 246.6785 10.6796
v -11.0244 233.7576 11.0244
v -4.7848 233.132 11.0739
v -4.6489 245.4812 10.7803
v -4.5595 254.9903 4.5595
v -4.4779 266.1544 4.4779
v -4.7819 232.4886 4.7819
v -4.6493 244.2292 4.6493
v -10.5659 256.6902 4.5523
v -10.3561 267.8247 4.4683
v -11.0739 233.132 4.7847
v -10.7803 245.4812 4.6489
v 10.0819 269.3812 10.0819
v -10.0819 269.3812 -10.0819
v 11.8182 284.32 11.8182
v -11.8182 284.32 11.8182
v -12.4483 281.9916 12.4483
v 12.4483 281.9916 12.4483
v -11.8182 284.32 -11.8182
v -12.4483 281.9916 -12.4483
v 11.8182 284.32 -11.8182
v 12.4483 281.9916 -12.4483
v -9.4504 276.6924 9.4504
v 9.4504 276.6924 9.4504
v -9.4504 276.6924 -9.4504
v 9.4504 276.6924 -9.4504
v -10.9814 274.1062 10.9814
v 10.9814 274.1062 10.9814
v -10.9814 274.1061 -10.9814
v 10.9814 274.1062 -10.9814
v -11.0849 271.9673 11.0849
v 11.0849 271.9674 11.0849
v -11.0849 271.9673 -11.0849
v 11.0849 271.9674 -11.0849
v 0 378.3181 -0
v -0 377.4395 -8.9212
v -1.7404 377.4395 -8.7498
v -3.414 377.4395 -8.2421
v -4.9564 377.4395 -7.4177
v -6.3082 377.4395 -6.3082
v -7.4177 377.4395 -4.9564
v -8.2421 377.4395 -3.414
v -8.7498 377.4395 -1.7404
v -8.9212 377.4395 0
v -8.7498 377.4395 1.7404
v -8.2421 377.4395 3.414
v -7.4177 377.4395 4.9564
v -6.3082 377.4395 6.3082
v -4.9563 377.4395 7.4177
v -3.414 377.4395 8.2421
v -1.7404 377.4395 8.7498
v 0 377.4395 8.9212
v 1.7404 377.4395 8.7498
v 3.414 377.4395 8.2421
v 4.9564 377.4395 7.4177
v 6.3082 377.4395 6.3082
v 7.4177 377.4395 4.9563
v 8.2421 377.4395 3.414
v 8.7498 377.4395 1.7404
v 8.9212 377.4395 -0
v 8.7498 377.4395 -1.7405
v 8.2421 377.4395 -3.414
v 7.4177 377.4395 -4.9564
v 6.3082 377.4395 -6.3083
v 4.9563 377.4395 -7.4177
v 3.414 377.4395 -8.2421
v 1.7404 377.4395 -8.7498
v -0 374.8373 -17.4996
v -3.414 374.8373 -17.1633
v -6.6968 374.8373 -16.1675
v -9.7222 374.8373 -14.5504
v -12.3741 374.8373 -12.3741
v -14.5504 374.8373 -9.7222
v -16.1675 374.8373 -6.6968
v -17.1633 374.8373 -3.414
v -17.4996 374.8373 0
v -17.1633 374.8373 3.414
v -16.1675 374.8373 6.6968
v -14.5503 374.8373 9.7222
v -12.3741 374.8373 12.3741
v -9.7222 374.8373 14.5504
v -6.6968 374.8373 16.1675
v -3.414 374.8373 17.1633
v 0 374.8373 17.4996
v 3.414 374.8373 17.1633
v 6.6968 374.8373 16.1675
v 9.7223 374.8373 14.5503
v 12.3741 374.8373 12.374
v 14.5504 374.8373 9.7222
v 16.1675 374.8373 6.6968
v 17.1633 374.8373 3.414
v 17.4996 374.8373 -0
v 17.1633 374.8373 -3.414
v 16.1675 374.8373 -6.6968
v 14.5503 374.8373 -9.7223
v 12.374 374.8373 -12.3741
v 9.7222 374.8373 -14.5504
v 6.6968 374.8373 -16.1675
v 3.414 374.8373 -17.1633
v -0 370.6115 -25.4054
v -4.9564 370.6115 -24.9173
v -9.7222 370.6115 -23.4716
v -14.1145 370.6115 -21.1238
v -17.9643 370.6115 -17.9643
v -21.1238 370.6115 -14.1145
v -23.4716 370.6115 -9.7222
v -24.9173 370.6115 -4.9563
v -25.4054 370.6115 0
v -24.9173 370.6115 4.9564
v -23.4715 370.6115 9.7222
v -21.1238 370.6115 14.1145
v -17.9643 370.6115 17.9644
v -14.1145 370.6115 21.1238
v -9.7222 370.6115 23.4716
v -4.9563 370.6115 24.9173
v 0 370.6115 25.4054
v 4.9564 370.6115 24.9173
v 9.7223 370.6115 23.4715
v 14.1145 370.6115 21.1238
v 17.9644 370.6115 17.9643
v 21.1239 370.6115 14.1145
v 23.4716 370.6115 9.7222
v 24.9173 370.6115 4.9563
v 25.4054 370.6115 -0
v 24.9173 370.6115 -4.9564
v 23.4715 370.6115 -9.7223
v 21.1238 370.6115 -14.1145
v 17.9643 370.6115 -17.9644
v 14.1145 370.6115 -21.1239
v 9.7222 370.6115 -23.4716
v 4.9563 370.6115 -24.9173
v -0 364.9246 -32.335
v -6.3082 364.9246 -31.7137
v -12.3741 364.9246 -29.8736
v -17.9643 364.9246 -26.8855
v -22.8643 364.9246 -22.8643
v -26.8855 364.9246 -17.9643
v -29.8736 364.9246 -12.3741
v -31.7137 364.9246 -6.3082
v -32.335 364.9246 0
v -31.7137 364.9246 6.3083
v -29.8736 364.9246 12.3741
v -26.8855 364.9246 17.9644
v -22.8643 364.9246 22.8643
v -17.9643 364.9246 26.8856
v -12.374 364.9246 29.8736
v -6.3082 364.9246 31.7137
v 0 364.9246 32.335
v 6.3083 364.9246 31.7137
v 12.3741 364.9246 29.8736
v 17.9644 364.9246 26.8855
v 22.8643 364.9246 22.8642
v 26.8856 364.9246 17.9643
v 29.8736 364.9246 12.374
v 31.7137 364.9246 6.3082
v 32.335 364.9246 -0.0001
v 31.7137 364.9246 -6.3083
v 29.8736 364.9246 -12.3741
v 26.8855 364.9246 -17.9644
v 22.8642 364.9246 -22.8643
v 17.9643 364.9246 -26.8856
v 12.374 364.9246 -29.8736
v 6.3082 364.9246 -31.7137
v -0 357.995 -38.0219
v -7.4177 357.995 -37.2913
v -14.5504 357.995 -35.1277
v -21.1238 357.995 -31.6141
v -26.8855 357.995 -26.8855
v -31.6141 357.995 -21.1238
v -35.1277 357.995 -14.5503
v -37.2913 357.995 -7.4177
v -38.0219 357.995 0
v -37.2913 357.995 7.4177
v -35.1277 357.995 14.5504
v -31.614 357.995 21.1239
v -26.8855 357.995 26.8856
v -21.1238 357.995 31.6141
v -14.5503 357.995 35.1277
v -7.4177 357.995 37.2913
v 0 357.995 38.0219
v 7.4177 357.995 37.2913
v 14.5504 357.995 35.1276
v 21.1239 357.995 31.614
v 26.8856 357.995 26.8855
v 31.6141 357.995 21.1238
v 35.1277 357.995 14.5503
v 37.2913 357.995 7.4176
v 38.0219 357.995 -0.0001
v 37.2913 357.995 -7.4178
v 35.1276 357.995 -14.5504
v 31.614 357.995 -21.1239
v 26.8855 357.995 -26.8856
v 21.1238 357.995 -31.6141
v 14.5503 357.995 -35.1277
v 7.4176 357.995 -37.2913
v -0 350.0892 -42.2477
v -8.2421 350.0892 -41.4359
v -16.1675 350.0892 -39.0318
v -23.4715 350.0892 -35.1277
v -29.8736 350.0892 -29.8736
v -35.1277 350.0892 -23.4715
v -39.0318 350.0892 -16.1675
v -41.4359 350.0892 -8.2421
v -42.2477 350.0892 0
v -41.4359 350.0892 8.2421
v -39.0318 350.0892 16.1675
v -35.1276 350.0892 23.4716
v -29.8736 350.0892 29.8736
v -23.4715 350.0892 35.1277
v -16.1675 350.0892 39.0318
v -8.2421 350.0892 41.4359
v 0 350.0892 42.2477
v 8.2422 350.0892 41.4359
v 16.1675 350.0892 39.0317
v 23.4716 350.0892 35.1276
v 29.8737 350.0892 29.8736
v 35.1277 350.0892 23.4715
v 39.0318 350.0892 16.1674
v 41.4359 350.0892 8.242
v 42.2477 350.0892 -0.0001
v 41.4359 350.0892 -8.2422
v 39.0317 350.0892 -16.1676
v 35.1276 350.0892 -23.4716
v 29.8736 350.0892 -29.8737
v 23.4715 350.0892 -35.1277
v 16.1674 350.0892 -39.0318
v 8.242 350.0892 -41.4359
v -0 341.5108 -44.8499
v -8.7498 341.5108 -43.9881
v -17.1633 341.5108 -41.4359
v -24.9173 341.5108 -37.2913
v -31.7137 341.5108 -31.7137
v -37.2913 341.5108 -24.9173
v -41.4359 341.5108 -17.1633
v -43.9881 341.5108 -8.7498
v -44.8499 341.5108 0
v -43.9881 341.5108 8.7498
v -41.4359 341.5108 17.1633
v -37.2913 341.5108 24.9173
v -31.7136 341.5108 31.7137
v -24.9172 341.5108 37.2913
v -17.1633 341.5108 41.4359
v -8.7497 341.5108 43.9881
v 0 341.5108 44.8499
v 8.7498 341.5108 43.9881
v 17.1634 341.5108 41.4359
v 24.9173 341.5108 37.2913
v 31.7137 341.5108 31.7136
v 37.2914 341.5108 24.9172
v 41.4359 341.5108 17.1632
v 43.9881 341.5108 8.7497
v 44.8499 341.5108 -0.0001
v 43.9881 341.5108 -8.7499
v 41.4359 341.5108 -17.1634
v 37.2913 341.5108 -24.9173
v 31.7136 341.5108 -31.7137
v 24.9172 341.5108 -37.2914
v 17.1632 341.5108 -41.4359
v 8.7497 341.5108 -43.9881
v -0 332.5896 -45.7286
v -8.9212 332.5896 -44.8499
v -17.4996 332.5896 -42.2477
v -25.4054 332.5896 -38.0219
v -32.335 332.5896 -32.335
v -38.0219 332.5896 -25.4054
v -42.2477 332.5896 -17.4996
v -44.8499 332.5896 -8.9212
v -45.7286 332.5896 0
v -44.8499 332.5896 8.9212
v -42.2477 332.5896 17.4996
v -38.0219 332.5896 25.4054
v -32.3349 332.5896 32.335
v -25.4054 332.5896 38.0219
v -17.4995 332.5896 42.2477
v -8.9212 332.5896 44.8499
v 0 332.5896 45.7286
v 8.9212 332.5896 44.8499
v 17.4996 332.5896 42.2477
v 25.4055 332.5896 38.0219
v 32.335 332.5896 32.3349
v 38.0219 332.5896 25.4054
v 42.2477 332.5896 17.4995
v 44.8499 332.5896 8.9211
v 45.7286 332.5896 -0.0001
v 44.8499 332.5896 -8.9213
v 42.2476 332.5896 -17.4996
v 38.0219 332.5896 -25.4055
v 32.3349 332.5896 -32.335
v 25.4053 332.5896 -38.022
v 17.4995 332.5896 -42.2477
v 8.9211 332.5896 -44.8499
v -0 323.6684 -44.8499
v -8.7498 323.6684 -43.9881
v -17.1633 323.6684 -41.4359
v -24.9173 323.6684 -37.2913
v -31.7137 323.6684 -31.7137
v -37.2913 323.6684 -24.9173
v -41.4359 323.6684 -17.1633
v -43.9881 323.6684 -8.7498
v -44.8499 323.6684 0
v -43.9881 323.6684 8.7498
v -41.4359 323.6684 17.1633
v -37.2913 323.6684 24.9173
v -31.7136 323.6684 31.7137
v -24.9172 323.6684 37.2913
v -17.1633 323.6684 41.4359
v -8.7497 323.6684 43.9881
v 0 323.6684 44.8499
v 8.7498 323.6684 43.9881
v 17.1634 323.6684 41.4359
v 24.9173 323.6684 37.2913
v 31.7137 323.6684 31.7136
v 37.2914 323.6684 24.9172
v 41.4359 323.6684 17.1632
v 43.9881 323.6684 8.7497
v 44.8499 323.6684 -0.0001
v 43.9881 323.6684 -8.7499
v 41.4359 323.6684 -17.1634
v 37.2913 323.6684 -24.9173
v 31.7136 323.6684 -31.7137
v 24.9172 323.6684 -37.2914
v 17.1632 323.6684 -41.4359
v 8.7497 323.6684 -43.9881
v -0 315.0901 -42.2477
v -8.2421 315.0901 -41.4359
v -16.1675 315.0901 -39.0318
v -23.4715 315.0901 -35.1277
v -29.8736 315.0901 -29.8736
v -35.1277 315.0901 -23.4715
v -39.0318 315.0901 -16.1675
v -41.4359 315.0901 -8.2421
v -42.2477 315.0901 0
v -41.4359 315.0901 8.2421
v -39.0318 315.0901 16.1675
v -35.1276 315.0901 23.4716
v -29.8736 315.0901 29.8736
v -23.4715 315.0901 35.1277
v -16.1675 315.0901 39.0318
v -8.2421 315.0901 41.4359
v 0 315.0901 42.2477
v 8.2422 315.0901 41.4359
v 16.1675 315.0901 39.0317
v 23.4716 315.0901 35.1276
v 29.8737 315.0901 29.8736
v 35.1277 315.0901 23.4715
v 39.0318 315.0901 16.1674
v 41.4359 315.0901 8.242
v 42.2477 315.0901 -0.0001
v 41.4359 315.0901 -8.2422
v 39.0317 315.0901 -16.1676
v 35.1276 315.0901 -23.4716
v 29.8736 315.0901 -29.8737
v 23.4715 315.0901 -35.1277
v 16.1674 315.0901 -39.0318
v 8.242 315.0901 -41.4359
v -0 307.1842 -38.0219
v -7.4177 307.1842 -37.2913
v -14.5504 307.1842 -35.1277
v -21.1238 307.1842 -31.6141
v -26.8855 307.1842 -26.8855
v -31.6141 307.1842 -21.1238
v -35.1277 307.1842 -14.5503
v -37.2913 307.1842 -7.4177
v -38.0219 307.1842 0
v -37.2913 307.1842 7.4177
v -35.1277 307.1842 14.5504
v -31.614 307.1842 21.1239
v -26.8855 307.1842 26.8856
v -21.1238 307.1842 31.6141
v -14.5503 307.1842 35.1277
v -7.4177 307.1842 37.2913
v 0 307.1842 38.0219
v 7.4177 307.1842 37.2913
v 14.5504 307.1842 35.1276
v 21.1239 307.1842 31.614
v 26.8856 307.1842 26.8855
v 31.6141 307.1842 21.1238
v 35.1277 307.1842 14.5503
v 37.2913 307.1842 7.4176
v 38.0219 307.1842 -0.0001
v 37.2913 307.1842 -7.4178
v 35.1276 307.1842 -14.5504
v 31.614 307.1842 -21.1239
v 26.8855 307.1842 -26.8856
v 21.1238 307.1842 -31.6141
v 14.5503 307.1842 -35.1277
v 7.4176 307.1842 -37.2913
v -0 300.2546 -32.335
v -6.3082 300.2546 -31.7137
v -12.3741 300.2546 -29.8736
v -17.9643 300.2546 -26.8855
v -22.8643 300.2546 -22.8643
v -26.8855 300.2546 -17.9643
v -29.8736 300.2546 -12.3741
v -31.7137 300.2546 -6.3082
v -32.335 300.2546 0
v -31.7137 300.2546 6.3083
v -29.8736 300.2546 12.3741
v -26.8855 300.2546 17.9644
v -22.8643 300.2546 22.8643
v -17.9643 300.2546 26.8856
v -12.374 300.2546 29.8736
v -6.3082 300.2546 31.7137
v 0 300.2546 32.335
v 6.3083 300.2546 31.7137
v 12.3741 300.2546 29.8736
v 17.9644 300.2546 26.8855
v 22.8643 300.2546 22.8642
v 26.8856 300.2546 17.9643
v 29.8736 300.2546 12.374
v 31.7137 300.2546 6.3082
v 32.335 300.2546 -0.0001
v 31.7137 300.2546 -6.3083
v 29.8736 300.2546 -12.3741
v 26.8855 300.2546 -17.9644
v 22.8642 300.2546 -22.8643
v 17.9643 300.2546 -26.8856
v 12.374 300.2546 -29.8736
v 6.3082 300.2546 -31.7137
v -0 294.5677 -25.4054
v -4.9564 294.5677 -24.9173
v -9.7222 294.5677 -23.4715
v -14.1145 294.5677 -21.1238
v -17.9643 294.5677 -17.9643
v -21.1238 294.5677 -14.1145
v -23.4716 294.5677 -9.7222
v -24.9173 294.5677 -4.9563
v -25.4054 294.5677 0
v -24.9173 294.5677 4.9564
v -23.4715 294.5677 9.7222
v -21.1238 294.5677 14.1145
v -17.9643 294.5677 17.9644
v -14.1145 294.5677 21.1238
v -9.7222 294.5677 23.4716
v -4.9563 294.5677 24.9173
v 0 294.5677 25.4054
v 4.9564 294.5677 24.9173
v 9.7223 294.5677 23.4715
v 14.1145 294.5677 21.1238
v 17.9644 294.5677 17.9643
v 21.1239 294.5677 14.1145
v 23.4716 294.5677 9.7222
v 24.9173 294.5677 4.9563
v 25.4054 294.5677 -0
v 24.9173 294.5677 -4.9564
v 23.4715 294.5677 -9.7223
v 21.1238 294.5677 -14.1145
v 17.9643 294.5677 -17.9644
v 14.1145 294.5677 -21.1239
v 9.7222 294.5677 -23.4716
v 4.9563 294.5677 -24.9173
v -0 290.3419 -17.4996
v -3.414 290.3419 -17.1633
v -6.6968 290.3419 -16.1675
v -9.7222 290.3419 -14.5503
v -12.3741 290.3419 -12.3741
v -14.5503 290.3419 -9.7222
v -16.1675 290.3419 -6.6968
v -17.1633 290.3419 -3.414
v -17.4996 290.3419 0
v -17.1633 290.3419 3.414
v -16.1675 290.3419 6.6968
v -14.5503 290.3419 9.7222
v -12.374 290.3419 12.3741
v -9.7222 290.3419 14.5504
v -6.6968 290.3419 16.1675
v -3.414 290.3419 17.1633
v 0 290.3419 17.4996
v 3.414 290.3419 17.1633
v 6.6968 290.3419 16.1675
v 9.7222 290.3419 14.5503
v 12.3741 290.3419 12.374
v 14.5504 290.3419 9.7222
v 16.1675 290.3419 6.6968
v 17.1633 290.3419 3.414
v 17.4996 290.3419 -0
v 17.1633 290.3419 -3.414
v 16.1675 290.3419 -6.6968
v 14.5503 290.3419 -9.7223
v 12.374 290.3419 -12.3741
v 9.7222 290.3419 -14.5504
v 6.6968 290.3419 -16.1675
v 3.414 290.3419 -17.1633
v -0 287.7397 -8.9212
v -1.7404 287.7397 -8.7498
v -3.414 287.7397 -8.2421
v -4.9563 287.7397 -7.4177
v -6.3082 287.7397 -6.3082
v -7.4177 287.7397 -4.9563
v -8.2421 287.7397 -3.414
v -8.7498 287.7397 -1.7404
v -8.9212 287.7397 0
v -8.7498 287.7397 1.7404
v -8.2421 287.7397 3.414
v -7.4177 287.7397 4.9564
v -6.3082 287.7397 6.3082
v -4.9563 287.7397 7.4177
v -3.414 287.7397 8.2421
v -1.7404 287.7397 8.7498
v 0 287.7397 8.9212
v 1.7404 287.7397 8.7498
v 3.414 287.7397 8.2421
v 4.9564 287.7397 7.4177
v 6.3082 287.7397 6.3082
v 7.4177 287.7397 4.9563
v 8.2421 287.7397 3.414
v 8.7498 287.7397 1.7404
v 8.9212 287.7397 -0
v 8.7498 287.7397 -1.7405
v 8.2421 287.7397 -3.414
v 7.4177 287.7397 -4.9564
v 6.3082 287.7397 -6.3082
v 4.9563 287.7397 -7.4177
v 3.414 287.7397 -8.2421
v 1.7404 287.7397 -8.7498
v 0 286.8611 -0
v -25.2922 34.8188 25.2922
v 25.2922 34.8188 25.2922
v 25.2922 34.8188 -25.2922
v -25.2922 34.8188 -25.2922
v -48.3728 -2.5402 48.3728
v 48.3728 -2.5402 48.3728
v 46.0321 22.3018 46.0321
v -46.0321 22.3018 46.0321
v 48.3728 -2.5402 -48.3728
v 46.0321 22.3018 -46.0322
v -48.3728 -2.5402 -48.3728
v -46.0321 22.3018 -46.0322
v 26.5585 27.4413 26.5585
v -26.5585 27.4413 26.5585
v 26.5585 27.4413 -26.5585
v -26.5585 27.4413 -26.5585
v 30.0067 30.2458 30.0067
v -30.0067 30.2458 30.0067
v 30.0067 30.2458 -30.0067
v -30.0067 30.2458 -30.0067
v 29.2234 32.4038 29.2234
v -29.2235 32.4038 29.2234
v 29.2235 32.4038 -29.2235
v -29.2235 32.4038 -29.2235
#end vertices

#begin 1034 textures vertices 
vt 0.8708757 0.3548736 0
vt 0.8765747 0.4416943 0
vt 0.8181698 0.4525993 0
vt 0.8214193 0.3893862 0
vt 0.993108 0.3785496 0
vt 0.9292475 0.5330158 0
vt 0.9155546 0.511011 0
vt 0.9676908 0.3700687 0
vt 0.7427075 0.5330158 0
vt 0.7628914 0.5136316 0
vt 0.7447932 0.3882748 0
vt 0.7649324 0.3870349 0
vt 0.8939504 0.4749568 0
vt 0.9235261 0.3830184 0
vt 0.7963833 0.4813956 0
vt 0.7877943 0.390128 0
vt 0.8880184 0.4602971 0
vt 0.9023448 0.362394 0
vt 0.8047463 0.4699186 0
vt 0.8026273 0.3866046 0
vt 0.8826113 0.4506047 0
vt 0.8862224 0.3552779 0
vt 0.8112507 0.461345 0
vt 0.8127114 0.3870507 0
vt 0.2664952 0.9080406 0
vt 0.2745084 0.9307949 0
vt 0.2465164 0.9520399 0
vt 0.234773 0.9295244 0
vt 0.2971673 0.8879633 0
vt 0.3043388 0.9130833 0
vt 0.3334167 0.8875516 0
vt 0.3377846 0.9119151 0
vt 0.2760335 0.9347339 0
vt 0.2896484 0.9660615 0
vt 0.3721043 0.9512039 0
vt 0.2507635 0.9536868 0
vt 0.2355887 0.9238478 0
vt 0.225911 0.894908 0
vt 0.2567644 0.8751862 0
vt 0.265802 0.9045991 0
vt 0.305422 0.9180862 0
vt 0.315075 0.9523465 0
vt 0.2849881 0.8555812 0
vt 0.296403 0.8854575 0
vt 0.3386183 0.9159848 0
vt 0.3440834 0.9498265 0
vt 0.3216265 0.8536523 0
vt 0.3321603 0.8841415 0
vt 0.5483304 0.9095689 0
vt 0.5232114 0.9167406 0
vt 0.5054969 0.8869117 0
vt 0.5282505 0.878896 0
vt 0.5487405 0.9458198 0
vt 0.5243778 0.9501879 0
vt 0.5466529 0.9830434 0
vt 0.5210359 0.9858088 0
vt 0.5182086 0.9178245 0
vt 0.4839495 0.927478 0
vt 0.4702323 0.9020574 0
vt 0.5015581 0.8884375 0
vt 0.5316922 0.878203 0
vt 0.5611052 0.8691644 0
vt 0.5807123 0.8973904 0
vt 0.550836 0.9088046 0
vt 0.5203082 0.9510216 0
vt 0.4864671 0.9564839 0
vt 0.5826398 0.9340301 0
vt 0.5521506 0.9445635 0
vt 0.5174643 0.9830377 0
vt 0.4850861 0.9845044 0
vt 0.5413789 0.8383109 0
vt 0.5514087 0.9795635 0
vt 0.734316 0.8889107 0
vt 0.7370801 0.9145274 0
vt 0.7014608 0.9111872 0
vt 0.6970924 0.8868231 0
vt 0.6301703 0.9073098 0
vt 0.638183 0.9300638 0
vt 0.6608432 0.8872332 0
vt 0.6680143 0.9123529 0
vt 0.7343106 0.9180992 0
vt 0.7357775 0.9504785 0
vt 0.7077563 0.9490998 0
vt 0.7022945 0.9152571 0
vt 0.6958365 0.8834129 0
vt 0.6853024 0.8529234 0
vt 0.5895857 0.8941776 0
vt 0.7308364 0.8841547 0
vt 0.639708 0.9340028 0
vt 0.6533216 0.9653308 0
vt 0.6204397 0.8744558 0
vt 0.6294774 0.9038683 0
vt 0.6690977 0.9173558 0
vt 0.6787466 0.9516159 0
vt 0.6486637 0.854851 0
vt 0.660079 0.8847274 0
vt 0.1772643 0.8875521 0
vt 0.1816324 0.9119154 0
vt 0.1481856 0.9130809 0
vt 0.1410137 0.8879608 0
vt 0.2144872 0.8896386 0
vt 0.2172518 0.915255 0
vt 0.1103416 0.908039 0
vt 0.1183554 0.9307929 0
vt 0.1824665 0.9159852 0
vt 0.1879281 0.9498268 0
vt 0.15892 0.9523433 0
vt 0.1492693 0.9180834 0
vt 0.1402499 0.885455 0
vt 0.1288361 0.8555783 0
vt 0.1654752 0.8536523 0
vt 0.1760082 0.8841421 0
vt 0.2144826 0.918827 0
vt 0.2159504 0.9512069 0
vt 0.06975688 0.8949083 0
vt 0.2110074 0.8848831 0
vt 0.1198806 0.9347318 0
vt 0.1334965 0.9660591 0
vt 0.1006101 0.8751843 0
vt 0.1096487 0.9045974 0
vt 0.6838235 0.3978892 0
vt 0.5580399 0.5311102 0
vt 0.5243727 0.3554283 0
vt 0.5683926 0.5122876 0
vt 0.7265794 0.3887866 0
vt 0.7263384 0.5193862 0
vt 0.5651996 0.3719585 0
vt 0.5919113 0.4787157 0
vt 0.7039597 0.3920645 0
vt 0.6955523 0.4880079 0
vt 0.5861182 0.3485646 0
vt 0.5962384 0.4673839 0
vt 0.6949688 0.3934673 0
vt 0.6868612 0.4816547 0
vt 0.5971315 0.3420178 0
vt 0.5998916 0.4612335 0
vt 0.6896772 0.3958693 0
vt 0.6819279 0.4762368 0
vt 0.5587432 0.739986 0
vt 0.6120545 0.7115612 0
vt 0.6409161 0.7497504 0
vt 0.6030091 0.7782939 0
vt 0.5344761 0.6539388 0
vt 0.6524013 0.6457494 0
vt 0.6409275 0.6655515 0
vt 0.5359406 0.6780094 0
vt 0.712579 0.7579329 0
vt 0.6905597 0.7559077 0
vt 0.6294634 0.8506155 0
vt 0.6211776 0.8290184 0
vt 0.6260707 0.6901243 0
vt 0.5580848 0.7007008 0
vt 0.6633491 0.75156 0
vt 0.6136238 0.8024771 0
vt 0.6186743 0.6994562 0
vt 0.5525621 0.7217266 0
vt 0.6535924 0.7510249 0
vt 0.6073661 0.791491 0
vt 0.6149183 0.7057752 0
vt 0.5538176 0.7329967 0
vt 0.6469482 0.750511 0
vt 0.6045198 0.7845387 0
vt 0.9369615 0.1247683 0
vt 0.9394076 0.07375383 0
vt 0.9610648 0.07308757 0
vt 0.9595397 0.1266268 0
vt 0.9153035 0.1239498 0
vt 0.9182205 0.07316686 0
vt 0.8936864 0.1225808 0
vt 0.8971025 0.07162984 0
vt 0.9390175 0.06726992 0
vt 0.9397535 0.004948432 0
vt 0.8839523 0.00195312 0
vt 0.9586208 0.06647275 0
vt 0.9564814 0.1327841 0
vt 0.9536183 0.1934043 0
vt 0.9330425 0.1928784 0
vt 0.9359794 0.1310481 0
vt 0.9186195 0.06679674 0
vt 0.9211034 0.004719767 0
vt 0.9125148 0.1925177 0
vt 0.9149054 0.13028 0
vt 0.8982044 0.06535177 0
vt 0.9025056 0.003591512 0
vt 0.8919418 0.1914625 0
vt 0.8939326 0.1290608 0
vt 0.8389713 0.8118786 0
vt 0.7881882 0.8089617 0
vt 0.7887752 0.7877748 0
vt 0.8397897 0.7902206 0
vt 0.8376022 0.8334958 0
vt 0.7866514 0.8300797 0
vt 0.8370538 0.855589 0
vt 0.7836457 0.8520762 0
vt 0.7818184 0.8085629 0
vt 0.7197412 0.806079 0
vt 0.7199698 0.7874286 0
vt 0.7822913 0.7881648 0
vt 0.8460694 0.7912027 0
vt 0.9079 0.7941391 0
vt 0.9075394 0.8146669 0
vt 0.8453014 0.8122767 0
vt 0.780373 0.8289779 0
vt 0.7186129 0.8246768 0
vt 0.906484 0.8352398 0
vt 0.8440822 0.8332495 0
vt 0.777611 0.8488099 0
vt 0.7169746 0.8432301 0
vt 0.9084256 0.7735633 0
vt 0.8437723 0.8533766 0
vt 0.09142438 0.7539002 0
vt 0.08791167 0.8073083 0
vt 0.06591519 0.8043027 0
vt 0.06933106 0.7533518 0
vt 0.02605596 0.7511645 0
vt 0.02361012 0.8021791 0
vt 0.04771391 0.7519829 0
vt 0.04479698 0.8027659 0
vt 0.08464541 0.813343 0
vt 0.07906549 0.8739795 0
vt 0.06051215 0.8723412 0
vt 0.06481346 0.8105809 0
vt 0.06908486 0.7468718 0
vt 0.07107493 0.6844698 0
vt 0.0093982 0.6825285 0
vt 0.08921196 0.7471817 0
vt 0.02400037 0.808663 0
vt 0.02326411 0.8709843 0
vt 0.02997429 0.6830542 0
vt 0.0270381 0.7448848 0
vt 0.04439838 0.8091355 0
vt 0.04191459 0.871213 0
vt 0.05050195 0.6834146 0
vt 0.04811207 0.7456527 0
vt 0.9306692 0.9220707 0
vt 0.934085 0.8711198 0
vt 0.955203 0.8726565 0
vt 0.9522864 0.9234397 0
vt 0.908576 0.9215224 0
vt 0.9120882 0.8681143 0
vt 0.9739443 0.9242578 0
vt 0.9763899 0.8732434 0
vt 0.9351867 0.8648416 0
vt 0.9394875 0.8030813 0
vt 0.9580853 0.8042094 0
vt 0.9556018 0.8662866 0
vt 0.9518881 0.9297698 0
vt 0.9494984 0.9920075 0
vt 0.9289255 0.9909525 0
vt 0.9309153 0.9285507 0
vt 0.9153544 0.8620796 0
vt 0.9209342 0.801443 0
vt 0.9906022 0.9928936 0
vt 0.9107885 0.9282409 0
vt 0.9759998 0.8667595 0
vt 0.9767358 0.8044381 0
vt 0.9700261 0.9923683 0
vt 0.972962 0.9305376 0
vt 0.9029841 0.6622047 0
vt 0.7385515 0.552617 0
vt 0.6762901 0.6440346 0
vt 0.8376056 0.7579329 0
vt 0.8277339 0.7372472 0
vt 0.7233394 0.7382569 0
vt 0.7507913 0.5841887 0
vt 0.7069143 0.6446995 0
vt 0.8149577 0.7100697 0
vt 0.7392886 0.7133534 0
vt 0.780334 0.591423 0
vt 0.7226344 0.6418931 0
vt 0.809831 0.6966267 0
vt 0.7454177 0.7020142 0
vt 0.7951172 0.6006172 0
vt 0.7329836 0.6418256 0
vt 0.8047534 0.6883128 0
vt 0.7502585 0.6935528 0
vt 0.9784183 0.5974801 0
vt 0.9795289 0.5738041 0
vt 0.9974668 0.5774214 0
vt 0.9974181 0.6025526 0
vt 0.9610385 0.5937385 0
vt 0.9623631 0.5690812 0
vt 0.9430229 0.5963055 0
vt 0.9447119 0.5727851 0
vt 0.9791734 0.570908 0
vt 0.9775062 0.5402848 0
vt 0.9327195 0.5419651 0
vt 0.9957494 0.5736683 0
vt 0.9954015 0.6053398 0
vt 0.9937241 0.6364676 0
vt 0.9769417 0.6343215 0
vt 0.978163 0.6009042 0
vt 0.9624398 0.5667682 0
vt 0.9627857 0.5368818 0
vt 0.9600336 0.6325038 0
vt 0.960742 0.5976788 0
vt 0.9453951 0.5699799 0
vt 0.9482801 0.5400177 0
vt 0.9433199 0.6336211 0
vt 0.9430892 0.5998499 0
vt 0.9075034 0.2429783 0
vt 0.9061776 0.2676349 0
vt 0.8890121 0.2629121 0
vt 0.8901234 0.2392363 0
vt 0.9255195 0.2404117 0
vt 0.9238291 0.2639321 0
vt 0.9440475 0.2366371 0
vt 0.9429973 0.2622176 0
vt 0.9061008 0.269948 0
vt 0.9057545 0.2998343 0
vt 0.8910346 0.2964316 0
vt 0.8893675 0.2658081 0
vt 0.8903788 0.235812 0
vt 0.8916005 0.2023951 0
vt 0.9085093 0.2042127 0
vt 0.9078 0.2390377 0
vt 0.9231455 0.266737 0
vt 0.9202592 0.2966986 0
vt 0.9252232 0.2030963 0
vt 0.9254535 0.2368674 0
vt 0.9406553 0.2656247 0
vt 0.9358193 0.2947529 0
vt 0.8748179 0.200249 0
vt 0.9422601 0.2335552 0
vt 0.1519433 0.4524656 0
vt 0.1529921 0.4268844 0
vt 0.1721606 0.4251698 0
vt 0.170471 0.4486899 0
vt 0.2058673 0.4498651 0
vt 0.2069779 0.4261893 0
vt 0.1884871 0.4461234 0
vt 0.1898122 0.4214666 0
vt 0.1553343 0.4234772 0
vt 0.1601703 0.3943486 0
vt 0.1757305 0.3924029 0
vt 0.1728441 0.4223646 0
vt 0.1705373 0.4522343 0
vt 0.170768 0.4860055 0
vt 0.2211728 0.4888524 0
vt 0.1537311 0.4555472 0
vt 0.2066222 0.4232933 0
vt 0.2049554 0.39267 0
vt 0.2043902 0.4867065 0
vt 0.2056119 0.4532894 0
vt 0.1898889 0.4191535 0
vt 0.1902353 0.3892675 0
vt 0.1874818 0.4848888 0
vt 0.1881904 0.4500637 0
vt 0.9265856 0.7018174 0
vt 0.9282734 0.6782973 0
vt 0.9459243 0.6745927 0
vt 0.9446013 0.6992495 0
vt 0.9080579 0.7055929 0
vt 0.9091055 0.6800136 0
vt 0.9619815 0.7029899 0
vt 0.9630903 0.6793135 0
vt 0.9289567 0.6754919 0
vt 0.931839 0.6455305 0
vt 0.9463433 0.6423932 0
vt 0.9460008 0.6722796 0
vt 0.9443049 0.7031902 0
vt 0.9435973 0.7380153 0
vt 0.9268828 0.7391323 0
vt 0.9266519 0.7053617 0
vt 0.911447 0.6766062 0
vt 0.9162791 0.647478 0
vt 0.9772896 0.7419767 0
vt 0.9098456 0.7086745 0
vt 0.9627343 0.6764175 0
vt 0.9610634 0.6457941 0
vt 0.9605067 0.739832 0
vt 0.9617265 0.7064143 0
vt 0.04146397 0.4128215 0
vt 0.07781392 0.4638622 0
vt 0.00195312 0.3917548 0
vt 0.07625942 0.3558796 0
vt 0.08208568 0.3616249 0
vt 0.007359656 0.3943351 0
vt 0.08786553 0.5061283 0
vt 0.08681945 0.5003291 0
vt 0.00195312 0.4817052 0
vt 0.006357258 0.4782322 0
vt 0.08326048 0.3829014 0
vt 0.02500856 0.404313 0
vt 0.08207133 0.4810471 0
vt 0.02233354 0.4659253 0
vt 0.09363391 0.3912131 0
vt 0.03032903 0.4061649 0
vt 0.08147961 0.4758585 0
vt 0.02613614 0.4628764 0
vt 0.09778034 0.3983645 0
vt 0.034902 0.4085966 0
vt 0.08020295 0.4709952 0
vt 0.03013504 0.4598014 0
vt 0.3000542 0.3623274 0
vt 0.3001588 0.3367612 0
vt 0.3069413 0.3369939 0
vt 0.3136561 0.3375624 0
vt 0.3202396 0.3384533 0
vt 0.3266341 0.339652 0
vt 0.3327886 0.3411448 0
vt 0.3386539 0.342925 0
vt 0.3441807 0.3449924 0
vt 0.3493138 0.3473551 0
vt 0.35399 0.3500276 0
vt 0.3581327 0.3530286 0
vt 0.3616491 0.3563755 0
vt 0.3644274 0.3600797 0
vt 0.3663396 0.3641387 0
vt 0.3672386 0.3685262 0
vt 0.3669668 0.373182 0
vt 0.3653659 0.3779978 0
vt 0.2340867 0.3727914 0
vt 0.2338322 0.3681728 0
vt 0.2346812 0.3637998 0
vt 0.2365029 0.3597324 0
vt 0.2391713 0.3560013 0
vt 0.2425732 0.3526175 0
vt 0.2466097 0.3495781 0
vt 0.2511948 0.3468744 0
vt 0.2562557 0.3444951 0
vt 0.2617293 0.3424317 0
vt 0.2675596 0.3406794 0
vt 0.2736942 0.3392397 0
vt 0.28008 0.3381189 0
vt 0.2866608 0.3373264 0
vt 0.293376 0.3368718 0
vt 0.2997788 0.3154087 0
vt 0.3099745 0.3156605 0
vt 0.3201291 0.3163013 0
vt 0.3301894 0.3173315 0
vt 0.3401036 0.3187556 0
vt 0.3498185 0.3205841 0
vt 0.3592794 0.3228356 0
vt 0.3684269 0.32554 0
vt 0.3771925 0.3287399 0
vt 0.385492 0.3324926 0
vt 0.3932206 0.3368697 0
vt 0.4002413 0.3419573 0
vt 0.4063763 0.3478511 0
vt 0.4113887 0.3546503 0
vt 0.4149694 0.3624399 0
vt 0.4167159 0.3712672 0
vt 0.4161162 0.3810957 0
vt 0.1860743 0.3714545 0
vt 0.1874379 0.3626726 0
vt 0.1906188 0.354832 0
vt 0.1952441 0.3479268 0
vt 0.20102 0.3419032 0
vt 0.2077184 0.3366869 0
vt 0.2151628 0.3321983 0
vt 0.2232159 0.3283616 0
vt 0.231771 0.3251108 0
vt 0.2407417 0.3223901 0
vt 0.2500574 0.3201556 0
vt 0.2596557 0.3183744 0
vt 0.2694806 0.3170226 0
vt 0.2794782 0.3160842 0
vt 0.2895954 0.3155486 0
vt 0.2993831 0.2947082 0
vt 0.311942 0.294956 0
vt 0.3244803 0.2955812 0
vt 0.3369617 0.2965882 0
vt 0.3493483 0.2979885 0
vt 0.3616023 0.2998025 0
vt 0.3736836 0.3020625 0
vt 0.3855472 0.3048148 0
vt 0.397141 0.3081238 0
vt 0.4084011 0.3120756 0
vt 0.4192434 0.3167842 0
vt 0.4295569 0.3223953 0
vt 0.4391861 0.3290936 0
vt 0.4479116 0.3371073 0
vt 0.4554193 0.346711 0
vt 0.4612498 0.3582201 0
vt 0.4647314 0.3719679 0
vt 0.1429802 0.3602943 0
vt 0.1478416 0.3485156 0
vt 0.1545273 0.3385365 0
vt 0.1625623 0.3301201 0
vt 0.1716114 0.3230406 0
vt 0.1814377 0.3170968 0
vt 0.1918704 0.3121179 0
vt 0.2027853 0.3079624 0
vt 0.2140898 0.3045156 0
vt 0.2257127 0.3016869 0
vt 0.237596 0.2994046 0
vt 0.2496921 0.2976142 0
vt 0.2619578 0.2962749 0
vt 0.2743537 0.2953569 0
vt 0.2868414 0.2948392 0
vt 0.2990096 0.2741447 0
vt 0.3132907 0.2743748 0
vt 0.3275669 0.2749349 0
vt 0.3418155 0.275829 0
vt 0.3560157 0.2770691 0
vt 0.3701458 0.2786774 0
vt 0.384184 0.2806872 0
vt 0.3981081 0.2831476 0
vt 0.4118917 0.2861269 0
vt 0.4255051 0.2897187 0
vt 0.4389089 0.2940499 0
vt 0.4520506 0.2992906 0
vt 0.4648541 0.3056694 0
vt 0.4772062 0.3134934 0
vt 0.4889291 0.3231753 0
vt 0.4997371 0.3352704 0
vt 0.5091527 0.3505241 0
vt 0.1049385 0.3400884 0
vt 0.1143217 0.3270749 0
vt 0.1249432 0.3164857 0
vt 0.1364315 0.3078359 0
vt 0.1485477 0.3007452 0
vt 0.161135 0.2949186 0
vt 0.1740866 0.2901263 0
vt 0.1873284 0.2861906 0
vt 0.2008059 0.2829736 0
vt 0.2144784 0.2803686 0
vt 0.2283129 0.2782933 0
vt 0.2422813 0.2766851 0
vt 0.2563585 0.2754964 0
vt 0.2705209 0.2746922 0
vt 0.2847455 0.2742472 0
vt 0.2986644 0.2535663 0
vt 0.31419 0.2537686 0
vt 0.3297201 0.2542311 0
vt 0.345245 0.2549559 0
vt 0.360757 0.2559516 0
vt 0.3762491 0.2572351 0
vt 0.3917166 0.2588343 0
vt 0.4071572 0.2607899 0
vt 0.4225716 0.26316 0
vt 0.4379638 0.2660259 0
vt 0.4533418 0.2695002 0
vt 0.4687185 0.2737393 0
vt 0.4841126 0.2789605 0
vt 0.4995485 0.28547 0
vt 0.515054 0.2937056 0
vt 0.5306499 0.3043041 0
vt 0.5463232 0.3182123 0
vt 0.07320421 0.3120844 0
vt 0.08724817 0.2997479 0
vt 0.1016149 0.2899986 0
vt 0.116194 0.2822129 0
vt 0.1309281 0.2759456 0
vt 0.1457861 0.270873 0
vt 0.1607497 0.2667563 0
vt 0.1758069 0.263416 0
vt 0.1909491 0.2607169 0
vt 0.2061686 0.2585558 0
vt 0.2214583 0.2568535 0
vt 0.2368103 0.25555 0
vt 0.2522163 0.2545995 0
vt 0.2676673 0.2539675 0
vt 0.2831535 0.253629 0
vt 0.2983448 0.2329317 0
vt 0.3147174 0.2330984 0
vt 0.3310994 0.233442 0
vt 0.3474901 0.2339607 0
vt 0.3638917 0.2346576 0
vt 0.3803081 0.2355417 0
vt 0.3967473 0.2366293 0
vt 0.4132233 0.2379463 0
vt 0.4297567 0.2395304 0
vt 0.4463788 0.2414368 0
vt 0.4631355 0.2437433 0
vt 0.4800943 0.2465614 0
vt 0.4973544 0.2500505 0
vt 0.5150641 0.2544428 0
vt 0.5334444 0.2600828 0
vt 0.55283 0.2674959 0
vt 0.5737292 0.2775086 0
vt 0.04900417 0.2778537 0
vt 0.06708844 0.2679264 0
vt 0.08454377 0.2602298 0
vt 0.1015743 0.2541745 0
vt 0.1183219 0.2493603 0
vt 0.1348841 0.245507 0
vt 0.1513281 0.2424129 0
vt 0.1677002 0.2399292 0
vt 0.1840322 0.237945 0
vt 0.2003459 0.2363757 0
vt 0.2166554 0.2351568 0
vt 0.23297 0.2342385 0
vt 0.2492949 0.2335828 0
vt 0.2656324 0.2331601 0
vt 0.2819828 0.2329486 0
vt 0.2980439 0.2122437 0
vt 0.3149095 0.2123688 0
vt 0.3317844 0.2125794 0
vt 0.3486744 0.2128693 0
vt 0.3655864 0.2132348 0
vt 0.3825314 0.2136753 0
vt 0.3995256 0.2141928 0
vt 0.4165913 0.214794 0
vt 0.4337619 0.215491 0
vt 0.4510847 0.2163038 0
vt 0.4686281 0.2172631 0
vt 0.486493 0.2184159 0
vt 0.5048284 0.2198328 0
vt 0.5238597 0.2216209 0
vt 0.5439341 0.223945 0
vt 0.5655977 0.2270652 0
vt 0.5897288 0.2314057 0
vt 0.03331214 0.2391566 0
vt 0.05423826 0.2329749 0
vt 0.07379724 0.2282239 0
vt 0.09245541 0.2245149 0
vt 0.110512 0.2215902 0
vt 0.1281631 0.2192718 0
vt 0.1455392 0.217432 0
vt 0.1627291 0.2159767 0
vt 0.1797931 0.214835 0
vt 0.1967734 0.2139524 0
vt 0.2136993 0.2132863 0
vt 0.2305913 0.2128032 0
vt 0.2474635 0.2124766 0
vt 0.2643255 0.2122853 0
vt 0.2811841 0.2122122 0
vt 0.297753 0.1915251 0
vt 0.3147786 0.1916046 0
vt 0.3318102 0.1916742 0
vt 0.3488545 0.1917239 0
vt 0.3659208 0.1917431 0
vt 0.3830217 0.1917203 0
vt 0.4001748 0.191643 0
vt 0.4174057 0.1914972 0
vt 0.4347498 0.1912672 0
vt 0.4522584 0.1909347 0
vt 0.4700049 0.1904784 0
vt 0.488097 0.1898729 0
vt 0.5066947 0.1890872 0
vt 0.5260398 0.1880814 0
vt 0.5465071 0.1868023 0
vt 0.5686893 0.1851732 0
vt 0.5935514 0.1830763 0
vt 0.0268152 0.1978739 0
vt 0.04899772 0.1962452 0
vt 0.06946517 0.1949664 0
vt 0.08881047 0.193961 0
vt 0.1074081 0.1931756 0
vt 0.1255004 0.1925704 0
vt 0.1432471 0.1921144 0
vt 0.1607557 0.1917821 0
vt 0.1781 0.1915523 0
vt 0.1953308 0.1914067 0
vt 0.2124842 0.1913296 0
vt 0.2295851 0.1913069 0
vt 0.2466517 0.1913262 0
vt 0.2636959 0.191376 0
vt 0.2807275 0.1914456 0
vt 0.297462 0.1708066 0
vt 0.314322 0.1708379 0
vt 0.3311805 0.1707648 0
vt 0.3480425 0.1705734 0
vt 0.3649145 0.1702467 0
vt 0.3818063 0.1697635 0
vt 0.3987322 0.1690972 0
vt 0.4157124 0.1682144 0
vt 0.4327763 0.1670725 0
vt 0.449966 0.1656169 0
vt 0.467342 0.1637768 0
vt 0.484993 0.1614581 0
vt 0.5030495 0.1585331 0
vt 0.5217073 0.1548237 0
vt 0.5412662 0.1500724 0
vt 0.5621921 0.1438902 0
vt 0.5852248 0.1356629 0
vt 0.02990754 0.1559823 0
vt 0.05157112 0.1591028 0
vt 0.07164554 0.1614272 0
vt 0.09067701 0.1632156 0
vt 0.1090125 0.1646328 0
vt 0.1268774 0.1657859 0
vt 0.1444209 0.1667455 0
vt 0.1617437 0.1675585 0
vt 0.1789144 0.1682557 0
vt 0.1959802 0.1688571 0
vt 0.2129743 0.1693747 0
vt 0.2299195 0.1698152 0
vt 0.2468317 0.1701809 0
vt 0.2637216 0.1704708 0
vt 0.2805966 0.1706814 0
vt 0.297161 0.1501187 0
vt 0.3135232 0.1501018 0
vt 0.3298735 0.1498901 0
vt 0.3462107 0.1494674 0
vt 0.3625356 0.1488115 0
vt 0.3788503 0.1478931 0
vt 0.3951597 0.1466741 0
vt 0.4114732 0.1451046 0
vt 0.4278051 0.1431201 0
vt 0.444177 0.1406362 0
vt 0.4606209 0.1375418 0
vt 0.477183 0.1336882 0
vt 0.4939302 0.1288737 0
vt 0.5109607 0.1228181 0
vt 0.5284157 0.1151214 0
vt 0.5464998 0.1051935 0
vt 0.5655027 0.09213331 0
vt 0.04267536 0.1155525 0
vt 0.06206086 0.1229655 0
vt 0.08044126 0.1286059 0
vt 0.09815084 0.1329986 0
vt 0.1154112 0.1364879 0
vt 0.13237 0.1393062 0
vt 0.1491268 0.1416129 0
vt 0.1657489 0.1435195 0
vt 0.1822824 0.1451038 0
vt 0.1987585 0.1464209 0
vt 0.2151978 0.1475086 0
vt 0.2316142 0.1483929 0
vt 0.2480157 0.1490898 0
vt 0.2644066 0.1496085 0
vt 0.2807886 0.1499521 0
vt 0.2968413 0.1294839 0
vt 0.3123523 0.1294211 0
vt 0.3278384 0.1290825 0
vt 0.3432892 0.1284504 0
vt 0.3586952 0.1274997 0
vt 0.3740472 0.1261962 0
vt 0.3893368 0.1244938 0
vt 0.404556 0.1223323 0
vt 0.4196981 0.1196331 0
vt 0.4347551 0.1162926 0
vt 0.4497185 0.1121756 0
vt 0.4645763 0.1071026 0
vt 0.4793102 0.100835 0
vt 0.493889 0.09304903 0
vt 0.5082555 0.08329947 0
vt 0.5222988 0.07096275 0
vt 0.5357997 0.05514842 0
vt 0.06485559 0.07874422 0
vt 0.08045174 0.08934297 0
vt 0.09595713 0.09757881 0
vt 0.111393 0.1040886 0
vt 0.126787 0.10931 0
vt 0.1421637 0.1135492 0
vt 0.1575418 0.1170238 0
vt 0.172934 0.1198899 0
vt 0.1883485 0.1222601 0
vt 0.2037892 0.1242158 0
vt 0.2192567 0.1258151 0
vt 0.2347488 0.1270988 0
vt 0.2502606 0.1280945 0
vt 0.2657857 0.1288192 0
vt 0.2813159 0.1292817 0
vt 0.2964958 0.1089055 0
vt 0.3107599 0.1088029 0
vt 0.3249846 0.1083577 0
vt 0.3391468 0.1075533 0
vt 0.353224 0.1063647 0
vt 0.3671922 0.1047562 0
vt 0.3810264 0.1026809 0
vt 0.394699 0.1000757 0
vt 0.4081763 0.09685848 0
vt 0.4214179 0.09292259 0
vt 0.4343693 0.08813004 0
vt 0.4469563 0.08230301 0
vt 0.4590723 0.07521233 0
vt 0.4705604 0.06656206 0
vt 0.4811813 0.05597257 0
vt 0.4905641 0.04295886 0
vt 0.4981174 0.02691231 0
vt 0.09576844 0.04777868 0
vt 0.1065763 0.05987388 0
vt 0.1182994 0.06955583 0
vt 0.1306514 0.07737989 0
vt 0.1434549 0.08375904 0
vt 0.1565966 0.08899976 0
vt 0.1700004 0.09333112 0
vt 0.1836138 0.09692315 0
vt 0.1973974 0.0999026 0
vt 0.2113213 0.1023631 0
vt 0.2253598 0.104373 0
vt 0.2394899 0.1059812 0
vt 0.25369 0.1072215 0
vt 0.2679388 0.1081154 0
vt 0.2822148 0.1086755 0
vt 0.296122 0.08834199 0
vt 0.3086639 0.08821085 0
vt 0.3211513 0.08769275 0
vt 0.3335472 0.08677479 0
vt 0.3458128 0.0854354 0
vt 0.3579086 0.08364506 0
vt 0.3697922 0.08136269 0
vt 0.3814147 0.07853363 0
vt 0.3927189 0.07508675 0
vt 0.4036339 0.07093111 0
vt 0.414066 0.06595178 0
vt 0.423892 0.06000783 0
vt 0.4329412 0.05292813 0
vt 0.4409756 0.04451189 0
vt 0.4476613 0.03453239 0
vt 0.452522 0.02275353 0
vt 0.4548838 0.008967402 0
vt 0.1342555 0.02482948 0
vt 0.1400862 0.03633854 0
vt 0.1475935 0.04594218 0
vt 0.1563192 0.0539562 0
vt 0.1659482 0.06065468 0
vt 0.1762616 0.06626589 0
vt 0.1871043 0.07097444 0
vt 0.1983641 0.07492633 0
vt 0.2099581 0.07823547 0
vt 0.2218219 0.08098778 0
vt 0.2339029 0.08324785 0
vt 0.246157 0.08506209 0
vt 0.2585436 0.08646237 0
vt 0.2710248 0.08746918 0
vt 0.2835634 0.08809428 0
vt 0.2957259 0.06764146 0
vt 0.3059092 0.06750147 0
vt 0.3160264 0.06696575 0
vt 0.326024 0.0660271 0
vt 0.335849 0.0646755 0
vt 0.345447 0.06289388 0
vt 0.3547624 0.06065951 0
vt 0.363733 0.05793865 0
vt 0.3722879 0.05468775 0
vt 0.3803409 0.050851 0
vt 0.3877851 0.04636223 0
vt 0.3944831 0.04114561 0
vt 0.4002592 0.03512188 0
vt 0.4048842 0.02821657 0
vt 0.4080646 0.02037621 0
vt 0.4094278 0.01159436 0
vt 0.4085139 0.00195312 0
vt 0.178789 0.01178257 0
vt 0.1805355 0.02060991 0
vt 0.1841166 0.02839957 0
vt 0.1891289 0.03519879 0
vt 0.1952634 0.04109289 0
vt 0.2022842 0.04618041 0
vt 0.2100128 0.05055758 0
vt 0.2183124 0.05431035 0
vt 0.2270779 0.05751032 0
vt 0.2362254 0.06021485 0
vt 0.2456867 0.06246637 0
vt 0.2554015 0.06429468 0
vt 0.2653154 0.06571879 0
vt 0.2753757 0.06674902 0
vt 0.2855302 0.06738974 0
vt 0.2953454 0.04628896 0
vt 0.3021282 0.0461783 0
vt 0.3088433 0.04572364 0
vt 0.315424 0.04493105 0
vt 0.3218099 0.04381 0
vt 0.3279444 0.04237022 0
vt 0.3337745 0.04061806 0
vt 0.3392482 0.03855451 0
vt 0.3443087 0.03617533 0
vt 0.3488937 0.0334716 0
vt 0.3529301 0.03043216 0
vt 0.3563323 0.02704816 0
vt 0.359 0.02331715 0
vt 0.3608213 0.01924958 0
vt 0.3616704 0.01487676 0
vt 0.3614158 0.01025819 0
vt 0.3599285 0.005492127 0
vt 0.2285376 0.009867973 0
vt 0.2282659 0.01452381 0
vt 0.2291646 0.01891158 0
vt 0.231077 0.02297041 0
vt 0.2338558 0.02667475 0
vt 0.2373717 0.03002158 0
vt 0.2415144 0.03302259 0
vt 0.2461906 0.03569516 0
vt 0.2513239 0.03805804 0
vt 0.2568504 0.04012532 0
vt 0.2627157 0.04190555 0
vt 0.2688702 0.04339832 0
vt 0.2752651 0.04459685 0
vt 0.2818482 0.04548786 0
vt 0.288563 0.04605632 0
vt 0.2954494 0.02072275 0
vt 0.2489627 0.5565121 0
vt 0.387155 0.5958931 0
vt 0.3756559 0.7132836 0
vt 0.2594613 0.6981891 0
vt 0.05537427 0.5644872 0
vt 0.546152 0.5369621 0
vt 0.4817822 0.5617872 0
vt 0.2590444 0.4346963 0
vt 0.4846859 0.8454656 0
vt 0.4383622 0.7937531 0
vt 0.1677877 0.8454656 0
vt 0.2028379 0.7829344 0
vt 0.4132269 0.586938 0
vt 0.2690509 0.5190898 0
vt 0.3920491 0.7341309 0
vt 0.2449975 0.722337 0
vt 0.4070661 0.5876734 0
vt 0.2508256 0.5290387 0
vt 0.3889318 0.7298425 0
vt 0.2472909 0.7161627 0
vt 0.4009981 0.5900368 0
vt 0.2481883 0.5372218 0
vt 0.3849928 0.7249398 0
vt 0.2507543 0.7106221 0
vt 0.6760894 0.4691494 0
vt 0.6051004 0.4543899 0
vt 0.6073161 0.3437435 0
vt 0.7552551 0.6854152 0
vt 0.7424003 0.643172 0
vt 0.7993835 0.6810206 0
vt 0.8031935 0.611792 0
vt 0.03644242 0.4550385 0
vt 0.09939714 0.4088619 0
vt 0.6587031 0.3176146 0
vt 0.5826398 0.972163 0
vt 0.6133338 0.3324028 0
vt 0.6946384 0.2788754 0
vt 0.625756 0.3247958 0
vt 0.8837518 0.6448966 0
vt 0.4826002 0.8631715 0
vt 0.727758 0.2764297 0
vt 0.5012354 0.3699934 0
vt 0.5124384 0.8479917 0
vt 0.7632959 0.2803966 0
vt 0.8053798 0.3168533 0
vt 0.8478053 0.7707005 0
vt 0.5226057 0.7966869 0
vt 0.6304827 0.98158 0
vt 0.8410966 0.3269648 0
vt 0.8592027 0.3393775 0
vt 0.841648 0.7676423 0
vt 0.004396844 0.80946 0
vt 0.3734042 0.9152545 0
vt 0.5486605 0.7566687 0
vt 0.3706399 0.8896388 0
vt 0.8751059 0.06862422 0
vt 0.07862062 0.9295244 0
vt 0.3671606 0.884883 0
vt 0.8715931 0.1220322 0
vt 0.09036454 0.9520396 0
vt 0.3597598 0.8536523 0
vt 0.2668091 0.9823112 0
vt 0.3706346 0.9188261 0
vt 0.5067612 0.8471768 0
vt 0.4842462 0.8589239 0
vt 0.4539782 0.8792229 0
vt 0.598448 0.9287934 0
vt 0.7139825 0.5409561 0
vt 0.6101906 0.9513087 0
vt 0.8490754 0.6459329 0
vt 0.5486214 0.779637 0
vt 0.5992634 0.9231169 0
vt 0.7234352 0.8529234 0
vt 0.9053723 0.8561073 0
vt 0.6144377 0.9529555 0
vt 0.07943577 0.9238477 0
vt 0.2036072 0.8536523 0
vt 0.09461177 0.9536862 0
vt 0.110659 0.9823098 0
vt 0.8170424 0.6141078 0
vt 0.5524968 0.7457554 0
vt 0.8727915 0.2630481 0
vt 0.7198241 0.7685616 0
vt 0.8315087 0.6232899 0
vt 0.7814941 0.7685616 0
vt 0.515618 0.8210851 0
vt 0.8738055 0.1287507 0
vt 0.9262831 0.6031633 0
vt 0.8710741 0.1903506 0
vt 0.9586208 0.004802719 0
vt 0.8783722 0.06258952 0
vt 0.7881089 0.7661175 0
vt 0.003477729 0.7493062 0
vt 0.00195312 0.8028452 0
vt 0.00653585 0.743149 0
vt 0.09194271 0.6855814 0
vt 0.004396844 0.87113 0
vt 0.9965225 0.9261162 0
vt 0.9809818 0.7080605 0
vt 0.9980469 0.8725772 0
vt 0.9934643 0.9322734 0
vt 0.9080579 0.989841 0
vt 0.9956031 0.8659623 0
vt 0.9956031 0.8042924 0
vt 0.9255438 0.5745014 0
vt 0.9244952 0.6000818 0
vt 0.9262831 0.6352003 0
vt 0.9935106 0.5431808 0
vt 0.927885 0.5710943 0
vt 0.8711236 0.2341637 0
vt 0.8710741 0.2592948 0
vt 0.9422601 0.2015177 0
vt 0.8731401 0.2313766 0
vt 0.8750305 0.293536 0
vt 0.2248671 0.4549374 0
vt 0.2249159 0.429806 0
vt 0.2228506 0.4577246 0
vt 0.1537311 0.4875843 0
vt 0.2231982 0.4260527 0
vt 0.2209595 0.3955655 0
vt 0.9810286 0.6829287 0
vt 0.9789655 0.710848 0
vt 0.9098456 0.740711 0
vt 0.9793105 0.6791751 0
vt 0.9770677 0.6486875 0
vt 0.1383001 0.4394336 0
vt 0.1187787 0.4315048 0
vt 0.1143783 0.4195112 0
vt 0.1088514 0.4135598 0
vt 0.129933 0.5390965 0
vt 0.2081713 0.5692958 0
vt 0.2220657 0.55297 0
vt 0.2305078 0.5518185 0
vt 0.2355738 0.3775576 0
vt 0.140618 0.3740806 0
vt 0.1869878 0.3810957 0
vt 0.0973847 0.356135 0
vt 0.04918237 0.06483578 0
vt 0.005776167 0.1516414 0
vt 0.05970287 0.3278985 0
vt 0.01027905 0.2473836 0
vt 0.08635292 0.03252456 0
vt 0.02177595 0.1055393 0
vt 0.03000075 0.2909137 0
vt 0.00195312 0.1999704 0
vt 0.1793888 0.00195398 0
vt 0.2301385 0.005052228 0
vt 0.130774 0.01108133 0
vt 0.6019137 0.262824 0
vt 0.3003761 0.3728677 0
vt 0.5546565 0.5400033 0
vt 0.6019137 0.00195312 0
vt 0.5546565 0.603738 0
vt 0.8627846 0.00195312 0
vt 0.6183912 0.603738 0
vt 0.8627846 0.262824 0
vt 0.1418856 0.4465198 0
vt 0.6183912 0.5400033 0
#end 1034 textures vertices 

#begin 914 normals 
vn -0.3955 0.829 0.3955
vn 0.3955 0.829 0.3955
vn 0.3955 0.829 -0.3955
vn -0.3955 0.829 -0.3955
vn -0.6946 0.1876 0.6946
vn 0.6946 0.1876 0.6946
vn 0.5869 0.5578 0.5869
vn -0.5869 0.5578 0.5869
vn 0.6946 0.1876 -0.6946
vn 0.5869 0.5578 -0.5869
vn -0.6946 0.1876 -0.6946
vn -0.5869 0.5578 -0.5869
vn 0.5529 0.6234 0.5529
vn -0.5529 0.6234 0.5529
vn 0.5529 0.6234 -0.5529
vn -0.5529 0.6234 -0.5529
vn 0.7012 -0.1286 0.7012
vn -0.7012 -0.1286 0.7012
vn 0.7012 -0.1286 -0.7012
vn -0.7012 -0.1286 -0.7012
vn 0.6639 0.3443 0.6639
vn -0.6639 0.3443 0.6639
vn 0.6639 0.3443 -0.6639
vn -0.6639 0.3443 -0.6639
vn 0.6767 -0.3429 0.6515
vn 0.6272 0.3966 0.6703
vn -0.6619 0.3518 0.6619
vn -0.6477 -0.4012 0.6477
vn 0.6733 -0.3054 -0.6733
vn 0.6171 0.4882 -0.6171
vn -0.6515 -0.3429 -0.6767
vn -0.6703 0.3966 -0.6272
vn 0.6191 0.546 0.5644
vn 0.6259 0.0481 0.7785
vn -0.7043 -0.0894 0.7043
vn -0.6231 0.4727 0.6231
vn -0.5513 -0.6262 0.5513
vn -0.6982 -0.1584 0.6982
vn 0.8132 0.1518 0.5619
vn 0.5229 -0.5488 0.6523
vn 0.557 0.616 -0.557
vn 0.6902 0.2172 -0.6902
vn 0.6609 0.3554 -0.6609
vn 0.651 -0.3902 -0.6511
vn -0.5645 0.546 -0.6191
vn -0.7785 0.0481 -0.6259
vn -0.5619 0.1518 -0.8132
vn -0.6523 -0.5488 -0.5229
vn 0.6733 -0.3054 0.6733
vn 0.6171 0.4882 0.6171
vn -0.6703 0.3965 0.6272
vn -0.6515 -0.3429 0.6767
vn 0.6767 -0.3429 -0.6515
vn 0.6272 0.3965 -0.6703
vn -0.6477 -0.4012 -0.6477
vn -0.6619 0.3518 -0.6619
vn 0.557 0.616 0.557
vn 0.6902 0.2172 0.6902
vn -0.7785 0.0481 0.6259
vn -0.5645 0.546 0.6191
vn -0.6523 -0.5488 0.5229
vn -0.5619 0.1518 0.8132
vn 0.6609 0.3554 0.6609
vn 0.6511 -0.3902 0.651
vn 0.6191 0.546 -0.5645
vn 0.6259 0.0481 -0.7785
vn 0.8132 0.1518 -0.5619
vn 0.5229 -0.5488 -0.6523
vn -0.6231 0.4727 -0.6231
vn -0.7043 -0.0894 -0.7043
vn -0.6982 -0.1584 -0.6982
vn -0.5513 -0.6262 -0.5513
vn 0.6477 -0.4012 0.6477
vn 0.6619 0.3518 0.6619
vn -0.6272 0.3966 0.6703
vn -0.6767 -0.3429 0.6515
vn 0.6515 -0.3429 -0.6767
vn 0.6703 0.3966 -0.6272
vn -0.6733 -0.3054 -0.6733
vn -0.6171 0.4882 -0.6171
vn 0.6231 0.4727 0.6231
vn 0.7043 -0.0894 0.7043
vn -0.6259 0.0481 0.7785
vn -0.6191 0.546 0.5645
vn -0.5229 -0.5488 0.6523
vn -0.8132 0.1518 0.5619
vn 0.6982 -0.1584 0.6982
vn 0.5513 -0.6262 0.5513
vn 0.5644 0.546 -0.6191
vn 0.7785 0.0481 -0.6259
vn 0.5619 0.1518 -0.8132
vn 0.6523 -0.5488 -0.5228
vn -0.557 0.616 -0.557
vn -0.6902 0.2172 -0.6902
vn -0.6609 0.3554 -0.6609
vn -0.6511 -0.3902 -0.651
vn 0.6515 -0.3429 0.6767
vn 0.6703 0.3965 0.6272
vn -0.6171 0.4882 0.6171
vn -0.6733 -0.3054 0.6733
vn 0.6477 -0.4013 -0.6477
vn 0.6619 0.3518 -0.6619
vn -0.6767 -0.3429 -0.6515
vn -0.6272 0.3966 -0.6703
vn 0.5645 0.546 0.6191
vn 0.7785 0.0481 0.6259
vn -0.6902 0.2172 0.6902
vn -0.557 0.616 0.557
vn -0.651 -0.3902 0.651
vn -0.6609 0.3554 0.6609
vn 0.5619 0.1518 0.8132
vn 0.6523 -0.5488 0.5229
vn 0.6231 0.4727 -0.6231
vn 0.7043 -0.0894 -0.7043
vn 0.6982 -0.1584 -0.6982
vn 0.5513 -0.6262 -0.5513
vn -0.6191 0.546 -0.5644
vn -0.6259 0.0481 -0.7785
vn -0.8132 0.1518 -0.5619
vn -0.5228 -0.5488 -0.6523
vn 0.2687 -0.925 0.2687
vn -0.2687 -0.925 0.2687
vn -0.2687 -0.925 -0.2687
vn 0.2687 -0.925 -0.2687
vn 0.6903 0.2169 0.6903
vn -0.6903 0.2169 0.6903
vn -0.6392 -0.4276 0.6392
vn 0.6392 -0.4276 0.6392
vn -0.6903 0.2169 -0.6903
vn -0.6392 -0.4276 -0.6392
vn 0.6903 0.2169 -0.6903
vn 0.6392 -0.4276 -0.6392
vn -0.5991 -0.5312 0.5991
vn 0.5991 -0.5312 0.5991
vn -0.5991 -0.5312 -0.5991
vn 0.5991 -0.5312 -0.5991
vn -0.6441 0.4128 0.6441
vn 0.6441 0.4128 0.6441
vn -0.6441 0.4128 -0.6441
vn 0.6441 0.4128 -0.6441
vn -0.6675 -0.3299 0.6675
vn 0.6675 -0.3299 0.6675
vn -0.6675 -0.3299 -0.6675
vn 0.6675 -0.3299 -0.6675
vn -0.3274 0.8863 0.3274
vn 0.3274 0.8863 0.3274
vn 0.3274 0.8863 -0.3274
vn -0.3274 0.8863 -0.3274
vn -0.7053 0.0706 0.7053
vn 0.7053 0.0706 0.7053
vn 0.6017 0.5252 0.6017
vn -0.6017 0.5252 0.6017
vn 0.7053 0.0706 -0.7053
vn 0.6017 0.5252 -0.6017
vn -0.7053 0.0706 -0.7053
vn -0.6017 0.5252 -0.6017
vn 0.5394 0.6465 0.5394
vn -0.5394 0.6465 0.5394
vn 0.5394 0.6465 -0.5394
vn -0.5394 0.6465 -0.5394
vn 0.6972 -0.1665 0.6972
vn -0.6972 -0.1665 0.6972
vn 0.6972 -0.1665 -0.6972
vn -0.6972 -0.1665 -0.6972
vn 0.6514 0.3891 0.6514
vn -0.6514 0.3891 0.6514
vn 0.6514 0.3891 -0.6514
vn -0.6514 0.3891 -0.6514
vn 0.6984 -0.1573 0.6982
vn 0.696 0.1649 0.6988
vn -0.6986 0.1544 0.6986
vn -0.6967 -0.1708 0.6967
vn 0.6998 -0.1438 -0.6998
vn 0.6961 0.1757 -0.6961
vn -0.6982 -0.1573 -0.6984
vn -0.6988 0.1649 -0.696
vn 0.6936 0.1918 0.6944
vn 0.7027 0.0052 0.7115
vn -0.7071 -0.0081 0.7071
vn -0.6956 0.1798 0.6956
vn -0.692 -0.2056 0.692
vn -0.707 -0.0189 0.707
vn 0.7169 0.0129 0.6971
vn 0.6944 -0.181 0.6965
vn 0.6922 0.2039 -0.6922
vn 0.707 0.0186 -0.707
vn 0.7064 0.0438 -0.7064
vn 0.6985 -0.1559 -0.6985
vn -0.6944 0.1918 -0.6936
vn -0.7115 0.0052 -0.7027
vn -0.6971 0.0129 -0.7169
vn -0.6965 -0.181 -0.6944
vn 0.6998 -0.1438 0.6998
vn 0.6961 0.1757 0.6961
vn -0.6988 0.1649 0.696
vn -0.6982 -0.1573 0.6984
vn 0.6984 -0.1573 -0.6982
vn 0.696 0.1649 -0.6988
vn -0.6967 -0.1708 -0.6967
vn -0.6986 0.1544 -0.6986
vn 0.6922 0.204 0.6922
vn 0.707 0.0186 0.707
vn -0.7115 0.0052 0.7027
vn -0.6944 0.1918 0.6936
vn -0.6965 -0.181 0.6944
vn -0.6971 0.0129 0.7169
vn 0.7064 0.0438 0.7064
vn 0.6985 -0.1559 0.6985
vn 0.6936 0.1918 -0.6944
vn 0.7027 0.0052 -0.7115
vn 0.7169 0.0129 -0.6971
vn 0.6944 -0.181 -0.6965
vn -0.6956 0.1798 -0.6956
vn -0.7071 -0.0081 -0.7071
vn -0.707 -0.0189 -0.707
vn -0.692 -0.2056 -0.692
vn 0.6967 -0.1708 0.6967
vn 0.6986 0.1544 0.6986
vn -0.696 0.1649 0.6988
vn -0.6984 -0.1573 0.6982
vn 0.6982 -0.1573 -0.6984
vn 0.6988 0.1649 -0.696
vn -0.6998 -0.1438 -0.6998
vn -0.6961 0.1757 -0.6961
vn 0.6956 0.1798 0.6956
vn 0.7071 -0.0081 0.7071
vn -0.7027 0.0052 0.7115
vn -0.6936 0.1918 0.6944
vn -0.6944 -0.181 0.6965
vn -0.7169 0.0129 0.6971
vn 0.707 -0.0189 0.707
vn 0.692 -0.2056 0.692
vn 0.6944 0.1918 -0.6936
vn 0.7115 0.0052 -0.7027
vn 0.6971 0.0129 -0.7169
vn 0.6965 -0.181 -0.6944
vn -0.6922 0.204 -0.6922
vn -0.707 0.0186 -0.707
vn -0.7064 0.0438 -0.7064
vn -0.6985 -0.1559 -0.6985
vn 0.6982 -0.1573 0.6984
vn 0.6988 0.1649 0.696
vn -0.6961 0.1757 0.6961
vn -0.6998 -0.1438 0.6998
vn 0.6967 -0.1708 -0.6967
vn 0.6986 0.1544 -0.6986
vn -0.6984 -0.1573 -0.6982
vn -0.696 0.1649 -0.6988
vn 0.6944 0.1918 0.6936
vn 0.7115 0.0052 0.7027
vn -0.707 0.0186 0.707
vn -0.6922 0.204 0.6922
vn -0.6985 -0.1559 0.6985
vn -0.7064 0.0438 0.7064
vn 0.6971 0.0129 0.7169
vn 0.6965 -0.181 0.6944
vn 0.6956 0.1798 -0.6956
vn 0.7071 -0.0081 -0.7071
vn 0.707 -0.0189 -0.707
vn 0.692 -0.2056 -0.692
vn -0.6936 0.1918 -0.6944
vn -0.7027 0.0052 -0.7115
vn -0.7169 0.0129 -0.6971
vn -0.6944 -0.181 -0.6965
vn 0.4338 -0.7897 0.4338
vn -0.4338 -0.7897 0.4338
vn -0.4338 -0.7897 -0.4338
vn 0.4338 -0.7897 -0.4338
vn 0.7055 0.0681 0.7055
vn -0.7055 0.0681 0.7055
vn -0.6419 -0.4194 0.6419
vn 0.6419 -0.4194 0.6419
vn -0.7055 0.0681 -0.7055
vn -0.6419 -0.4194 -0.6419
vn 0.7055 0.0681 -0.7055
vn 0.6419 -0.4194 -0.6419
vn -0.6027 -0.5229 0.6027
vn 0.6027 -0.5229 0.6027
vn -0.6027 -0.5229 -0.6027
vn 0.6027 -0.5229 -0.6027
vn -0.6913 0.2105 0.6913
vn 0.6913 0.2105 0.6913
vn -0.6913 0.2105 -0.6913
vn 0.6913 0.2105 -0.6913
vn -0.6862 -0.2416 0.6862
vn 0.6862 -0.2416 0.6862
vn -0.6862 -0.2416 -0.6862
vn 0.6862 -0.2416 -0.6862
vn 0.7164 -0.225 0.6604
vn 0.6557 0.2801 0.7012
vn -0.6946 0.187 0.6946
vn -0.6689 -0.3241 0.6689
vn 0.7003 -0.1387 -0.7003
vn 0.6525 0.3853 -0.6525
vn -0.6604 -0.225 -0.7164
vn -0.7012 0.2801 -0.6557
vn 0.5881 0.3693 0.7196
vn 0.8297 0.0114 0.5581
vn -0.7071 -0.0103 0.7071
vn -0.6669 0.3326 0.6669
vn -0.6648 -0.3407 0.6648
vn -0.707 -0.016 0.707
vn 0.6708 0.0078 0.7416
vn 0.7216 -0.2864 0.6303
vn 0.6508 0.3911 -0.6508
vn 0.7066 0.0392 -0.7066
vn 0.7066 0.0377 -0.7066
vn 0.6885 -0.2276 -0.6885
vn -0.7196 0.3693 -0.5881
vn -0.5581 0.0114 -0.8297
vn -0.7416 0.0078 -0.6708
vn -0.6303 -0.2864 -0.7216
vn 0.7003 -0.1387 0.7003
vn 0.6525 0.3853 0.6525
vn -0.7012 0.2801 0.6557
vn -0.6604 -0.225 0.7164
vn 0.7164 -0.225 -0.6604
vn 0.6557 0.2801 -0.7012
vn -0.6689 -0.3241 -0.6689
vn -0.6946 0.187 -0.6946
vn 0.6508 0.3912 0.6508
vn 0.7066 0.0392 0.7066
vn -0.5581 0.0114 0.8297
vn -0.7196 0.3693 0.5881
vn -0.6303 -0.2864 0.7216
vn -0.7416 0.0078 0.6708
vn 0.7066 0.0377 0.7066
vn 0.6885 -0.2276 0.6885
vn 0.5881 0.3694 -0.7196
vn 0.8297 0.0114 -0.5581
vn 0.6708 0.0078 -0.7416
vn 0.7216 -0.2864 -0.6303
vn -0.6669 0.3326 -0.6669
vn -0.7071 -0.0103 -0.7071
vn -0.707 -0.016 -0.707
vn -0.6648 -0.3407 -0.6648
vn 0.6689 -0.3241 0.6689
vn 0.6946 0.187 0.6946
vn -0.6557 0.2801 0.7012
vn -0.7164 -0.225 0.6604
vn 0.6604 -0.225 -0.7164
vn 0.7012 0.2801 -0.6557
vn -0.7003 -0.1387 -0.7003
vn -0.6525 0.3853 -0.6525
vn 0.6669 0.3326 0.6669
vn 0.7071 -0.0103 0.7071
vn -0.8297 0.0114 0.5581
vn -0.5881 0.3693 0.7196
vn -0.7216 -0.2864 0.6303
vn -0.6708 0.0078 0.7416
vn 0.707 -0.016 0.707
vn 0.6648 -0.3407 0.6648
vn 0.7196 0.3694 -0.5881
vn 0.5581 0.0114 -0.8297
vn 0.7416 0.0078 -0.6708
vn 0.6303 -0.2864 -0.7216
vn -0.6508 0.3912 -0.6508
vn -0.7066 0.0392 -0.7066
vn -0.7066 0.0377 -0.7066
vn -0.6885 -0.2276 -0.6885
vn 0.6604 -0.225 0.7164
vn 0.7012 0.2801 0.6557
vn -0.6525 0.3853 0.6525
vn -0.7003 -0.1387 0.7003
vn 0.6689 -0.3241 -0.6689
vn 0.6946 0.187 -0.6946
vn -0.7164 -0.225 -0.6604
vn -0.6557 0.2801 -0.7012
vn 0.7196 0.3693 0.5881
vn 0.5581 0.0114 0.8297
vn -0.7066 0.0392 0.7066
vn -0.6508 0.3911 0.6508
vn -0.6885 -0.2276 0.6885
vn -0.7066 0.0377 0.7066
vn 0.7416 0.0078 0.6708
vn 0.6303 -0.2864 0.7216
vn 0.6669 0.3325 -0.6669
vn 0.7071 -0.0103 -0.7071
vn 0.707 -0.016 -0.707
vn 0.6648 -0.3407 -0.6648
vn -0.5881 0.3693 -0.7196
vn -0.8297 0.0114 -0.5581
vn -0.6708 0.0078 -0.7416
vn -0.7216 -0.2864 -0.6303
vn 0.4595 -0.7601 0.4595
vn -0.4595 -0.7601 0.4595
vn -0.4595 -0.7601 -0.4595
vn 0.4595 -0.7601 -0.4595
vn 0.4968 0.7116 0.4968
vn -0.4968 0.7116 0.4968
vn -0.7013 -0.1282 0.7013
vn 0.7013 -0.1282 0.7013
vn -0.4968 0.7116 -0.4968
vn -0.7013 -0.1282 -0.7013
vn 0.4968 0.7116 -0.4968
vn 0.7013 -0.1282 -0.7013
vn -0.707 0.0166 0.707
vn 0.707 0.0166 0.707
vn -0.707 0.0166 -0.707
vn 0.707 0.0166 -0.707
vn -0.6669 0.3322 0.6669
vn 0.6669 0.3322 0.6669
vn -0.6669 0.3322 -0.6669
vn 0.6669 0.3322 -0.6669
vn -0.6939 -0.1924 0.6939
vn 0.6939 -0.1924 0.6939
vn -0.6939 -0.1924 -0.6939
vn 0.6939 -0.1924 -0.6939
vn -0 1 0
vn -0 0.9796 -0.201
vn -0.0392 0.9796 -0.1971
vn -0.0769 0.9796 -0.1857
vn -0.1117 0.9796 -0.1671
vn -0.1421 0.9796 -0.1421
vn -0.1671 0.9796 -0.1117
vn -0.1857 0.9796 -0.0769
vn -0.1971 0.9796 -0.0392
vn -0.201 0.9796 0
vn -0.1971 0.9796 0.0392
vn -0.1857 0.9796 0.0769
vn -0.1671 0.9796 0.1117
vn -0.1421 0.9796 0.1421
vn -0.1117 0.9796 0.1671
vn -0.0769 0.9796 0.1857
vn -0.0392 0.9796 0.1971
vn 0 0.9796 0.201
vn 0.0392 0.9796 0.1971
vn 0.0769 0.9796 0.1857
vn 0.1117 0.9796 0.1671
vn 0.1421 0.9796 0.1421
vn 0.1671 0.9796 0.1117
vn 0.1857 0.9796 0.0769
vn 0.1971 0.9796 0.0392
vn 0.201 0.9796 -0
vn 0.1971 0.9796 -0.0392
vn 0.1857 0.9796 -0.0769
vn 0.1671 0.9796 -0.1117
vn 0.1421 0.9796 -0.1421
vn 0.1117 0.9796 -0.1671
vn 0.0769 0.9796 -0.1857
vn 0.0392 0.9796 -0.1971
vn -0 0.9217 -0.3879
vn -0.0757 0.9217 -0.3804
vn -0.1484 0.9217 -0.3584
vn -0.2155 0.9217 -0.3225
vn -0.2743 0.9217 -0.2743
vn -0.3225 0.9217 -0.2155
vn -0.3584 0.9217 -0.1484
vn -0.3804 0.9217 -0.0757
vn -0.3879 0.9217 0
vn -0.3804 0.9217 0.0757
vn -0.3584 0.9217 0.1484
vn -0.3225 0.9217 0.2155
vn -0.2743 0.9217 0.2743
vn -0.2155 0.9217 0.3225
vn -0.1484 0.9217 0.3584
vn -0.0757 0.9217 0.3804
vn 0 0.9217 0.3879
vn 0.0757 0.9217 0.3804
vn 0.1484 0.9217 0.3584
vn 0.2155 0.9217 0.3225
vn 0.2743 0.9217 0.2743
vn 0.3225 0.9217 0.2155
vn 0.3584 0.9217 0.1484
vn 0.3804 0.9217 0.0757
vn 0.3879 0.9217 -0
vn 0.3804 0.9217 -0.0757
vn 0.3584 0.9217 -0.1484
vn 0.3225 0.9217 -0.2155
vn 0.2743 0.9217 -0.2743
vn 0.2155 0.9217 -0.3225
vn 0.1484 0.9217 -0.3584
vn 0.0757 0.9217 -0.3804
vn -0 0.8286 -0.5598
vn -0.1092 0.8286 -0.549
vn -0.2142 0.8286 -0.5172
vn -0.311 0.8286 -0.4654
vn -0.3958 0.8286 -0.3958
vn -0.4654 0.8286 -0.311
vn -0.5172 0.8286 -0.2142
vn -0.549 0.8286 -0.1092
vn -0.5598 0.8286 0
vn -0.549 0.8286 0.1092
vn -0.5172 0.8286 0.2142
vn -0.4654 0.8286 0.311
vn -0.3958 0.8286 0.3958
vn -0.311 0.8286 0.4654
vn -0.2142 0.8286 0.5172
vn -0.1092 0.8286 0.549
vn 0 0.8286 0.5598
vn 0.1092 0.8286 0.549
vn 0.2142 0.8286 0.5172
vn 0.311 0.8286 0.4654
vn 0.3958 0.8286 0.3958
vn 0.4654 0.8286 0.311
vn 0.5172 0.8286 0.2142
vn 0.549 0.8286 0.1092
vn 0.5598 0.8286 -0
vn 0.549 0.8286 -0.1092
vn 0.5172 0.8286 -0.2142
vn 0.4654 0.8286 -0.311
vn 0.3958 0.8286 -0.3958
vn 0.311 0.8286 -0.4654
vn 0.2142 0.8286 -0.5172
vn 0.1092 0.8286 -0.549
vn -0 0.7041 -0.7101
vn -0.1385 0.7041 -0.6965
vn -0.2718 0.7041 -0.6561
vn -0.3945 0.7041 -0.5905
vn -0.5021 0.7041 -0.5021
vn -0.5905 0.7041 -0.3945
vn -0.6561 0.7041 -0.2718
vn -0.6965 0.7041 -0.1385
vn -0.7101 0.7041 0
vn -0.6965 0.7041 0.1385
vn -0.6561 0.7041 0.2718
vn -0.5905 0.7041 0.3945
vn -0.5021 0.7041 0.5021
vn -0.3945 0.7041 0.5905
vn -0.2718 0.7041 0.6561
vn -0.1385 0.7041 0.6965
vn 0 0.7041 0.7101
vn 0.1385 0.7041 0.6965
vn 0.2718 0.7041 0.6561
vn 0.3945 0.7041 0.5905
vn 0.5021 0.7041 0.5021
vn 0.5905 0.7041 0.3945
vn 0.6561 0.7041 0.2718
vn 0.6965 0.7041 0.1385
vn 0.7101 0.7041 -0
vn 0.6965 0.7041 -0.1385
vn 0.6561 0.7041 -0.2718
vn 0.5905 0.7041 -0.3945
vn 0.5021 0.7041 -0.5021
vn 0.3945 0.7041 -0.5905
vn 0.2718 0.7041 -0.6561
vn 0.1385 0.7041 -0.6965
vn -0 0.5528 -0.8333
vn -0.1626 0.5528 -0.8173
vn -0.3189 0.5528 -0.7699
vn -0.463 0.5528 -0.6929
vn -0.5893 0.5528 -0.5893
vn -0.6929 0.5528 -0.463
vn -0.7699 0.5528 -0.3189
vn -0.8173 0.5528 -0.1626
vn -0.8333 0.5528 0
vn -0.8173 0.5528 0.1626
vn -0.7699 0.5528 0.3189
vn -0.6929 0.5528 0.463
vn -0.5893 0.5528 0.5893
vn -0.463 0.5528 0.6929
vn -0.3189 0.5528 0.7699
vn -0.1626 0.5528 0.8173
vn 0 0.5528 0.8333
vn 0.1626 0.5528 0.8173
vn 0.3189 0.5528 0.7699
vn 0.463 0.5528 0.6929
vn 0.5893 0.5528 0.5893
vn 0.6929 0.5528 0.463
vn 0.7699 0.5528 0.3189
vn 0.8173 0.5528 0.1626
vn 0.8333 0.5528 -0
vn 0.8173 0.5528 -0.1626
vn 0.7699 0.5528 -0.3189
vn 0.6929 0.5528 -0.463
vn 0.5893 0.5528 -0.5893
vn 0.463 0.5528 -0.6929
vn 0.3189 0.5528 -0.7699
vn 0.1626 0.5528 -0.8173
vn -0 0.3805 -0.9248
vn -0.1804 0.3805 -0.907
vn -0.3539 0.3805 -0.8544
vn -0.5138 0.3805 -0.7689
vn -0.6539 0.3805 -0.6539
vn -0.7689 0.3805 -0.5138
vn -0.8544 0.3805 -0.3539
vn -0.907 0.3805 -0.1804
vn -0.9248 0.3805 0
vn -0.907 0.3805 0.1804
vn -0.8544 0.3805 0.3539
vn -0.7689 0.3805 0.5138
vn -0.6539 0.3805 0.6539
vn -0.5138 0.3805 0.7689
vn -0.3539 0.3805 0.8544
vn -0.1804 0.3805 0.907
vn 0 0.3805 0.9248
vn 0.1804 0.3805 0.907
vn 0.3539 0.3805 0.8544
vn 0.5138 0.3805 0.7689
vn 0.6539 0.3805 0.6539
vn 0.7689 0.3805 0.5138
vn 0.8544 0.3805 0.3539
vn 0.907 0.3805 0.1804
vn 0.9248 0.3805 -0
vn 0.907 0.3805 -0.1804
vn 0.8544 0.3805 -0.3539
vn 0.7689 0.3805 -0.5138
vn 0.6539 0.3805 -0.6539
vn 0.5138 0.3805 -0.7689
vn 0.3539 0.3805 -0.8544
vn 0.1804 0.3805 -0.907
vn -0 0.1939 -0.981
vn -0.1914 0.1939 -0.9622
vn -0.3754 0.1939 -0.9063
vn -0.545 0.1939 -0.8157
vn -0.6937 0.1939 -0.6937
vn -0.8157 0.1939 -0.545
vn -0.9063 0.1939 -0.3754
vn -0.9622 0.1939 -0.1914
vn -0.981 0.1939 0
vn -0.9622 0.1939 0.1914
vn -0.9063 0.1939 0.3754
vn -0.8157 0.1939 0.545
vn -0.6937 0.1939 0.6937
vn -0.545 0.1939 0.8157
vn -0.3754 0.1939 0.9063
vn -0.1914 0.1939 0.9622
vn 0 0.1939 0.981
vn 0.1914 0.1939 0.9622
vn 0.3754 0.1939 0.9063
vn 0.545 0.1939 0.8157
vn 0.6937 0.1939 0.6937
vn 0.8157 0.1939 0.545
vn 0.9063 0.1939 0.3754
vn 0.9622 0.1939 0.1914
vn 0.981 0.1939 -0
vn 0.9622 0.1939 -0.1914
vn 0.9063 0.1939 -0.3754
vn 0.8157 0.1939 -0.545
vn 0.6937 0.1939 -0.6937
vn 0.545 0.1939 -0.8157
vn 0.3754 0.1939 -0.9063
vn 0.1914 0.1939 -0.9622
vn -0 0 -1
vn -0.1951 0 -0.9808
vn -0.3827 -0 -0.9239
vn -0.5556 0 -0.8315
vn -0.7071 0 -0.7071
vn -0.8315 0 -0.5556
vn -0.9239 -0 -0.3827
vn -0.9808 0 -0.1951
vn -1 -0 0
vn -0.9808 -0 0.1951
vn -0.9239 0 0.3827
vn -0.8315 0 0.5556
vn -0.7071 0 0.7071
vn -0.5556 0 0.8315
vn -0.3827 0 0.9239
vn -0.1951 -0 0.9808
vn 0 0 1
vn 0.1951 0 0.9808
vn 0.3827 0 0.9239
vn 0.5556 0 0.8315
vn 0.7071 -0 0.7071
vn 0.8315 0 0.5556
vn 0.9239 -0 0.3827
vn 0.9808 0 0.1951
vn 1 0 -0
vn 0.9808 -0 -0.1951
vn 0.9239 0 -0.3827
vn 0.8315 0 -0.5556
vn 0.7071 0 -0.7071
vn 0.5556 0 -0.8315
vn 0.3827 -0 -0.9239
vn 0.1951 0 -0.9808
vn -0 -0.1939 -0.981
vn -0.1914 -0.1939 -0.9622
vn -0.3754 -0.1939 -0.9063
vn -0.545 -0.1939 -0.8157
vn -0.6937 -0.1939 -0.6937
vn -0.8157 -0.1939 -0.545
vn -0.9063 -0.1939 -0.3754
vn -0.9622 -0.1939 -0.1914
vn -0.981 -0.1939 0
vn -0.9622 -0.1939 0.1914
vn -0.9063 -0.1939 0.3754
vn -0.8157 -0.1939 0.545
vn -0.6937 -0.1939 0.6937
vn -0.545 -0.1939 0.8157
vn -0.3754 -0.1939 0.9063
vn -0.1914 -0.1939 0.9622
vn 0 -0.1939 0.981
vn 0.1914 -0.1939 0.9622
vn 0.3754 -0.1939 0.9063
vn 0.545 -0.1939 0.8157
vn 0.6937 -0.1939 0.6937
vn 0.8157 -0.1939 0.545
vn 0.9063 -0.1939 0.3754
vn 0.9622 -0.1939 0.1914
vn 0.981 -0.1939 -0
vn 0.9622 -0.1939 -0.1914
vn 0.9063 -0.1939 -0.3754
vn 0.8157 -0.1939 -0.545
vn 0.6937 -0.1939 -0.6937
vn 0.545 -0.1939 -0.8157
vn 0.3754 -0.1939 -0.9063
vn 0.1914 -0.1939 -0.9622
vn -0 -0.3805 -0.9248
vn -0.1804 -0.3805 -0.907
vn -0.3539 -0.3805 -0.8544
vn -0.5138 -0.3805 -0.7689
vn -0.6539 -0.3805 -0.6539
vn -0.7689 -0.3805 -0.5138
vn -0.8544 -0.3805 -0.3539
vn -0.907 -0.3805 -0.1804
vn -0.9248 -0.3805 0
vn -0.907 -0.3805 0.1804
vn -0.8544 -0.3805 0.3539
vn -0.7689 -0.3805 0.5138
vn -0.6539 -0.3805 0.6539
vn -0.5138 -0.3805 0.7689
vn -0.3539 -0.3805 0.8544
vn -0.1804 -0.3805 0.907
vn 0 -0.3805 0.9248
vn 0.1804 -0.3805 0.907
vn 0.3539 -0.3805 0.8544
vn 0.5138 -0.3805 0.7689
vn 0.6539 -0.3805 0.6539
vn 0.7689 -0.3805 0.5138
vn 0.8544 -0.3805 0.3539
vn 0.907 -0.3805 0.1804
vn 0.9248 -0.3805 -0
vn 0.907 -0.3805 -0.1804
vn 0.8544 -0.3805 -0.3539
vn 0.7689 -0.3805 -0.5138
vn 0.6539 -0.3805 -0.6539
vn 0.5138 -0.3805 -0.7689
vn 0.3539 -0.3805 -0.8544
vn 0.1804 -0.3805 -0.907
vn -0 -0.5528 -0.8333
vn -0.1626 -0.5528 -0.8173
vn -0.3189 -0.5528 -0.7699
vn -0.463 -0.5528 -0.6929
vn -0.5893 -0.5528 -0.5893
vn -0.6929 -0.5528 -0.463
vn -0.7699 -0.5528 -0.3189
vn -0.8173 -0.5528 -0.1626
vn -0.8333 -0.5528 0
vn -0.8173 -0.5528 0.1626
vn -0.7699 -0.5528 0.3189
vn -0.6929 -0.5528 0.463
vn -0.5893 -0.5528 0.5893
vn -0.463 -0.5528 0.6929
vn -0.3189 -0.5528 0.7699
vn -0.1626 -0.5528 0.8173
vn 0 -0.5528 0.8333
vn 0.1626 -0.5528 0.8173
vn 0.3189 -0.5528 0.7699
vn 0.463 -0.5528 0.6929
vn 0.5893 -0.5528 0.5893
vn 0.6929 -0.5528 0.463
vn 0.7699 -0.5528 0.3189
vn 0.8173 -0.5528 0.1626
vn 0.8333 -0.5528 -0
vn 0.8173 -0.5528 -0.1626
vn 0.7699 -0.5528 -0.3189
vn 0.6929 -0.5528 -0.463
vn 0.5893 -0.5528 -0.5893
vn 0.463 -0.5528 -0.6929
vn 0.3189 -0.5528 -0.7699
vn 0.1626 -0.5528 -0.8173
vn -0 -0.7041 -0.7101
vn -0.1385 -0.7041 -0.6965
vn -0.2718 -0.7041 -0.6561
vn -0.3945 -0.7041 -0.5905
vn -0.5021 -0.7041 -0.5021
vn -0.5905 -0.7041 -0.3945
vn -0.6561 -0.7041 -0.2718
vn -0.6965 -0.7041 -0.1385
vn -0.7101 -0.7041 0
vn -0.6965 -0.7041 0.1385
vn -0.6561 -0.7041 0.2718
vn -0.5905 -0.7041 0.3945
vn -0.5021 -0.7041 0.5021
vn -0.3945 -0.7041 0.5905
vn -0.2718 -0.7041 0.6561
vn -0.1385 -0.7041 0.6965
vn 0 -0.7041 0.7101
vn 0.1385 -0.7041 0.6965
vn 0.2718 -0.7041 0.6561
vn 0.3945 -0.7041 0.5905
vn 0.5021 -0.7041 0.5021
vn 0.5905 -0.7041 0.3945
vn 0.6561 -0.7041 0.2718
vn 0.6965 -0.7041 0.1385
vn 0.7101 -0.7041 -0
vn 0.6965 -0.7041 -0.1385
vn 0.6561 -0.7041 -0.2718
vn 0.5905 -0.7041 -0.3945
vn 0.5021 -0.7041 -0.5021
vn 0.3945 -0.7041 -0.5905
vn 0.2718 -0.7041 -0.6561
vn 0.1385 -0.7041 -0.6965
vn -0 -0.8286 -0.5598
vn -0.1092 -0.8286 -0.549
vn -0.2142 -0.8286 -0.5172
vn -0.311 -0.8286 -0.4654
vn -0.3958 -0.8286 -0.3958
vn -0.4654 -0.8286 -0.311
vn -0.5172 -0.8286 -0.2142
vn -0.549 -0.8286 -0.1092
vn -0.5598 -0.8286 0
vn -0.549 -0.8286 0.1092
vn -0.5172 -0.8286 0.2142
vn -0.4654 -0.8286 0.311
vn -0.3958 -0.8286 0.3958
vn -0.311 -0.8286 0.4654
vn -0.2142 -0.8286 0.5172
vn -0.1092 -0.8286 0.549
vn 0 -0.8286 0.5598
vn 0.1092 -0.8286 0.549
vn 0.2142 -0.8286 0.5172
vn 0.311 -0.8286 0.4654
vn 0.3958 -0.8286 0.3958
vn 0.4654 -0.8286 0.311
vn 0.5172 -0.8286 0.2142
vn 0.549 -0.8286 0.1092
vn 0.5598 -0.8286 -0
vn 0.549 -0.8286 -0.1092
vn 0.5172 -0.8286 -0.2142
vn 0.4654 -0.8286 -0.311
vn 0.3958 -0.8286 -0.3958
vn 0.311 -0.8286 -0.4654
vn 0.2142 -0.8286 -0.5172
vn 0.1092 -0.8286 -0.549
vn -0 -0.9217 -0.3879
vn -0.0757 -0.9217 -0.3804
vn -0.1484 -0.9217 -0.3584
vn -0.2155 -0.9217 -0.3225
vn -0.2743 -0.9217 -0.2743
vn -0.3225 -0.9217 -0.2155
vn -0.3584 -0.9217 -0.1484
vn -0.3804 -0.9217 -0.0757
vn -0.3879 -0.9217 0
vn -0.3804 -0.9217 0.0757
vn -0.3584 -0.9217 0.1484
vn -0.3225 -0.9217 0.2155
vn -0.2743 -0.9217 0.2743
vn -0.2155 -0.9217 0.3225
vn -0.1484 -0.9217 0.3584
vn -0.0757 -0.9217 0.3804
vn 0 -0.9217 0.3879
vn 0.0757 -0.9217 0.3804
vn 0.1484 -0.9217 0.3584
vn 0.2155 -0.9217 0.3225
vn 0.2743 -0.9217 0.2743
vn 0.3225 -0.9217 0.2155
vn 0.3584 -0.9217 0.1484
vn 0.3804 -0.9217 0.0757
vn 0.3879 -0.9217 -0
vn 0.3804 -0.9217 -0.0757
vn 0.3584 -0.9217 -0.1484
vn 0.3225 -0.9217 -0.2155
vn 0.2743 -0.9217 -0.2743
vn 0.2155 -0.9217 -0.3225
vn 0.1484 -0.9217 -0.3584
vn 0.0757 -0.9217 -0.3804
vn -0 -0.9796 -0.201
vn -0.0392 -0.9796 -0.1971
vn -0.0769 -0.9796 -0.1857
vn -0.1117 -0.9796 -0.1671
vn -0.1421 -0.9796 -0.1421
vn -0.1671 -0.9796 -0.1117
vn -0.1857 -0.9796 -0.0769
vn -0.1971 -0.9796 -0.0392
vn -0.201 -0.9796 0
vn -0.1971 -0.9796 0.0392
vn -0.1857 -0.9796 0.0769
vn -0.1671 -0.9796 0.1117
vn -0.1421 -0.9796 0.1421
vn -0.1117 -0.9796 0.1671
vn -0.0769 -0.9796 0.1857
vn -0.0392 -0.9796 0.1971
vn 0 -0.9796 0.201
vn 0.0392 -0.9796 0.1971
vn 0.0769 -0.9796 0.1857
vn 0.1117 -0.9796 0.1671
vn 0.1421 -0.9796 0.1421
vn 0.1671 -0.9796 0.1117
vn 0.1857 -0.9796 0.0769
vn 0.1971 -0.9796 0.0392
vn 0.201 -0.9796 -0
vn 0.1971 -0.9796 -0.0392
vn 0.1857 -0.9796 -0.0769
vn 0.1671 -0.9796 -0.1117
vn 0.1421 -0.9796 -0.1421
vn 0.1117 -0.9796 -0.1671
vn 0.0769 -0.9796 -0.1857
vn 0.0392 -0.9796 -0.1971
vn -0 -1 0
vn -0.2089 0.9554 0.2089
vn 0.2089 0.9554 0.2089
vn 0.2089 0.9554 -0.2089
vn -0.2089 0.9554 -0.2089
vn -0.6004 -0.5281 0.6004
vn 0.6004 -0.5281 0.6004
vn 0.5772 0.5777 0.5772
vn -0.5772 0.5777 0.5772
vn 0.6004 -0.5281 -0.6004
vn 0.5772 0.5777 -0.5772
vn -0.6004 -0.5281 -0.6004
vn -0.5772 0.5777 -0.5772
vn 0.6621 0.3511 0.6621
vn -0.6621 0.3511 0.6621
vn 0.6621 0.3511 -0.6621
vn -0.6621 0.3511 -0.6621
vn 0.6892 -0.2239 0.6892
vn -0.6892 -0.2239 0.6892
vn 0.6892 -0.2239 -0.6892
vn -0.6892 -0.2239 -0.6892
vn 0.5321 0.6586 0.5321
vn -0.5321 0.6586 0.5321
vn 0.5321 0.6586 -0.5321
vn -0.5321 0.6586 -0.5321
#end 914 normals 

#begin 880 faces
o Raise_Third
usemtl wire_217227174
g Raise_Third
s 4
f 1/1/1 2/2/2 3/3/3 4/4/4 
s 8
f 5/5/5 6/6/6 7/7/7 8/8/8 
s 16
f 6/6/6 9/9/9 10/10/10 7/7/7 
s 32
f 9/9/9 11/11/11 12/12/12 10/10/10 
s 64
f 11/11/11 5/917/5 8/920/8 12/12/12 
s 4
f 8/8/8 7/7/7 13/13/13 14/14/14 
f 7/7/7 10/10/10 15/15/15 13/13/13 
f 10/10/10 12/12/12 16/16/16 15/15/15 
f 12/12/12 8/920/8 14/921/14 16/16/16 
s off
f 14/14/14 13/13/13 17/17/17 18/18/18 
f 13/13/13 15/15/15 19/19/19 17/17/17 
f 15/15/15 16/16/16 20/20/20 19/19/19 
f 16/16/16 14/921/14 18/925/18 20/20/20 
f 18/18/18 17/17/17 21/21/21 22/22/22 
f 17/17/17 19/19/19 23/23/23 21/21/21 
f 19/19/19 20/20/20 24/24/24 23/23/23 
f 20/20/20 18/925/18 22/926/22 24/24/24 
s 4
f 22/22/22 21/21/21 2/2/2 1/1/1 
f 21/21/21 23/23/23 3/3/3 2/2/2 
f 23/23/23 24/24/24 4/4/4 3/3/3 
f 24/24/24 22/926/22 1/1/1 4/4/4 
s 8
f 25/25/25 26/26/26 27/27/27 28/28/28 
s 16
f 29/29/29 30/30/30 26/26/26 25/25/25 
s 32
f 31/31/31 32/32/32 30/30/30 29/29/29 
s 64
f 28/931/28 27/929/27 32/32/32 31/31/31 
s 8
f 33/33/33 34/34/34 35/938/35 36/36/36 
f 37/37/37 38/38/38 39/39/39 40/40/40 
s 16
f 41/41/41 42/42/42 34/34/34 33/33/33 
f 40/40/40 39/39/39 43/43/43 44/44/44 
s 32
f 45/45/45 46/46/46 42/42/42 41/41/41 
f 44/44/44 43/43/43 47/47/47 48/48/48 
s 64
f 36/939/36 35/35/35 46/46/46 45/45/45 
f 48/48/48 47/47/47 38/937/38 37/934/37 
s off
f 33/33/33 36/36/36 27/27/27 26/26/26 
f 36/939/36 45/45/45 32/32/32 27/929/27 
f 45/45/45 41/41/41 30/30/30 32/32/32 
f 41/41/41 33/33/33 26/26/26 30/30/30 
f 37/37/37 40/40/40 25/25/25 28/28/28 
f 40/40/40 44/44/44 29/29/29 25/25/25 
f 44/44/44 48/48/48 31/31/31 29/29/29 
f 48/48/48 37/934/37 28/931/28 31/31/31 
s 8
f 49/49/49 50/50/50 51/51/51 52/52/52 
s 16
f 53/53/53 54/54/54 50/50/50 49/49/49 
s 32
f 55/55/55 56/56/56 54/54/54 53/53/53 
s 64
f 52/52/52 51/51/51 56/941/56 55/940/55 
s 8
f 57/57/57 58/58/58 59/59/59 60/60/60 
f 61/61/61 62/62/62 63/63/63 64/64/64 
s 16
f 65/65/65 66/66/66 58/58/58 57/57/57 
f 64/64/64 63/63/63 67/67/67 68/68/68 
s 32
f 69/69/69 70/70/70 66/66/66 65/65/65 
f 68/68/68 67/67/67 71/911/71 72/72/72 
s 64
f 60/60/60 59/59/59 70/942/70 69/916/69 
f 72/919/72 71/71/71 62/62/62 61/61/61 
s off
f 57/57/57 60/60/60 51/51/51 50/50/50 
f 60/60/60 69/916/69 56/941/56 51/51/51 
f 69/69/69 65/65/65 54/54/54 56/56/56 
f 65/65/65 57/57/57 50/50/50 54/54/54 
f 61/61/61 64/64/64 49/49/49 52/52/52 
f 64/64/64 68/68/68 53/53/53 49/49/49 
f 68/68/68 72/72/72 55/55/55 53/53/53 
f 72/919/72 61/61/61 52/52/52 55/940/55 
s 8
f 73/73/73 74/74/74 75/75/75 76/76/76 
s 16
f 77/77/77 78/78/78 74/945/74 73/943/73 
s 32
f 79/79/79 80/80/80 78/78/78 77/77/77 
s 64
f 76/76/76 75/75/75 80/80/80 79/79/79 
s 8
f 81/81/81 82/82/82 83/83/83 84/84/84 
f 85/85/85 86/86/86 87/949/87 88/88/88 
s 16
f 89/89/89 90/90/90 82/924/82 81/951/81 
f 88/948/88 87/87/87 91/91/91 92/92/92 
s 32
f 93/93/93 94/94/94 90/90/90 89/89/89 
f 92/92/92 91/91/91 95/95/95 96/96/96 
s 64
f 84/84/84 83/83/83 94/94/94 93/93/93 
f 96/96/96 95/95/95 86/86/86 85/85/85 
s off
f 81/81/81 84/84/84 75/75/75 74/74/74 
f 84/84/84 93/93/93 80/80/80 75/75/75 
f 93/93/93 89/89/89 78/78/78 80/80/80 
f 89/89/89 81/951/81 74/945/74 78/78/78 
f 85/85/85 88/88/88 73/73/73 76/76/76 
f 88/948/88 92/92/92 77/77/77 73/943/73 
f 92/92/92 96/96/96 79/79/79 77/77/77 
f 96/96/96 85/85/85 76/76/76 79/79/79 
s 8
f 97/97/97 98/98/98 99/99/99 100/100/100 
s 16
f 101/101/101 102/102/102 98/98/98 97/97/97 
s 32
f 103/103/103 104/104/104 102/936/102 101/933/101 
s 64
f 100/100/100 99/99/99 104/104/104 103/103/103 
s 8
f 105/105/105 106/106/106 107/107/107 108/108/108 
f 109/109/109 110/110/110 111/111/111 112/112/112 
s 16
f 113/113/113 114/114/114 106/106/106 105/105/105 
f 112/112/112 111/111/111 115/953/115 116/116/116 
s 32
f 117/117/117 118/118/118 114/955/114 113/954/113 
f 116/952/116 115/115/115 119/119/119 120/120/120 
s 64
f 108/108/108 107/107/107 118/118/118 117/117/117 
f 120/120/120 119/119/119 110/110/110 109/109/109 
s off
f 105/105/105 108/108/108 99/99/99 98/98/98 
f 108/108/108 117/117/117 104/104/104 99/99/99 
f 117/117/117 113/954/113 102/936/102 104/104/104 
f 113/113/113 105/105/105 98/98/98 102/102/102 
f 109/109/109 112/112/112 97/97/97 100/100/100 
f 112/112/112 116/116/116 101/101/101 97/97/97 
f 116/952/116 120/120/120 103/103/103 101/933/101 
f 120/120/120 109/109/109 100/100/100 103/103/103 
s 4
f 58/902/121 107/903/122 121/121/123 42/901/124 
s 8
f 122/122/125 5/918/126 123/123/127 124/124/128 
s 16
f 5/917/126 11/11/129 125/125/130 123/913/127 
s 32
f 11/11/129 9/9/131 126/126/132 125/125/130 
s 64
f 9/9/131 122/122/125 124/124/128 126/126/132 
s 4
f 124/124/128 123/123/127 127/127/133 128/128/134 
f 123/913/127 125/125/130 129/129/135 127/910/133 
f 125/125/130 126/126/132 130/130/136 129/129/135 
f 126/126/132 124/124/128 128/128/134 130/130/136 
s off
f 128/128/134 127/127/133 131/131/137 132/132/138 
f 127/910/133 129/129/135 133/133/139 131/914/137 
f 129/129/135 130/130/136 134/134/140 133/133/139 
f 130/130/136 128/128/134 132/132/138 134/134/140 
f 132/132/138 131/131/137 135/135/141 136/136/142 
f 131/914/137 133/133/139 137/137/143 135/912/141 
f 133/133/139 134/134/140 138/138/144 137/137/143 
f 134/134/140 132/132/138 136/136/142 138/138/144 
s 4
f 136/136/142 135/135/141 107/903/122 58/902/121 
f 135/912/141 137/137/143 121/121/123 107/903/122 
f 137/137/143 138/138/144 42/901/124 121/121/123 
f 138/138/144 136/136/142 58/902/121 42/901/124 
o Raise_Second
usemtl wire_207171210
g Raise_Second
s 4
f 139/139/145 140/140/146 141/141/147 142/142/148 
s 8
f 143/143/149 144/144/150 145/145/151 146/146/152 
s 16
f 144/144/150 147/147/153 148/148/154 145/145/151 
s 32
f 147/147/153 149/149/155 150/150/156 148/148/154 
s 64
f 149/149/155 143/962/149 146/923/152 150/150/156 
s 4
f 146/146/152 145/145/151 151/151/157 152/152/158 
f 145/145/151 148/148/154 153/153/159 151/151/157 
f 148/148/154 150/150/156 154/154/160 153/153/159 
f 150/150/156 146/923/152 152/947/158 154/154/160 
s off
f 152/152/158 151/151/157 155/155/161 156/156/162 
f 151/151/157 153/153/159 157/157/163 155/155/161 
f 153/153/159 154/154/160 158/158/164 157/157/163 
f 154/154/160 152/947/158 156/930/162 158/158/164 
f 156/156/162 155/155/161 159/159/165 160/160/166 
f 155/155/161 157/157/163 161/161/167 159/159/165 
f 157/157/163 158/158/164 162/162/168 161/161/167 
f 158/158/164 156/930/162 160/957/166 162/162/168 
s 4
f 160/160/166 159/159/165 140/140/146 139/139/145 
f 159/159/165 161/161/167 141/141/147 140/140/146 
f 161/161/167 162/162/168 142/142/148 141/141/147 
f 162/162/168 160/957/166 139/139/145 142/142/148 
s 8
f 163/163/169 164/164/170 165/165/171 166/166/172 
s 16
f 167/167/173 168/168/174 164/164/170 163/163/169 
s 32
f 169/169/175 170/170/176 168/168/174 167/167/173 
s 64
f 166/935/172 165/932/171 170/170/176 169/169/175 
s 8
f 171/171/177 172/172/178 173/966/179 174/174/180 
f 175/175/181 176/176/182 177/177/183 178/178/184 
s 16
f 179/179/185 180/180/186 172/172/178 171/171/177 
f 178/178/184 177/177/183 181/181/187 182/182/188 
s 32
f 183/183/189 184/184/190 180/180/186 179/179/185 
f 182/182/188 181/181/187 185/185/191 186/186/192 
s 64
f 174/967/180 173/173/179 184/184/190 183/183/189 
f 186/186/192 185/185/191 176/965/182 175/963/181 
s off
f 171/171/177 174/174/180 165/165/171 164/164/170 
f 174/967/180 183/183/189 170/170/176 165/932/171 
f 183/183/189 179/179/185 168/168/174 170/170/176 
f 179/179/185 171/171/177 164/164/170 168/168/174 
f 175/175/181 178/178/184 163/163/169 166/166/172 
f 178/178/184 182/182/188 167/167/173 163/163/169 
f 182/182/188 186/186/192 169/169/175 167/167/173 
f 186/186/192 175/963/181 166/935/172 169/169/175 
s 8
f 187/187/193 188/188/194 189/189/195 190/190/196 
s 16
f 191/191/197 192/192/198 188/188/194 187/187/193 
s 32
f 193/193/199 194/194/200 192/192/198 191/191/197 
s 64
f 190/190/196 189/189/195 194/968/200 193/927/199 
s 8
f 195/195/201 196/196/202 197/197/203 198/198/204 
f 199/199/205 200/200/206 201/201/207 202/202/208 
s 16
f 203/203/209 204/204/210 196/196/202 195/195/201 
f 202/202/208 201/201/207 205/205/211 206/206/212 
s 32
f 207/207/213 208/208/214 204/204/210 203/203/209 
f 206/206/212 205/205/211 209/950/215 210/210/216 
s 64
f 198/198/204 197/197/203 208/959/214 207/961/213 
f 210/922/216 209/209/215 200/200/206 199/199/205 
s off
f 195/195/201 198/198/204 189/189/195 188/188/194 
f 198/198/204 207/961/213 194/968/200 189/189/195 
f 207/207/213 203/203/209 192/192/198 194/194/200 
f 203/203/209 195/195/201 188/188/194 192/192/198 
f 199/199/205 202/202/208 187/187/193 190/190/196 
f 202/202/208 206/206/212 191/191/197 187/187/193 
f 206/206/212 210/210/216 193/193/199 191/191/197 
f 210/922/216 199/199/205 190/190/196 193/927/199 
s 8
f 211/211/217 212/212/218 213/213/219 214/214/220 
s 16
f 215/215/221 216/216/222 212/970/218 211/969/217 
s 32
f 217/217/223 218/218/224 216/216/222 215/215/221 
s 64
f 214/214/220 213/213/219 218/218/224 217/217/223 
s 8
f 219/219/225 220/220/226 221/221/227 222/222/228 
f 223/223/229 224/224/230 225/972/231 226/226/232 
s 16
f 227/227/233 228/228/234 220/973/226 219/928/225 
f 226/971/232 225/225/231 229/229/235 230/230/236 
s 32
f 231/231/237 232/232/238 228/228/234 227/227/233 
f 230/230/236 229/229/235 233/233/239 234/234/240 
s 64
f 222/222/228 221/221/227 232/232/238 231/231/237 
f 234/234/240 233/233/239 224/224/230 223/223/229 
s off
f 219/219/225 222/222/228 213/213/219 212/212/218 
f 222/222/228 231/231/237 218/218/224 213/213/219 
f 231/231/237 227/227/233 216/216/222 218/218/224 
f 227/227/233 219/928/225 212/970/218 216/216/222 
f 223/223/229 226/226/232 211/211/217 214/214/220 
f 226/971/232 230/230/236 215/215/221 211/969/217 
f 230/230/236 234/234/240 217/217/223 215/215/221 
f 234/234/240 223/223/229 214/214/220 217/217/223 
s 8
f 235/235/241 236/236/242 237/237/243 238/238/244 
s 16
f 239/239/245 240/240/246 236/236/242 235/235/241 
s 32
f 241/241/247 242/242/248 240/976/246 239/974/245 
s 64
f 238/238/244 237/237/243 242/242/248 241/241/247 
s 8
f 243/243/249 244/244/250 245/245/251 246/246/252 
f 247/247/253 248/248/254 249/249/255 250/250/256 
s 16
f 251/251/257 252/252/258 244/244/250 243/243/249 
f 250/250/256 249/249/255 253/978/259 254/254/260 
s 32
f 255/255/261 256/256/262 252/980/258 251/979/257 
f 254/977/260 253/253/259 257/257/263 258/258/264 
s 64
f 246/246/252 245/245/251 256/256/262 255/255/261 
f 258/258/264 257/257/263 248/248/254 247/247/253 
s off
f 243/243/249 246/246/252 237/237/243 236/236/242 
f 246/246/252 255/255/261 242/242/248 237/237/243 
f 255/255/261 251/979/257 240/976/246 242/242/248 
f 251/251/257 243/243/249 236/236/242 240/240/246 
f 247/247/253 250/250/256 235/235/241 238/238/244 
f 250/250/256 254/254/260 239/239/245 235/235/241 
f 254/977/260 258/258/264 241/241/247 239/974/245 
f 258/258/264 247/247/253 238/238/244 241/241/247 
s 4
f 196/905/265 245/907/266 232/906/267 180/904/268 
s 8
f 144/144/269 259/944/270 260/260/271 261/261/272 
s 16
f 259/259/270 262/262/273 263/263/274 260/915/271 
s 32
f 262/262/273 147/147/275 264/264/276 263/263/274 
s 64
f 147/147/275 144/144/269 261/261/272 264/264/276 
s 4
f 261/261/272 260/260/271 265/265/277 266/266/278 
f 260/915/271 263/263/274 267/267/279 265/946/277 
f 263/263/274 264/264/276 268/268/280 267/267/279 
f 264/264/276 261/261/272 266/266/278 268/268/280 
s off
f 266/266/278 265/265/277 269/269/281 270/270/282 
f 265/946/277 267/267/279 271/271/283 269/960/281 
f 267/267/279 268/268/280 272/272/284 271/271/283 
f 268/268/280 266/266/278 270/270/282 272/272/284 
f 270/270/282 269/269/281 273/273/285 274/274/286 
f 269/960/281 271/271/283 275/275/287 273/956/285 
f 271/271/283 272/272/284 276/276/288 275/275/287 
f 272/272/284 270/270/282 274/274/286 276/276/288 
s 4
f 274/274/286 273/273/285 245/907/266 196/905/265 
f 273/956/285 275/275/287 232/906/267 245/907/266 
f 275/275/287 276/276/288 180/904/268 232/906/267 
f 276/276/288 274/274/286 196/905/265 180/904/268 
o Raise_Last
usemtl wire_198158155
g Raise_Last
s 8
f 277/277/289 278/278/290 279/279/291 280/280/292 
s 16
f 281/281/293 282/282/294 278/278/290 277/277/289 
s 32
f 283/283/295 284/284/296 282/282/294 281/281/293 
s 64
f 280/982/292 279/981/291 284/284/296 283/283/295 
s 8
f 285/285/297 286/286/298 287/984/299 288/288/300 
f 289/289/301 290/290/302 291/291/303 292/292/304 
s 16
f 293/293/305 294/294/306 286/286/298 285/285/297 
f 292/292/304 291/291/303 295/295/307 296/296/308 
s 32
f 297/297/309 298/298/310 294/294/306 293/293/305 
f 296/296/308 295/295/307 299/299/311 300/300/312 
s 64
f 288/985/300 287/287/299 298/298/310 297/297/309 
f 300/300/312 299/299/311 290/983/302 289/964/301 
s off
f 285/285/297 288/288/300 279/279/291 278/278/290 
f 288/985/300 297/297/309 284/284/296 279/981/291 
f 297/297/309 293/293/305 282/282/294 284/284/296 
f 293/293/305 285/285/297 278/278/290 282/282/294 
f 289/289/301 292/292/304 277/277/289 280/280/292 
f 292/292/304 296/296/308 281/281/293 277/277/289 
f 296/296/308 300/300/312 283/283/295 281/281/293 
f 300/300/312 289/964/301 280/982/292 283/283/295 
s 8
f 301/301/313 302/302/314 303/303/315 304/304/316 
s 16
f 305/305/317 306/306/318 302/302/314 301/301/313 
s 32
f 307/307/319 308/308/320 306/306/318 305/305/317 
s 64
f 304/304/316 303/303/315 308/987/320 307/986/319 
s 8
f 309/309/321 310/310/322 311/311/323 312/312/324 
f 313/313/325 314/314/326 315/315/327 316/316/328 
s 16
f 317/317/329 318/318/330 310/310/322 309/309/321 
f 316/316/328 315/315/327 319/319/331 320/320/332 
s 32
f 321/321/333 322/322/334 318/318/330 317/317/329 
f 320/320/332 319/319/331 323/988/335 324/324/336 
s 64
f 312/312/324 311/311/323 322/990/334 321/958/333 
f 324/989/336 323/323/335 314/314/326 313/313/325 
s off
f 309/309/321 312/312/324 303/303/315 302/302/314 
f 312/312/324 321/958/333 308/987/320 303/303/315 
f 321/321/333 317/317/329 306/306/318 308/308/320 
f 317/317/329 309/309/321 302/302/314 306/306/318 
f 313/313/325 316/316/328 301/301/313 304/304/316 
f 316/316/328 320/320/332 305/305/317 301/301/313 
f 320/320/332 324/324/336 307/307/319 305/305/317 
f 324/989/336 313/313/325 304/304/316 307/986/319 
s 8
f 325/325/337 326/326/338 327/327/339 328/328/340 
s 16
f 329/329/341 330/330/342 326/992/338 325/991/337 
s 32
f 331/331/343 332/332/344 330/330/342 329/329/341 
s 64
f 328/328/340 327/327/339 332/332/344 331/331/343 
s 8
f 333/333/345 334/334/346 335/335/347 336/336/348 
f 337/337/349 338/338/350 339/994/351 340/340/352 
s 16
f 341/341/353 342/342/354 334/996/346 333/995/345 
f 340/993/352 339/339/351 343/343/355 344/344/356 
s 32
f 345/345/357 346/346/358 342/342/354 341/341/353 
f 344/344/356 343/343/355 347/347/359 348/348/360 
s 64
f 336/336/348 335/335/347 346/346/358 345/345/357 
f 348/348/360 347/347/359 338/338/350 337/337/349 
s off
f 333/333/345 336/336/348 327/327/339 326/326/338 
f 336/336/348 345/345/357 332/332/344 327/327/339 
f 345/345/357 341/341/353 330/330/342 332/332/344 
f 341/341/353 333/995/345 326/992/338 330/330/342 
f 337/337/349 340/340/352 325/325/337 328/328/340 
f 340/993/352 344/344/356 329/329/341 325/991/337 
f 344/344/356 348/348/360 331/331/343 329/329/341 
f 348/348/360 337/337/349 328/328/340 331/331/343 
s 8
f 349/349/361 350/350/362 351/351/363 352/352/364 
s 16
f 353/353/365 354/354/366 350/350/362 349/349/361 
s 32
f 355/355/367 356/356/368 354/997/366 353/975/365 
s 64
f 352/352/364 351/351/363 356/356/368 355/355/367 
s 8
f 357/357/369 358/358/370 359/359/371 360/360/372 
f 361/361/373 362/362/374 363/363/375 364/364/376 
s 16
f 365/365/377 366/366/378 358/358/370 357/357/369 
f 364/364/376 363/363/375 367/999/379 368/368/380 
s 32
f 369/369/381 370/370/382 366/1001/378 365/1000/377 
f 368/998/380 367/367/379 371/371/383 372/372/384 
s 64
f 360/360/372 359/359/371 370/370/382 369/369/381 
f 372/372/384 371/371/383 362/362/374 361/361/373 
s off
f 357/357/369 360/360/372 351/351/363 350/350/362 
f 360/360/372 369/369/381 356/356/368 351/351/363 
f 369/369/381 365/1000/377 354/997/366 356/356/368 
f 365/365/377 357/357/369 350/350/362 354/354/366 
f 361/361/373 364/364/376 349/349/361 352/352/364 
f 364/364/376 368/368/380 353/353/365 349/349/361 
f 368/998/380 372/372/384 355/355/367 353/975/365 
f 372/372/384 361/361/373 352/352/364 355/355/367 
s 4
f 373/373/385 359/909/386 374/374/387 294/908/388 
s 8
f 375/375/389 376/376/390 377/377/391 378/378/392 
s 16
f 376/1033/390 379/379/393 380/380/394 377/1002/391 
s 32
f 379/379/393 381/381/395 382/382/396 380/380/394 
s 64
f 381/381/395 375/375/389 378/378/392 382/382/396 
s 4
f 378/378/392 377/377/391 383/383/397 384/384/398 
f 377/1002/391 380/380/394 385/385/399 383/1003/397 
f 380/380/394 382/382/396 386/386/400 385/385/399 
f 382/382/396 378/378/392 384/384/398 386/386/400 
s off
f 384/384/398 383/383/397 387/387/401 388/388/402 
f 383/1003/397 385/385/399 389/389/403 387/1004/401 
f 385/385/399 386/386/400 390/390/404 389/389/403 
f 386/386/400 384/384/398 388/388/402 390/390/404 
f 388/388/402 387/387/401 391/391/405 392/392/406 
f 387/1004/401 389/389/403 393/393/407 391/1005/405 
f 389/389/403 390/390/404 394/394/408 393/393/407 
f 390/390/404 388/388/402 392/392/406 394/394/408 
s 4
f 392/392/406 391/391/405 359/909/386 373/373/385 
f 391/1005/405 393/393/407 374/374/387 359/909/386 
f 393/393/407 394/394/408 294/908/388 374/374/387 
f 394/394/408 392/392/406 373/373/385 294/908/388 
s 1
f 381/1029/395 379/1027/393 376/1034/390 375/1031/389 
o Sphere003
usemtl wire_209198102
g Sphere003
s 1
f 395/395/409 396/396/410 397/397/411 
f 395/395/409 397/397/411 398/398/412 
f 395/395/409 398/398/412 399/399/413 
f 395/395/409 399/399/413 400/400/414 
f 395/395/409 400/400/414 401/401/415 
f 395/395/409 401/401/415 402/402/416 
f 395/395/409 402/402/416 403/403/417 
f 395/395/409 403/403/417 404/404/418 
f 395/395/409 404/404/418 405/405/419 
f 395/395/409 405/405/419 406/406/420 
f 395/395/409 406/406/420 407/407/421 
f 395/395/409 407/407/421 408/408/422 
f 395/395/409 408/408/422 409/409/423 
f 395/395/409 409/409/423 410/410/424 
f 395/395/409 410/410/424 411/411/425 
f 395/395/409 411/411/425 412/412/426 
f 395/395/409 412/1010/426 413/413/427 
f 395/395/409 413/413/427 414/414/428 
f 395/395/409 414/414/428 415/415/429 
f 395/395/409 415/415/429 416/416/430 
f 395/395/409 416/416/430 417/417/431 
f 395/395/409 417/417/431 418/418/432 
f 395/395/409 418/418/432 419/419/433 
f 395/395/409 419/419/433 420/420/434 
f 395/395/409 420/420/434 421/421/435 
f 395/395/409 421/421/435 422/422/436 
f 395/395/409 422/422/436 423/423/437 
f 395/395/409 423/423/437 424/424/438 
f 395/395/409 424/424/438 425/425/439 
f 395/395/409 425/425/439 426/426/440 
f 395/395/409 426/426/440 427/427/441 
f 395/395/409 427/427/441 396/396/410 
f 396/396/410 428/428/442 429/429/443 397/397/411 
f 397/397/411 429/429/443 430/430/444 398/398/412 
f 398/398/412 430/430/444 431/431/445 399/399/413 
f 399/399/413 431/431/445 432/432/446 400/400/414 
f 400/400/414 432/432/446 433/433/447 401/401/415 
f 401/401/415 433/433/447 434/434/448 402/402/416 
f 402/402/416 434/434/448 435/435/449 403/403/417 
f 403/403/417 435/435/449 436/436/450 404/404/418 
f 404/404/418 436/436/450 437/437/451 405/405/419 
f 405/405/419 437/437/451 438/438/452 406/406/420 
f 406/406/420 438/438/452 439/439/453 407/407/421 
f 407/407/421 439/439/453 440/440/454 408/408/422 
f 408/408/422 440/440/454 441/441/455 409/409/423 
f 409/409/423 441/441/455 442/442/456 410/410/424 
f 410/410/424 442/442/456 443/443/457 411/411/425 
f 411/411/425 443/443/457 444/444/458 412/412/426 
f 412/1010/426 444/1012/458 445/445/459 413/413/427 
f 413/413/427 445/445/459 446/446/460 414/414/428 
f 414/414/428 446/446/460 447/447/461 415/415/429 
f 415/415/429 447/447/461 448/448/462 416/416/430 
f 416/416/430 448/448/462 449/449/463 417/417/431 
f 417/417/431 449/449/463 450/450/464 418/418/432 
f 418/418/432 450/450/464 451/451/465 419/419/433 
f 419/419/433 451/451/465 452/452/466 420/420/434 
f 420/420/434 452/452/466 453/453/467 421/421/435 
f 421/421/435 453/453/467 454/454/468 422/422/436 
f 422/422/436 454/454/468 455/455/469 423/423/437 
f 423/423/437 455/455/469 456/456/470 424/424/438 
f 424/424/438 456/456/470 457/457/471 425/425/439 
f 425/425/439 457/457/471 458/458/472 426/426/440 
f 426/426/440 458/458/472 459/459/473 427/427/441 
f 427/427/441 459/459/473 428/428/442 396/396/410 
f 428/428/442 460/460/474 461/461/475 429/429/443 
f 429/429/443 461/461/475 462/462/476 430/430/444 
f 430/430/444 462/462/476 463/463/477 431/431/445 
f 431/431/445 463/463/477 464/464/478 432/432/446 
f 432/432/446 464/464/478 465/465/479 433/433/447 
f 433/433/447 465/465/479 466/466/480 434/434/448 
f 434/434/448 466/466/480 467/467/481 435/435/449 
f 435/435/449 467/467/481 468/468/482 436/436/450 
f 436/436/450 468/468/482 469/469/483 437/437/451 
f 437/437/451 469/469/483 470/470/484 438/438/452 
f 438/438/452 470/470/484 471/471/485 439/439/453 
f 439/439/453 471/471/485 472/472/486 440/440/454 
f 440/440/454 472/472/486 473/473/487 441/441/455 
f 441/441/455 473/473/487 474/474/488 442/442/456 
f 442/442/456 474/474/488 475/475/489 443/443/457 
f 443/443/457 475/475/489 476/476/490 444/444/458 
f 444/1012/458 476/1011/490 477/477/491 445/445/459 
f 445/445/459 477/477/491 478/478/492 446/446/460 
f 446/446/460 478/478/492 479/479/493 447/447/461 
f 447/447/461 479/479/493 480/480/494 448/448/462 
f 448/448/462 480/480/494 481/481/495 449/449/463 
f 449/449/463 481/481/495 482/482/496 450/450/464 
f 450/450/464 482/482/496 483/483/497 451/451/465 
f 451/451/465 483/483/497 484/484/498 452/452/466 
f 452/452/466 484/484/498 485/485/499 453/453/467 
f 453/453/467 485/485/499 486/486/500 454/454/468 
f 454/454/468 486/486/500 487/487/501 455/455/469 
f 455/455/469 487/487/501 488/488/502 456/456/470 
f 456/456/470 488/488/502 489/489/503 457/457/471 
f 457/457/471 489/489/503 490/490/504 458/458/472 
f 458/458/472 490/490/504 491/491/505 459/459/473 
f 459/459/473 491/491/505 460/460/474 428/428/442 
f 460/460/474 492/492/506 493/493/507 461/461/475 
f 461/461/475 493/493/507 494/494/508 462/462/476 
f 462/462/476 494/494/508 495/495/509 463/463/477 
f 463/463/477 495/495/509 496/496/510 464/464/478 
f 464/464/478 496/496/510 497/497/511 465/465/479 
f 465/465/479 497/497/511 498/498/512 466/466/480 
f 466/466/480 498/498/512 499/499/513 467/467/481 
f 467/467/481 499/499/513 500/500/514 468/468/482 
f 468/468/482 500/500/514 501/501/515 469/469/483 
f 469/469/483 501/501/515 502/502/516 470/470/484 
f 470/470/484 502/502/516 503/503/517 471/471/485 
f 471/471/485 503/503/517 504/504/518 472/472/486 
f 472/472/486 504/504/518 505/505/519 473/473/487 
f 473/473/487 505/505/519 506/506/520 474/474/488 
f 474/474/488 506/506/520 507/507/521 475/475/489 
f 475/475/489 507/507/521 508/508/522 476/476/490 
f 476/1011/490 508/1013/522 509/509/523 477/477/491 
f 477/477/491 509/509/523 510/510/524 478/478/492 
f 478/478/492 510/510/524 511/511/525 479/479/493 
f 479/479/493 511/511/525 512/512/526 480/480/494 
f 480/480/494 512/512/526 513/513/527 481/481/495 
f 481/481/495 513/513/527 514/514/528 482/482/496 
f 482/482/496 514/514/528 515/515/529 483/483/497 
f 483/483/497 515/515/529 516/516/530 484/484/498 
f 484/484/498 516/516/530 517/517/531 485/485/499 
f 485/485/499 517/517/531 518/518/532 486/486/500 
f 486/486/500 518/518/532 519/519/533 487/487/501 
f 487/487/501 519/519/533 520/520/534 488/488/502 
f 488/488/502 520/520/534 521/521/535 489/489/503 
f 489/489/503 521/521/535 522/522/536 490/490/504 
f 490/490/504 522/522/536 523/523/537 491/491/505 
f 491/491/505 523/523/537 492/492/506 460/460/474 
f 492/492/506 524/524/538 525/525/539 493/493/507 
f 493/493/507 525/525/539 526/526/540 494/494/508 
f 494/494/508 526/526/540 527/527/541 495/495/509 
f 495/495/509 527/527/541 528/528/542 496/496/510 
f 496/496/510 528/528/542 529/529/543 497/497/511 
f 497/497/511 529/529/543 530/530/544 498/498/512 
f 498/498/512 530/530/544 531/531/545 499/499/513 
f 499/499/513 531/531/545 532/532/546 500/500/514 
f 500/500/514 532/532/546 533/533/547 501/501/515 
f 501/501/515 533/533/547 534/534/548 502/502/516 
f 502/502/516 534/534/548 535/535/549 503/503/517 
f 503/503/517 535/535/549 536/536/550 504/504/518 
f 504/504/518 536/536/550 537/537/551 505/505/519 
f 505/505/519 537/537/551 538/538/552 506/506/520 
f 506/506/520 538/538/552 539/539/553 507/507/521 
f 507/507/521 539/539/553 540/540/554 508/508/522 
f 508/1013/522 540/1016/554 541/541/555 509/509/523 
f 509/509/523 541/541/555 542/542/556 510/510/524 
f 510/510/524 542/542/556 543/543/557 511/511/525 
f 511/511/525 543/543/557 544/544/558 512/512/526 
f 512/512/526 544/544/558 545/545/559 513/513/527 
f 513/513/527 545/545/559 546/546/560 514/514/528 
f 514/514/528 546/546/560 547/547/561 515/515/529 
f 515/515/529 547/547/561 548/548/562 516/516/530 
f 516/516/530 548/548/562 549/549/563 517/517/531 
f 517/517/531 549/549/563 550/550/564 518/518/532 
f 518/518/532 550/550/564 551/551/565 519/519/533 
f 519/519/533 551/551/565 552/552/566 520/520/534 
f 520/520/534 552/552/566 553/553/567 521/521/535 
f 521/521/535 553/553/567 554/554/568 522/522/536 
f 522/522/536 554/554/568 555/555/569 523/523/537 
f 523/523/537 555/555/569 524/524/538 492/492/506 
f 524/524/538 556/556/570 557/557/571 525/525/539 
f 525/525/539 557/557/571 558/558/572 526/526/540 
f 526/526/540 558/558/572 559/559/573 527/527/541 
f 527/527/541 559/559/573 560/560/574 528/528/542 
f 528/528/542 560/560/574 561/561/575 529/529/543 
f 529/529/543 561/561/575 562/562/576 530/530/544 
f 530/530/544 562/562/576 563/563/577 531/531/545 
f 531/531/545 563/563/577 564/564/578 532/532/546 
f 532/532/546 564/564/578 565/565/579 533/533/547 
f 533/533/547 565/565/579 566/566/580 534/534/548 
f 534/534/548 566/566/580 567/567/581 535/535/549 
f 535/535/549 567/567/581 568/568/582 536/536/550 
f 536/536/550 568/568/582 569/569/583 537/537/551 
f 537/537/551 569/569/583 570/570/584 538/538/552 
f 538/538/552 570/570/584 571/571/585 539/539/553 
f 539/539/553 571/571/585 572/572/586 540/540/554 
f 540/1016/554 572/1020/586 573/573/587 541/541/555 
f 541/541/555 573/573/587 574/574/588 542/542/556 
f 542/542/556 574/574/588 575/575/589 543/543/557 
f 543/543/557 575/575/589 576/576/590 544/544/558 
f 544/544/558 576/576/590 577/577/591 545/545/559 
f 545/545/559 577/577/591 578/578/592 546/546/560 
f 546/546/560 578/578/592 579/579/593 547/547/561 
f 547/547/561 579/579/593 580/580/594 548/548/562 
f 548/548/562 580/580/594 581/581/595 549/549/563 
f 549/549/563 581/581/595 582/582/596 550/550/564 
f 550/550/564 582/582/596 583/583/597 551/551/565 
f 551/551/565 583/583/597 584/584/598 552/552/566 
f 552/552/566 584/584/598 585/585/599 553/553/567 
f 553/553/567 585/585/599 586/586/600 554/554/568 
f 554/554/568 586/586/600 587/587/601 555/555/569 
f 555/555/569 587/587/601 556/556/570 524/524/538 
f 556/556/570 588/588/602 589/589/603 557/557/571 
f 557/557/571 589/589/603 590/590/604 558/558/572 
f 558/558/572 590/590/604 591/591/605 559/559/573 
f 559/559/573 591/591/605 592/592/606 560/560/574 
f 560/560/574 592/592/606 593/593/607 561/561/575 
f 561/561/575 593/593/607 594/594/608 562/562/576 
f 562/562/576 594/594/608 595/595/609 563/563/577 
f 563/563/577 595/595/609 596/596/610 564/564/578 
f 564/564/578 596/596/610 597/597/611 565/565/579 
f 565/565/579 597/597/611 598/598/612 566/566/580 
f 566/566/580 598/598/612 599/599/613 567/567/581 
f 567/567/581 599/599/613 600/600/614 568/568/582 
f 568/568/582 600/600/614 601/601/615 569/569/583 
f 569/569/583 601/601/615 602/602/616 570/570/584 
f 570/570/584 602/602/616 603/603/617 571/571/585 
f 571/571/585 603/603/617 604/604/618 572/572/586 
f 572/1020/586 604/1017/618 605/605/619 573/573/587 
f 573/573/587 605/605/619 606/606/620 574/574/588 
f 574/574/588 606/606/620 607/607/621 575/575/589 
f 575/575/589 607/607/621 608/608/622 576/576/590 
f 576/576/590 608/608/622 609/609/623 577/577/591 
f 577/577/591 609/609/623 610/610/624 578/578/592 
f 578/578/592 610/610/624 611/611/625 579/579/593 
f 579/579/593 611/611/625 612/612/626 580/580/594 
f 580/580/594 612/612/626 613/613/627 581/581/595 
f 581/581/595 613/613/627 614/614/628 582/582/596 
f 582/582/596 614/614/628 615/615/629 583/583/597 
f 583/583/597 615/615/629 616/616/630 584/584/598 
f 584/584/598 616/616/630 617/617/631 585/585/599 
f 585/585/599 617/617/631 618/618/632 586/586/600 
f 586/586/600 618/618/632 619/619/633 587/587/601 
f 587/587/601 619/619/633 588/588/602 556/556/570 
f 588/588/602 620/620/634 621/621/635 589/589/603 
f 589/589/603 621/621/635 622/622/636 590/590/604 
f 590/590/604 622/622/636 623/623/637 591/591/605 
f 591/591/605 623/623/637 624/624/638 592/592/606 
f 592/592/606 624/624/638 625/625/639 593/593/607 
f 593/593/607 625/625/639 626/626/640 594/594/608 
f 594/594/608 626/626/640 627/627/641 595/595/609 
f 595/595/609 627/627/641 628/628/642 596/596/610 
f 596/596/610 628/628/642 629/629/643 597/597/611 
f 597/597/611 629/629/643 630/630/644 598/598/612 
f 598/598/612 630/630/644 631/631/645 599/599/613 
f 599/599/613 631/631/645 632/632/646 600/600/614 
f 600/600/614 632/632/646 633/633/647 601/601/615 
f 601/601/615 633/633/647 634/634/648 602/602/616 
f 602/602/616 634/634/648 635/635/649 603/603/617 
f 603/603/617 635/635/649 636/636/650 604/604/618 
f 604/1017/618 636/1021/650 637/637/651 605/605/619 
f 605/605/619 637/637/651 638/638/652 606/606/620 
f 606/606/620 638/638/652 639/639/653 607/607/621 
f 607/607/621 639/639/653 640/640/654 608/608/622 
f 608/608/622 640/640/654 641/641/655 609/609/623 
f 609/609/623 641/641/655 642/642/656 610/610/624 
f 610/610/624 642/642/656 643/643/657 611/611/625 
f 611/611/625 643/643/657 644/644/658 612/612/626 
f 612/612/626 644/644/658 645/645/659 613/613/627 
f 613/613/627 645/645/659 646/646/660 614/614/628 
f 614/614/628 646/646/660 647/647/661 615/615/629 
f 615/615/629 647/647/661 648/648/662 616/616/630 
f 616/616/630 648/648/662 649/649/663 617/617/631 
f 617/617/631 649/649/663 650/650/664 618/618/632 
f 618/618/632 650/650/664 651/651/665 619/619/633 
f 619/619/633 651/651/665 620/620/634 588/588/602 
f 620/620/634 652/652/666 653/653/667 621/621/635 
f 621/621/635 653/653/667 654/654/668 622/622/636 
f 622/622/636 654/654/668 655/655/669 623/623/637 
f 623/623/637 655/655/669 656/656/670 624/624/638 
f 624/624/638 656/656/670 657/657/671 625/625/639 
f 625/625/639 657/657/671 658/658/672 626/626/640 
f 626/626/640 658/658/672 659/659/673 627/627/641 
f 627/627/641 659/659/673 660/660/674 628/628/642 
f 628/628/642 660/660/674 661/661/675 629/629/643 
f 629/629/643 661/661/675 662/662/676 630/630/644 
f 630/630/644 662/662/676 663/663/677 631/631/645 
f 631/631/645 663/663/677 664/664/678 632/632/646 
f 632/632/646 664/664/678 665/665/679 633/633/647 
f 633/633/647 665/665/679 666/666/680 634/634/648 
f 634/634/648 666/666/680 667/667/681 635/635/649 
f 635/635/649 667/667/681 668/668/682 636/636/650 
f 636/1021/650 668/1015/682 669/669/683 637/637/651 
f 637/637/651 669/669/683 670/670/684 638/638/652 
f 638/638/652 670/670/684 671/671/685 639/639/653 
f 639/639/653 671/671/685 672/672/686 640/640/654 
f 640/640/654 672/672/686 673/673/687 641/641/655 
f 641/641/655 673/673/687 674/674/688 642/642/656 
f 642/642/656 674/674/688 675/675/689 643/643/657 
f 643/643/657 675/675/689 676/676/690 644/644/658 
f 644/644/658 676/676/690 677/677/691 645/645/659 
f 645/645/659 677/677/691 678/678/692 646/646/660 
f 646/646/660 678/678/692 679/679/693 647/647/661 
f 647/647/661 679/679/693 680/680/694 648/648/662 
f 648/648/662 680/680/694 681/681/695 649/649/663 
f 649/649/663 681/681/695 682/682/696 650/650/664 
f 650/650/664 682/682/696 683/683/697 651/651/665 
f 651/651/665 683/683/697 652/652/666 620/620/634 
f 652/652/666 684/684/698 685/685/699 653/653/667 
f 653/653/667 685/685/699 686/686/700 654/654/668 
f 654/654/668 686/686/700 687/687/701 655/655/669 
f 655/655/669 687/687/701 688/688/702 656/656/670 
f 656/656/670 688/688/702 689/689/703 657/657/671 
f 657/657/671 689/689/703 690/690/704 658/658/672 
f 658/658/672 690/690/704 691/691/705 659/659/673 
f 659/659/673 691/691/705 692/692/706 660/660/674 
f 660/660/674 692/692/706 693/693/707 661/661/675 
f 661/661/675 693/693/707 694/694/708 662/662/676 
f 662/662/676 694/694/708 695/695/709 663/663/677 
f 663/663/677 695/695/709 696/696/710 664/664/678 
f 664/664/678 696/696/710 697/697/711 665/665/679 
f 665/665/679 697/697/711 698/698/712 666/666/680 
f 666/666/680 698/698/712 699/699/713 667/667/681 
f 667/667/681 699/699/713 700/700/714 668/668/682 
f 668/1015/682 700/1019/714 701/701/715 669/669/683 
f 669/669/683 701/701/715 702/702/716 670/670/684 
f 670/670/684 702/702/716 703/703/717 671/671/685 
f 671/671/685 703/703/717 704/704/718 672/672/686 
f 672/672/686 704/704/718 705/705/719 673/673/687 
f 673/673/687 705/705/719 706/706/720 674/674/688 
f 674/674/688 706/706/720 707/707/721 675/675/689 
f 675/675/689 707/707/721 708/708/722 676/676/690 
f 676/676/690 708/708/722 709/709/723 677/677/691 
f 677/677/691 709/709/723 710/710/724 678/678/692 
f 678/678/692 710/710/724 711/711/725 679/679/693 
f 679/679/693 711/711/725 712/712/726 680/680/694 
f 680/680/694 712/712/726 713/713/727 681/681/695 
f 681/681/695 713/713/727 714/714/728 682/682/696 
f 682/682/696 714/714/728 715/715/729 683/683/697 
f 683/683/697 715/715/729 684/684/698 652/652/666 
f 684/684/698 716/716/730 717/717/731 685/685/699 
f 685/685/699 717/717/731 718/718/732 686/686/700 
f 686/686/700 718/718/732 719/719/733 687/687/701 
f 687/687/701 719/719/733 720/720/734 688/688/702 
f 688/688/702 720/720/734 721/721/735 689/689/703 
f 689/689/703 721/721/735 722/722/736 690/690/704 
f 690/690/704 722/722/736 723/723/737 691/691/705 
f 691/691/705 723/723/737 724/724/738 692/692/706 
f 692/692/706 724/724/738 725/725/739 693/693/707 
f 693/693/707 725/725/739 726/726/740 694/694/708 
f 694/694/708 726/726/740 727/727/741 695/695/709 
f 695/695/709 727/727/741 728/728/742 696/696/710 
f 696/696/710 728/728/742 729/729/743 697/697/711 
f 697/697/711 729/729/743 730/730/744 698/698/712 
f 698/698/712 730/730/744 731/731/745 699/699/713 
f 699/699/713 731/731/745 732/732/746 700/700/714 
f 700/1019/714 732/1014/746 733/733/747 701/701/715 
f 701/701/715 733/733/747 734/734/748 702/702/716 
f 702/702/716 734/734/748 735/735/749 703/703/717 
f 703/703/717 735/735/749 736/736/750 704/704/718 
f 704/704/718 736/736/750 737/737/751 705/705/719 
f 705/705/719 737/737/751 738/738/752 706/706/720 
f 706/706/720 738/738/752 739/739/753 707/707/721 
f 707/707/721 739/739/753 740/740/754 708/708/722 
f 708/708/722 740/740/754 741/741/755 709/709/723 
f 709/709/723 741/741/755 742/742/756 710/710/724 
f 710/710/724 742/742/756 743/743/757 711/711/725 
f 711/711/725 743/743/757 744/744/758 712/712/726 
f 712/712/726 744/744/758 745/745/759 713/713/727 
f 713/713/727 745/745/759 746/746/760 714/714/728 
f 714/714/728 746/746/760 747/747/761 715/715/729 
f 715/715/729 747/747/761 716/716/730 684/684/698 
f 716/716/730 748/748/762 749/749/763 717/717/731 
f 717/717/731 749/749/763 750/750/764 718/718/732 
f 718/718/732 750/750/764 751/751/765 719/719/733 
f 719/719/733 751/751/765 752/752/766 720/720/734 
f 720/720/734 752/752/766 753/753/767 721/721/735 
f 721/721/735 753/753/767 754/754/768 722/722/736 
f 722/722/736 754/754/768 755/755/769 723/723/737 
f 723/723/737 755/755/769 756/756/770 724/724/738 
f 724/724/738 756/756/770 757/757/771 725/725/739 
f 725/725/739 757/757/771 758/758/772 726/726/740 
f 726/726/740 758/758/772 759/759/773 727/727/741 
f 727/727/741 759/759/773 760/760/774 728/728/742 
f 728/728/742 760/760/774 761/761/775 729/729/743 
f 729/729/743 761/761/775 762/762/776 730/730/744 
f 730/730/744 762/762/776 763/763/777 731/731/745 
f 731/731/745 763/763/777 764/764/778 732/732/746 
f 732/1014/746 764/1018/778 765/765/779 733/733/747 
f 733/733/747 765/765/779 766/766/780 734/734/748 
f 734/734/748 766/766/780 767/767/781 735/735/749 
f 735/735/749 767/767/781 768/768/782 736/736/750 
f 736/736/750 768/768/782 769/769/783 737/737/751 
f 737/737/751 769/769/783 770/770/784 738/738/752 
f 738/738/752 770/770/784 771/771/785 739/739/753 
f 739/739/753 771/771/785 772/772/786 740/740/754 
f 740/740/754 772/772/786 773/773/787 741/741/755 
f 741/741/755 773/773/787 774/774/788 742/742/756 
f 742/742/756 774/774/788 775/775/789 743/743/757 
f 743/743/757 775/775/789 776/776/790 744/744/758 
f 744/744/758 776/776/790 777/777/791 745/745/759 
f 745/745/759 777/777/791 778/778/792 746/746/760 
f 746/746/760 778/778/792 779/779/793 747/747/761 
f 747/747/761 779/779/793 748/748/762 716/716/730 
f 748/748/762 780/780/794 781/781/795 749/749/763 
f 749/749/763 781/781/795 782/782/796 750/750/764 
f 750/750/764 782/782/796 783/783/797 751/751/765 
f 751/751/765 783/783/797 784/784/798 752/752/766 
f 752/752/766 784/784/798 785/785/799 753/753/767 
f 753/753/767 785/785/799 786/786/800 754/754/768 
f 754/754/768 786/786/800 787/787/801 755/755/769 
f 755/755/769 787/787/801 788/788/802 756/756/770 
f 756/756/770 788/788/802 789/789/803 757/757/771 
f 757/757/771 789/789/803 790/790/804 758/758/772 
f 758/758/772 790/790/804 791/791/805 759/759/773 
f 759/759/773 791/791/805 792/792/806 760/760/774 
f 760/760/774 792/792/806 793/793/807 761/761/775 
f 761/761/775 793/793/807 794/794/808 762/762/776 
f 762/762/776 794/794/808 795/795/809 763/763/777 
f 763/763/777 795/795/809 796/796/810 764/764/778 
f 764/1018/778 796/1024/810 797/797/811 765/765/779 
f 765/765/779 797/797/811 798/798/812 766/766/780 
f 766/766/780 798/798/812 799/799/813 767/767/781 
f 767/767/781 799/799/813 800/800/814 768/768/782 
f 768/768/782 800/800/814 801/801/815 769/769/783 
f 769/769/783 801/801/815 802/802/816 770/770/784 
f 770/770/784 802/802/816 803/803/817 771/771/785 
f 771/771/785 803/803/817 804/804/818 772/772/786 
f 772/772/786 804/804/818 805/805/819 773/773/787 
f 773/773/787 805/805/819 806/806/820 774/774/788 
f 774/774/788 806/806/820 807/807/821 775/775/789 
f 775/775/789 807/807/821 808/808/822 776/776/790 
f 776/776/790 808/808/822 809/809/823 777/777/791 
f 777/777/791 809/809/823 810/810/824 778/778/792 
f 778/778/792 810/810/824 811/811/825 779/779/793 
f 779/779/793 811/811/825 780/780/794 748/748/762 
f 780/780/794 812/812/826 813/813/827 781/781/795 
f 781/781/795 813/813/827 814/814/828 782/782/796 
f 782/782/796 814/814/828 815/815/829 783/783/797 
f 783/783/797 815/815/829 816/816/830 784/784/798 
f 784/784/798 816/816/830 817/817/831 785/785/799 
f 785/785/799 817/817/831 818/818/832 786/786/800 
f 786/786/800 818/818/832 819/819/833 787/787/801 
f 787/787/801 819/819/833 820/820/834 788/788/802 
f 788/788/802 820/820/834 821/821/835 789/789/803 
f 789/789/803 821/821/835 822/822/836 790/790/804 
f 790/790/804 822/822/836 823/823/837 791/791/805 
f 791/791/805 823/823/837 824/824/838 792/792/806 
f 792/792/806 824/824/838 825/825/839 793/793/807 
f 793/793/807 825/825/839 826/826/840 794/794/808 
f 794/794/808 826/826/840 827/827/841 795/795/809 
f 795/795/809 827/827/841 828/828/842 796/796/810 
f 796/1024/810 828/1022/842 829/829/843 797/797/811 
f 797/797/811 829/829/843 830/830/844 798/798/812 
f 798/798/812 830/830/844 831/831/845 799/799/813 
f 799/799/813 831/831/845 832/832/846 800/800/814 
f 800/800/814 832/832/846 833/833/847 801/801/815 
f 801/801/815 833/833/847 834/834/848 802/802/816 
f 802/802/816 834/834/848 835/835/849 803/803/817 
f 803/803/817 835/835/849 836/836/850 804/804/818 
f 804/804/818 836/836/850 837/837/851 805/805/819 
f 805/805/819 837/837/851 838/838/852 806/806/820 
f 806/806/820 838/838/852 839/839/853 807/807/821 
f 807/807/821 839/839/853 840/840/854 808/808/822 
f 808/808/822 840/840/854 841/841/855 809/809/823 
f 809/809/823 841/841/855 842/842/856 810/810/824 
f 810/810/824 842/842/856 843/843/857 811/811/825 
f 811/811/825 843/843/857 812/812/826 780/780/794 
f 812/812/826 844/844/858 845/845/859 813/813/827 
f 813/813/827 845/845/859 846/846/860 814/814/828 
f 814/814/828 846/846/860 847/847/861 815/815/829 
f 815/815/829 847/847/861 848/848/862 816/816/830 
f 816/816/830 848/848/862 849/849/863 817/817/831 
f 817/817/831 849/849/863 850/850/864 818/818/832 
f 818/818/832 850/850/864 851/851/865 819/819/833 
f 819/819/833 851/851/865 852/852/866 820/820/834 
f 820/820/834 852/852/866 853/853/867 821/821/835 
f 821/821/835 853/853/867 854/854/868 822/822/836 
f 822/822/836 854/854/868 855/855/869 823/823/837 
f 823/823/837 855/855/869 856/856/870 824/824/838 
f 824/824/838 856/856/870 857/857/871 825/825/839 
f 825/825/839 857/857/871 858/858/872 826/826/840 
f 826/826/840 858/858/872 859/859/873 827/827/841 
f 827/827/841 859/859/873 860/860/874 828/828/842 
f 828/1022/842 860/1023/874 861/861/875 829/829/843 
f 829/829/843 861/861/875 862/862/876 830/830/844 
f 830/830/844 862/862/876 863/863/877 831/831/845 
f 831/831/845 863/863/877 864/864/878 832/832/846 
f 832/832/846 864/864/878 865/865/879 833/833/847 
f 833/833/847 865/865/879 866/866/880 834/834/848 
f 834/834/848 866/866/880 867/867/881 835/835/849 
f 835/835/849 867/867/881 868/868/882 836/836/850 
f 836/836/850 868/868/882 869/869/883 837/837/851 
f 837/837/851 869/869/883 870/870/884 838/838/852 
f 838/838/852 870/870/884 871/871/885 839/839/853 
f 839/839/853 871/871/885 872/872/886 840/840/854 
f 840/840/854 872/872/886 873/873/887 841/841/855 
f 841/841/855 873/873/887 874/874/888 842/842/856 
f 842/842/856 874/874/888 875/875/889 843/843/857 
f 843/843/857 875/875/889 844/844/858 812/812/826 
f 876/876/890 845/845/859 844/844/858 
f 876/876/890 846/846/860 845/845/859 
f 876/876/890 847/847/861 846/846/860 
f 876/876/890 848/848/862 847/847/861 
f 876/876/890 849/849/863 848/848/862 
f 876/876/890 850/850/864 849/849/863 
f 876/876/890 851/851/865 850/850/864 
f 876/876/890 852/852/866 851/851/865 
f 876/876/890 853/853/867 852/852/866 
f 876/876/890 854/854/868 853/853/867 
f 876/876/890 855/855/869 854/854/868 
f 876/876/890 856/856/870 855/855/869 
f 876/876/890 857/857/871 856/856/870 
f 876/876/890 858/858/872 857/857/871 
f 876/876/890 859/859/873 858/858/872 
f 876/876/890 860/860/874 859/859/873 
f 876/876/890 861/861/875 860/1023/874 
f 876/876/890 862/862/876 861/861/875 
f 876/876/890 863/863/877 862/862/876 
f 876/876/890 864/864/878 863/863/877 
f 876/876/890 865/865/879 864/864/878 
f 876/876/890 866/866/880 865/865/879 
f 876/876/890 867/867/881 866/866/880 
f 876/876/890 868/868/882 867/867/881 
f 876/876/890 869/869/883 868/868/882 
f 876/876/890 870/870/884 869/869/883 
f 876/876/890 871/871/885 870/870/884 
f 876/876/890 872/872/886 871/871/885 
f 876/876/890 873/873/887 872/872/886 
f 876/876/890 874/874/888 873/873/887 
f 876/876/890 875/875/889 874/874/888 
f 876/876/890 844/844/858 875/875/889 
o Base
usemtl wire_180222188
g Base
s 4
f 877/877/891 878/878/892 879/879/893 880/880/894 
s 8
f 881/1026/895 882/882/896 883/883/897 884/884/898 
s 16
f 882/882/896 885/885/899 886/886/900 883/883/897 
s 32
f 885/885/899 887/887/901 888/888/902 886/886/900 
s 64
f 887/887/901 881/881/895 884/1006/898 888/888/902 
s 4
f 884/884/898 883/883/897 889/889/903 890/890/904 
f 883/883/897 886/886/900 891/891/905 889/889/903 
f 886/886/900 888/888/902 892/892/906 891/891/905 
f 888/888/902 884/1006/898 890/1007/904 892/892/906 
s off
f 890/890/904 889/889/903 893/893/907 894/894/908 
f 889/889/903 891/891/905 895/895/909 893/893/907 
f 891/891/905 892/892/906 896/896/910 895/895/909 
f 892/892/906 890/1007/904 894/1008/908 896/896/910 
f 894/894/908 893/893/907 897/897/911 898/898/912 
f 893/893/907 895/895/909 899/899/913 897/897/911 
f 895/895/909 896/896/910 900/900/914 899/899/913 
f 896/896/910 894/1008/908 898/1009/912 900/900/914 
s 4
f 898/898/912 897/897/911 878/878/892 877/877/891 
f 897/897/911 899/899/913 879/879/893 878/878/892 
f 899/899/913 900/900/914 880/880/894 879/879/893 
f 900/900/914 898/1009/912 877/877/891 880/880/894 
s 2
f 887/1028/901 885/1030/899 882/1032/896 881/1025/895 
#end 880 faces

#ZOMPROPERTIES_04{
#ZOMPROPERTIES_04 table {Mesh table {SymPlane table {Point vector3d 0 0 0 Normal vector3d 1 0 0 Threshold double 0.01 
#ZOMPROPERTIES_04 Enabled bool false EdgeID int -1 SymEdgeID int -1 UPos double 0.5 LocalMode bool false } RootGroup C
#ZOMPROPERTIES_04 SubMeshGroup {Children table {Tile_0_0 CSubMeshGroup {Children table {} BBoxUV box3d 0 0 0 0 0 0 BBo
#ZOMPROPERTIES_04 x3D box3d 0 0 0 0 0 0 Area3D double 0 AreaUV double 0 IsRoot bool false Properties table {Selected b
#ZOMPROPERTIES_04 ool false Box box3d 0 1 0 1 0 1 U int 0 V int 0 NU int 0 NV int 0 Tiling vector3d 1 1 1 TileRatioMod
#ZOMPROPERTIES_04 e string "1:1" Overflow string "Off" Pack table {BoxFrameEdit bool false Behavior string "Free" Lock
#ZOMPROPERTIES_04 ed bool false Scaling table {Optimization string "Fill" } } Hotspot table {} } IsTile bool true Poly
#ZOMPROPERTIES_04 IDs ints { 345 244 256 248 250 252 254 257 247 263 255 253 251 249 260 261 245 246 258 262 259 284 2
#ZOMPROPERTIES_04 87 286 285 299 290 292 294 288 296 297 298 301 291 293 295 289 300 303 302 304 307 306 318 312 314 3
#ZOMPROPERTIES_04 08 310 319 316 317 322 313 315 309 311 321 305 320 323 264 267 277 274 268 270 272 278 266 282 273 2
#ZOMPROPERTIES_04 71 269 275 283 280 281 265 279 276 21 33 25 27 29 31 34 24 40 32 30 28 26 37 38 22 23 35 39 36 81 84
#ZOMPROPERTIES_04  83 95 89 91 85 87 96 93 94 99 90 92 86 88 98 82 97 100 61 64 63 62 76 67 69 71 65 73 74 75 78 68 70
#ZOMPROPERTIES_04  72 66 77 80 79 41 44 54 51 45 47 49 55 43 59 50 48 46 52 60 57 58 42 56 53 324 343 339 335 331 327 
#ZOMPROPERTIES_04 326 330 328 325 329 333 337 341 340 336 332 334 338 342 344 163 166 176 173 167 169 171 177 165 181 
#ZOMPROPERTIES_04 172 170 168 174 182 179 180 164 178 175 143 155 147 149 151 153 156 146 162 154 152 150 148 159 160 
#ZOMPROPERTIES_04 144 145 157 161 158 203 206 205 217 211 213 207 209 218 215 216 221 212 214 208 210 220 204 219 222 
#ZOMPROPERTIES_04 183 186 185 184 198 189 191 193 187 195 196 197 200 190 192 194 188 199 202 201 122 141 137 133 129 
#ZOMPROPERTIES_04 125 124 227 231 235 239 243 223 241 237 233 229 225 226 230 234 238 242 240 236 232 228 224 123 127 
#ZOMPROPERTIES_04 131 135 139 136 132 128 126 130 134 140 138 142 879 0 19 15 11 7 3 104 108 112 116 120 101 118 114 1
#ZOMPROPERTIES_04 10 106 102 105 109 113 117 121 119 115 111 107 103 2 1 5 9 13 17 14 10 6 4 8 12 18 16 20 858 877 873
#ZOMPROPERTIES_04  869 865 861 860 859 863 867 871 875 872 868 864 862 866 870 876 874 878 346 378 379 380 381 382 383
#ZOMPROPERTIES_04  384 385 386 387 388 389 390 391 392 393 425 457 489 521 553 585 617 649 681 713 745 777 809 841 840
#ZOMPROPERTIES_04  839 807 806 805 804 803 802 801 800 799 798 797 796 795 794 825 824 823 822 821 820 819 818 817 816
#ZOMPROPERTIES_04  815 814 813 812 811 810 778 746 714 682 650 618 586 554 522 490 458 426 394 362 363 364 396 397 398
#ZOMPROPERTIES_04  399 400 401 402 403 404 405 406 407 408 409 440 441 473 442 443 444 445 446 447 448 449 450 451 452
#ZOMPROPERTIES_04  453 454 455 456 487 488 519 520 551 552 583 584 615 616 647 648 679 680 711 712 743 744 775 742 741
#ZOMPROPERTIES_04  740 739 738 737 736 735 734 733 732 731 730 761 760 759 758 757 756 755 754 753 752 751 750 749 748
#ZOMPROPERTIES_04  747 716 715 684 683 652 651 620 619 588 587 556 555 524 523 492 491 460 459 428 461 462 463 464 465
#ZOMPROPERTIES_04  466 467 468 469 470 471 503 504 536 537 506 507 508 509 510 511 512 513 514 515 516 517 518 549 550
#ZOMPROPERTIES_04  581 582 613 614 645 646 677 678 709 676 675 674 673 672 671 670 669 668 667 666 697 696 695 694 693
#ZOMPROPERTIES_04  692 691 690 689 688 687 686 685 654 653 622 621 590 589 558 557 526 525 494 527 528 529 530 531 532
#ZOMPROPERTIES_04  533 534 566 567 599 600 601 570 571 572 573 574 575 576 577 578 579 580 611 612 643 610 642 547 609
#ZOMPROPERTIES_04  641 546 608 640 545 607 639 544 606 638 543 605 637 542 604 636 541 603 635 540 602 634 539 633 665
#ZOMPROPERTIES_04  538 632 664 569 631 663 568 630 629 628 627 626 625 624 623 592 591 560 593 561 656 594 562 657 595
#ZOMPROPERTIES_04  563 658 596 564 659 597 660 661 662 598 565 501 500 499 498 497 559 496 495 655 718 719 720 721 722
#ZOMPROPERTIES_04  723 724 725 726 727 728 729 698 699 700 701 702 703 704 705 706 644 707 708 548 485 484 483 482 481
#ZOMPROPERTIES_04  480 479 478 477 476 475 474 505 535 502 438 437 436 435 434 433 432 431 493 430 429 717 780 781 782
#ZOMPROPERTIES_04  783 784 785 786 787 788 789 790 791 792 793 762 763 764 765 766 767 768 769 770 771 772 710 773 774
#ZOMPROPERTIES_04  486 423 422 421 420 419 418 417 416 415 414 413 412 411 410 472 439 376 375 374 373 372 371 370 369
#ZOMPROPERTIES_04  368 367 366 427 395 365 779 842 843 844 845 846 847 848 849 850 851 852 853 854 855 856 857 826 827
#ZOMPROPERTIES_04  828 829 830 831 832 833 834 835 836 837 776 808 838 424 361 360 359 358 357 356 355 354 353 352 351
#ZOMPROPERTIES_04  350 349 348 377 347 } } } BBoxUV box3d 0 0 0 0 0 0 BBox3D box3d 0 0 0 0 0 0 Area3D double 0 AreaUV 
#ZOMPROPERTIES_04 double 0 IsRoot bool true Properties table {Selected bool false Box box3d 0 1 0 1 0 1 U int 0 V int 
#ZOMPROPERTIES_04 0 NU int 1 NV int 1 Tiling vector3d 1 1 1 TileRatioMode string "1:1" Overflow string "Off" Pack tabl
#ZOMPROPERTIES_04 e {Rotate table {Mode int 1 Min double 0 Max double 90 Step double 0 } Resolution int 512 MapResolut
#ZOMPROPERTIES_04 ion int 2048 PaddingSize double 0.0078125 MarginSize double 0.00195312 Scaling table {TexelDensity d
#ZOMPROPERTIES_04 ouble 1024 Mode int 2 Optimization string "Fill" } LayoutScalingMode int 2 MaxMutations int 1 } Hots
#ZOMPROPERTIES_04 pot table {} } IsTile bool false PolyIDs ints { } } Maps table {Pin CDataMap {PrimType string "Verte
#ZOMPROPERTIES_04 x" Size int 1 DefaultValue double 0 ScaleType string "Normalized" MergeMode string "Max" MinValue do
#ZOMPROPERTIES_04 uble 0 MaxValue double 1 Data doubles { r 1034 0 } } Density CDataMap {PrimType string "Polygon" Siz
#ZOMPROPERTIES_04 e int 1 DefaultValue double 1 ScaleType string "Log" MergeMode string "Average" MinValue double 0.1 
#ZOMPROPERTIES_04 MaxValue double 4 Data doubles { r 880 1 } } Protect CDataMap {PrimType string "Vertex" Size int 1 D
#ZOMPROPERTIES_04 efaultValue double 0 ScaleType string "Normalized" MergeMode string "Average" MinValue double -1 Max
#ZOMPROPERTIES_04 Value double 1 Data doubles { r 1034 0 } } } } }
#ZOMPROPERTIES_04}


#ZOMSCENE_01{
#ZOMSCENE_01 CScene {Settings table {AxisSystem table {UpVector string "y" } Unit string "cm" TexelDensityDisplay
#ZOMSCENE_01 Unit string "tx/cm" } Root CXForm {} }
#ZOMSCENE_01}

#begin 0 fatal error vertex (that RizomUV cannot handle)
#end 0 fatal error vertex (that RizomUV cannot handle)

#begin 0 error vertex
#end 0 error vertex
