#File written by RizomUV 2024.0.148.g2292b90e. Compilation :Aug 22 2024,14:22:02
mtllib Dragoonn_.mtl
#begin vertices
v 14.34611 27.20668 14.16602
v 14.3461 27.20668 -14.52619
v -14.3461 27.20668 14.16602
v -14.34611 27.20668 -14.52619
v 7.964036 88.85242 13.71907
v 9.936189 88.85242 -10.85602
v -7.964036 88.85242 13.71907
v -9.936189 88.85242 -10.85602
v 13.08056 68.30384 -17.45411
v 14.3461 69.38539 -18.71966
v 14.3461 67.22231 -18.71966
v 13.08056 68.30384 8.707006
v 14.3461 67.22231 9.972549
v 14.3461 69.38539 13.71907
v 13.08056 47.75526 17.81428
v 14.3461 46.67372 19.07983
v 14.3461 48.83681 19.07983
v 13.08056 47.75526 -8.346835
v 14.3461 48.83681 -9.612379
v 14.3461 46.67372 -9.612379
v -13.08056 68.30384 -17.45411
v -14.3461 69.38539 -18.71966
v -14.3461 67.22231 -18.71966
v -13.08056 47.75526 -8.346833
v -14.3461 48.83681 -9.612377
v -14.3461 46.67372 -9.612377
v -13.08056 68.30384 8.707007
v -14.3461 69.38539 13.71907
v -14.3461 67.22231 9.972551
v -13.08056 47.75526 17.81428
v -14.3461 48.83681 19.07983
v -14.3461 46.67372 19.07983
v 14.3461 75.8744 -17.32184
v 12.4897 82.36342 -15.92401
v 12.4897 82.36342 13.71907
v 14.3461 75.8744 13.71907
v -14.3461 75.8744 -17.32184
v -12.4897 82.36342 -15.92401
v -14.3461 75.8744 13.71907
v -12.4897 82.36342 13.71907
v 8.043228 87.48758 22.20916
v -8.043226 87.48758 22.20916
v -11.23081 81.90845 22.20917
v -12.9001 76.32933 22.20917
v -12.9001 73.86461 22.20917
v 12.9001 73.86461 22.20917
v 12.90011 76.32933 22.20917
v 11.23082 81.90845 22.20917
v 8.934683 82.79234 35.35231
v -8.934681 82.79234 35.35231
v -11.23081 80.34337 35.35231
v -12.9001 77.89441 35.35232
v -9.355235 75.44544 35.35231
v 9.355236 75.44544 35.35232
v 12.9001 77.89441 35.35232
v 11.23081 80.34337 35.35232
v 8.934682 82.79234 43.14792
v -8.93468 82.79234 43.14792
v -11.23081 80.34337 45.47893
v -10.44566 77.89439 45.47893
v -7.575256 75.44542 43.14791
v 7.575259 75.44542 43.14792
v 10.44566 77.89439 45.47894
v 11.23081 80.34337 45.47894
v 4.782035 27.20668 14.16602
v -4.782034 27.20668 14.16602
v -4.782035 27.20668 -14.52619
v 4.782034 27.20668 -14.52619
v 3.312062 88.85242 -14.52619
v -3.312065 88.85242 -14.52619
v 3.312063 89.57971 13.71907
v -3.312063 89.57971 13.71907
v -4.782035 67.22231 -23.40983
v 4.782032 67.22231 -23.40983
v 4.782034 48.83681 -14.30255
v -4.782033 48.83681 -14.30255
v 4.782035 67.22231 9.97255
v -4.782033 67.22231 9.97255
v -4.782033 48.83681 20.43252
v 4.782034 48.83681 20.43252
v 4.782034 69.38539 -23.40983
v -4.782034 69.38539 -23.40983
v -4.782034 46.67372 -14.30255
v 4.782033 46.67372 -14.30255
v -4.782033 69.38539 13.71907
v 4.782034 69.38539 13.71907
v 4.782035 46.67372 20.43252
v -4.782032 46.67372 20.43252
v -4.360187 68.30384 -20.95132
v 4.360185 68.30384 -20.95132
v 4.360185 47.75526 -11.14433
v -4.360186 47.75526 -11.14433
v 4.360187 68.30384 8.707006
v -4.360186 68.30384 8.707006
v -4.360184 47.75526 19.16697
v 4.360186 47.75526 19.16697
v -4.163235 82.36342 -18.58943
v 4.16323 82.36342 -18.58943
v 4.782033 75.8744 -22.01201
v -4.782036 75.8744 -22.01201
v 3.743604 82.57301 45.47893
v -3.743603 82.57301 45.47893
v -3.481885 77.89439 45.47893
v 3.481889 77.89439 45.47893
v 2.978228 87.96561 22.20916
v -2.978227 87.96561 22.20916
v -4.300034 73.86461 22.20917
v 4.300035 73.86461 22.20917
v 2.978228 83.89703 35.35231
v -2.978226 83.89703 35.35231
v -3.118412 75.44544 35.35231
v 3.118411 75.44544 35.35232
v 2.978228 85.02199 43.14792
v -2.978227 85.02199 43.14792
v -2.525085 75.44542 43.14792
v 2.525086 75.44542 43.14792
v -16.83268 27.20668 4.601949
v -16.83268 27.20668 -4.96212
v 16.83268 27.20668 -4.962121
v 16.83268 27.20668 4.601948
v 9.93619 88.85242 4.303981
v 9.93619 88.85242 -5.111104
v -9.93619 88.85242 -5.1111
v -9.93619 88.85242 4.303985
v 16.83268 67.22231 -9.155587
v 16.83268 67.22231 0.40848
v 16.83268 48.8368 9.515759
v 16.83268 48.8368 -0.048308
v -16.83268 67.22231 0.408483
v -16.83268 67.22231 -9.155583
v -16.83268 48.8368 -0.04831
v -16.83268 48.8368 9.515758
v 16.83268 69.38539 2.906162
v 16.83268 69.38539 -7.906745
v 16.83268 46.67372 -0.048311
v 16.83268 46.67372 9.515756
v -16.83268 69.38539 -7.906746
v -16.83268 69.38539 2.906162
v -16.83268 46.67372 9.51576
v -16.83268 46.67372 -0.048307
v 15.34778 68.30384 -8.733739
v 15.34778 68.30384 -0.013367
v 15.34778 47.75526 9.093911
v 15.34778 47.75526 0.373539
v -15.34778 68.30384 -0.013366
v -15.34778 68.30384 -8.733737
v -15.34778 47.75526 0.373539
v -15.34778 47.75526 9.093912
v 12.4897 82.36342 -6.042986
v 11.4508 81.88677 3.932438
v 16.83268 75.8744 3.372102
v 16.83268 75.8744 -6.974865
v -11.45079 81.88677 3.932441
v -12.4897 82.36342 -6.042983
v -16.83268 75.8744 -6.974864
v -16.83268 75.8744 3.372103
v -4.782035 27.20668 4.601949
v -4.782035 27.20668 -4.962121
v 4.782035 27.20668 -4.962121
v 4.782035 27.20668 4.601949
v -3.312064 90.87488 -5.111101
v -3.312063 90.87488 4.303983
v 3.312063 90.87488 4.303982
v 3.312062 90.87488 -5.111102
v 10.62559 87.23314 4.323604
v 10.62559 85.20853 8.547619
v 12.57543 82.23094 9.834826
v 13.99297 79.18382 8.547619
v 15.8917 77.32323 3.612028
v 15.8917 79.18382 -1.059001
v 12.57543 82.23094 -1.907658
v 10.62559 85.20853 -0.193799
v -13.99296 79.18382 8.547622
v -12.57543 82.23094 9.834826
v -10.62559 85.20853 8.547619
v -10.62559 87.23314 4.323607
v -10.62559 85.20853 -0.193797
v -12.57543 82.23094 -1.907655
v -15.8917 79.18382 -1.059001
v -15.8917 77.32323 3.61203
v 9.797279 86.0887 4.288227
v 9.797278 84.51278 7.956725
v 11.50309 81.93473 9.078498
v 12.64942 79.37624 7.951839
v 14.36379 77.65054 3.535661
v 14.30496 79.36562 -0.44766
v 11.49212 81.86447 -1.210721
v 9.797278 84.51278 0.292119
v -12.64942 79.37624 7.951841
v -11.50308 81.93473 9.0785
v -9.797276 84.51278 7.956726
v -9.797278 86.0887 4.28823
v -9.797276 84.51278 0.292121
v -11.49212 81.86447 -1.210719
v -14.30495 79.36562 -0.447659
v -14.36379 77.65055 3.535662
v -9.062944 82.65553 35.85289
v -11.10255 80.48017 35.85289
v -11.10254 80.48017 44.84813
v -9.062943 82.65553 42.77755
v 11.10255 80.48017 35.85289
v 9.062948 82.65553 35.85289
v 9.062947 82.65553 42.77755
v 11.10255 80.48017 44.84814
v -8.6934 81.39271 36.78946
v -9.567636 80.46029 36.78946
v -9.567636 80.46029 43.14887
v -8.6934 81.39271 42.26135
v 9.567639 80.46029 36.78946
v 8.693404 81.39271 36.78946
v 8.693404 81.39271 42.26135
v 9.567637 80.46029 43.14887
v -9.457392 86.82973 3.431643
v -10.36715 86.11699 5.93118
v -11.49503 86.11699 5.141428
v -12.07693 86.11699 3.893539
v -11.95693 86.11699 2.521886
v -11.16718 86.11699 1.394002
v -9.919289 86.11699 0.812101
v -8.995493 86.11699 6.051184
v -11.03314 84.16977 7.76097
v -12.98669 84.16977 6.393077
v -13.99457 84.16977 4.231671
v -13.78672 84.16977 1.855898
v -12.41883 84.16977 -0.097655
v -10.25742 84.16977 -1.105537
v -8.657359 84.16977 7.968822
v -11.27691 81.50983 8.430718
v -13.53267 81.50983 6.851213
v -14.69647 81.50983 4.355435
v -14.45647 81.50983 1.61213
v -12.87696 81.50983 -0.643639
v -10.38119 81.50983 -1.80744
v -8.533593 81.50983 8.670725
v -11.03314 78.84987 7.760969
v -12.98669 78.84987 6.393077
v -13.99457 78.84987 4.231671
v -13.78672 78.84987 1.855899
v -12.41883 78.84987 -0.097655
v -10.25742 78.84987 -1.105536
v -8.657359 78.84987 7.968822
v -10.36715 76.90265 5.93118
v -11.49503 76.90265 5.141428
v -12.07693 76.90265 3.893539
v -11.95693 76.90265 2.521886
v -11.16718 76.90265 1.394002
v -9.919289 76.90265 0.812101
v -8.995493 76.90265 6.051184
v -9.457392 76.18992 3.431643
v -8.725118 89.52288 4.744903
v -9.778963 87.80818 9.202736
v -9.859202 88.84442 6.827768
v -9.66526 89.88417 3.95574
v -9.52196 90.04562 2.525924
v -9.243219 89.90643 1.339206
v -8.743307 89.86173 -0.119798
v -9.196963 87.64217 9.694424
v -10.03265 87.02632 10.70534
v -10.65163 87.9223 8.558081
v -10.52163 89.27585 3.960089
v -10.34689 89.35373 1.71803
v -9.941463 88.95882 -0.828338
v -9.254129 88.64104 -3.5056
v -8.961482 86.8838 11.03649
v -10.14794 86.13786 11.55758
v -11.05239 86.54848 9.586891
v -10.96014 87.9993 4.511462
v -10.67295 88.22181 1.616167
v -10.20429 87.83393 -1.734038
v -9.463755 87.45174 -4.502165
v -8.881652 85.97334 11.6151
v -10.03265 84.92036 10.70534
v -10.65163 85.81634 8.558079
v -10.52163 87.16989 3.960089
v -10.34689 87.24777 1.71803
v -9.941463 86.85285 -0.828338
v -9.254129 86.53508 -3.505599
v -8.961482 84.77784 11.03649
v -9.778963 84.16055 9.202736
v -9.859202 85.19679 6.827768
v -9.66526 86.23654 3.955739
v -9.52196 86.39799 2.525924
v -9.243219 86.2588 1.339206
v -8.743307 86.2141 -0.119799
v -9.196963 83.99454 9.694423
v -8.725118 85.31096 4.744903
v 9.085293 89.52288 4.744902
v 10.13914 87.80818 9.202735
v 10.21938 88.84442 6.827767
v 10.02543 89.88417 3.955738
v 9.882134 90.04562 2.525923
v 9.603395 89.90643 1.339205
v 9.103482 89.86173 -0.119799
v 9.557137 87.64217 9.694424
v 10.39282 87.02632 10.70534
v 11.01181 87.9223 8.55808
v 10.88181 89.27585 3.960088
v 10.70707 89.35373 1.718029
v 10.30164 88.95882 -0.828339
v 9.614305 88.64104 -3.505601
v 9.321656 86.8838 11.03649
v 10.50812 86.13786 11.55758
v 11.41257 86.54848 9.586889
v 11.32031 87.9993 4.511461
v 11.03313 88.22181 1.616166
v 10.56447 87.83393 -1.734039
v 9.82393 87.45174 -4.502166
v 9.241826 85.97334 11.6151
v 10.39282 84.92036 10.70534
v 11.0118 85.81634 8.558078
v 10.88181 87.16989 3.960088
v 10.70707 87.24777 1.718029
v 10.30164 86.85285 -0.828339
v 9.614305 86.53508 -3.505601
v 9.321656 84.77784 11.03649
v 10.13914 84.16055 9.202735
v 10.21938 85.19679 6.827767
v 10.02543 86.23654 3.955738
v 9.882134 86.39799 2.525923
v 9.603395 86.2588 1.339205
v 9.103482 86.2141 -0.1198
v 9.557137 83.99454 9.694423
v 9.085293 85.31096 4.744902
v 9.817566 86.82973 3.431642
v 10.72732 86.11699 5.93118
v 11.85521 86.11699 5.141427
v 12.43711 86.11699 3.893539
v 12.3171 86.11699 2.521886
v 11.52735 86.11699 1.394001
v 10.27946 86.11699 0.812101
v 9.355667 86.11699 6.051184
v 11.39331 84.16977 7.760969
v 13.34686 84.16977 6.393077
v 14.35475 84.16977 4.231671
v 14.14689 84.16977 1.855898
v 12.779 84.16977 -0.097656
v 10.6176 84.16977 -1.105537
v 9.017533 84.16977 7.968822
v 11.63708 81.50983 8.430717
v 13.89285 81.50983 6.851212
v 15.05665 81.50983 4.355435
v 14.81664 81.50983 1.612129
v 13.23714 81.50983 -0.64364
v 10.74136 81.50983 -1.807441
v 8.893768 81.50983 8.670725
v 11.39331 78.84987 7.760969
v 13.34686 78.84987 6.393076
v 14.35475 78.84987 4.231671
v 14.14689 78.84987 1.855898
v 12.779 78.84987 -0.097655
v 10.6176 78.84987 -1.105537
v 9.017533 78.84987 7.968822
v 10.72732 76.90265 5.93118
v 11.85521 76.90265 5.141428
v 12.43711 76.90265 3.893539
v 12.3171 76.90265 2.521886
v 11.52735 76.90265 1.394001
v 10.27946 76.90265 0.812101
v 9.355667 76.90265 6.051184
v 9.817566 76.18992 3.431642
v 5.373767 87.72893 14.52821
v 7.597433 87.72893 10.77197
v 8.926455 87.72893 5.957555
v 9.200539 87.72893 0.665643
v 8.386621 87.72893 -4.465477
v 6.582874 87.72893 -8.816916
v 4.006857 87.72893 -11.86383
v 0.969276 87.72893 -13.23871
v -2.163494 87.72893 -12.77573
v -5.013591 87.72893 -10.53073
v -7.237257 87.72893 -6.77449
v -8.56628 87.72893 -1.960073
v -8.840364 87.72893 3.331837
v -8.026448 87.72893 8.462956
v -6.222703 87.72893 12.8144
v -3.646688 87.72893 15.86131
v -0.609108 87.72893 17.23619
v 2.523662 87.72893 16.77322
v 5.373767 93.5305 14.52821
v 7.597433 93.5305 10.77197
v 8.926455 93.5305 5.957555
v 9.200539 93.5305 0.665643
v 8.386621 93.5305 -4.465477
v 6.582874 93.5305 -8.816916
v 4.006857 93.5305 -11.86383
v 0.969276 93.5305 -13.23871
v -2.163494 93.5305 -12.77573
v -5.013591 93.5305 -10.53073
v -7.237257 93.5305 -6.77449
v -8.56628 93.5305 -1.960073
v -8.840364 93.5305 3.331837
v -8.026448 93.5305 8.462956
v -6.222703 93.5305 12.8144
v -3.646688 93.5305 15.86131
v -0.609108 93.5305 17.23619
v 2.523662 93.5305 16.77322
v 4.42841 93.5305 12.24759
v 6.247321 93.5305 9.175064
v 7.334435 93.5305 5.236969
v 7.558628 93.5305 0.908294
v 6.892861 93.5305 -3.288855
v 5.417434 93.5305 -6.848242
v 3.310306 93.5305 -9.34055
v 0.825628 93.5305 -10.46517
v -1.736913 93.5305 -10.08647
v -4.068234 93.5305 -8.250103
v -5.887145 93.5305 -5.177578
v -6.974259 93.5305 -1.239485
v -7.198455 93.5305 3.089186
v -6.532688 93.5305 7.286334
v -5.057262 93.5305 10.84572
v -2.950136 93.5305 13.33803
v -0.465458 93.5305 14.46266
v 2.097082 93.5305 14.08395
v 4.019771 91.85594 11.26177
v 5.663724 91.85594 8.484786
v 6.64627 91.85594 4.925489
v 6.8489 91.85594 1.013183
v 6.247171 91.85594 -2.78025
v 4.913662 91.85594 -5.997266
v 3.009216 91.85594 -8.249845
v 0.763534 91.85594 -9.266292
v -1.55252 91.85594 -8.924012
v -3.659595 91.85594 -7.264286
v -5.303549 91.85594 -4.487301
v -6.286096 91.85594 -0.928005
v -6.488727 91.85594 2.984299
v -5.886999 91.85594 6.77773
v -4.553492 91.85594 9.994745
v -2.649046 91.85594 12.24733
v -0.403364 91.85594 13.26378
v 1.91269 91.85594 12.9215
v -4.15366 87.74847 16.91215
v -6.080978 87.74847 16.91215
v -4.15366 87.74847 7.707271
v -6.080978 87.74847 7.707272
v -4.15366 90.63134 16.91215
v -6.080978 90.63134 16.91215
v -4.15366 90.63134 7.707271
v -6.080978 90.63134 7.707272
v -4.15366 92.83966 16.91215
v -6.080978 92.83966 16.91215
v -6.080978 96.07466 7.707272
v -4.15366 96.07466 7.707271
v -0.78357 87.74847 22.05595
v 1.143748 87.74847 22.05595
v -0.78357 87.74847 12.85107
v 1.143749 87.74847 12.85107
v -0.78357 90.63134 22.05595
v 1.143748 90.63134 22.05595
v -0.78357 90.63134 12.85107
v 1.143749 90.63134 12.85107
v -0.78357 92.83966 22.05595
v 1.143748 92.83966 22.05595
v 1.143749 96.07466 12.85107
v -0.78357 96.07466 12.85107
v 4.513839 87.74847 16.91215
v 6.441157 87.74847 16.91215
v 4.513838 87.74847 7.707272
v 6.441157 87.74847 7.707272
v 4.513839 90.63134 16.91215
v 6.441157 90.63134 16.91215
v 4.513838 90.63134 7.707272
v 6.441157 90.63134 7.707272
v 4.513839 92.83966 16.91215
v 6.441157 92.83966 16.91215
v 6.441157 96.07466 7.707272
v 4.513838 96.07466 7.707272
v 6.588335 87.74847 5.106794
v 9.438231 87.74847 5.106794
v 6.588336 87.74847 -4.098086
v 9.438231 87.74847 -4.098086
v 6.588335 90.63134 5.106794
v 9.438231 90.63134 5.106794
v 6.588336 90.63134 -4.098086
v 9.438231 90.63134 -4.098086
v 6.588335 92.83966 5.106794
v 9.438231 92.83966 5.106794
v 9.438231 96.07466 -4.098086
v 6.588336 96.07466 -4.098086
v -6.228157 87.74847 5.106795
v -9.078053 87.74847 5.106795
v -6.228157 87.74847 -4.098085
v -9.078052 87.74847 -4.098085
v -6.228157 90.63134 5.106795
v -9.078053 90.63134 5.106795
v -6.228157 90.63134 -4.098085
v -9.078052 90.63134 -4.098085
v -6.228157 92.83966 5.106795
v -9.078053 92.83966 5.106795
v -9.078052 96.07466 -4.098085
v -6.228157 96.07466 -4.098085
v -4.15366 86.81665 -5.689592
v -6.080979 86.81665 -5.689592
v -4.15366 86.81665 -14.89447
v -6.080978 86.81665 -14.89447
v -4.15366 89.69952 -5.689592
v -6.080979 89.69952 -5.689592
v -4.15366 89.69952 -14.89447
v -6.080978 89.69952 -14.89447
v -4.15366 91.90784 -5.689592
v -6.080979 91.90784 -5.689592
v -6.080978 95.14282 -14.89447
v -4.15366 95.14282 -14.89447
v 4.513838 86.81665 -5.689592
v 6.441157 86.81665 -5.689593
v 4.513838 86.81665 -14.89447
v 6.441157 86.81665 -14.89447
v 4.513838 89.69952 -5.689592
v 6.441157 89.69952 -5.689593
v 4.513838 89.69952 -14.89447
v 6.441157 89.69952 -14.89447
v 4.513838 91.90784 -5.689592
v 6.441157 91.90784 -5.689593
v 6.441157 95.14282 -14.89447
v 4.513838 95.14282 -14.89447
v 21.18678 14.24579 9.912639
v 15.24755 14.24579 -9.959743
v 21.18679 14.24579 -9.959743
v 15.24754 65.23768 9.912639
v 21.18678 61.76673 9.912639
v 15.24755 65.23768 -9.959743
v 21.18679 61.76673 -9.959743
v 21.18678 36.37601 9.912639
v 21.18679 36.37601 -9.959743
v 15.24755 36.37601 -9.959743
v 21.18679 14.24579 21.76884
v 21.18679 36.37601 21.76884
v 1.818897 36.37601 9.912639
v 1.818897 14.24579 9.912639
v 1.818896 14.24579 21.76884
v 1.818896 36.37601 21.76884
v 21.18679 14.24579 3.288512
v 21.18679 14.24579 -3.335615
v 21.18679 63.48609 3.288512
v 21.18679 63.48609 -3.335615
v 15.24754 65.23768 -3.335616
v 15.24754 65.23768 3.288511
v 21.53661 36.37601 -3.335616
v 21.53661 36.37601 3.288511
v 15.24754 14.5579 21.5459
v 15.81019 14.24579 21.76884
v 14.6849 14.24579 21.76884
v 15.24754 36.0639 21.5459
v 14.6849 36.37601 21.76884
v 15.81019 36.37601 21.76884
v 15.24754 14.5579 10.02411
v 15.24754 16.38739 10.02411
v 14.68489 14.24579 9.912639
v 15.81019 14.24579 9.912639
v 15.24754 36.0639 10.02411
v 15.24754 38.2586 9.912639
v 15.81019 36.37601 9.912639
v 14.68489 36.37601 9.912639
v 15.24754 34.23442 10.02411
v 7.881946 36.0639 10.07985
v 8.444594 36.37601 9.91264
v 7.319297 36.37601 9.912639
v 7.881946 14.5579 10.07985
v 7.319297 14.24579 9.912639
v 8.444594 14.24579 9.91264
v 7.881946 14.5579 21.60163
v 7.319297 14.24579 21.76884
v 8.444594 14.24579 21.76884
v 7.881946 36.0639 21.60163
v 7.319297 36.37601 21.76884
v 8.444594 36.37601 21.76884
v 21.53661 35.37601 20.76884
v 21.53661 15.24579 20.76884
v 21.53661 15.24579 10.91264
v 21.53661 35.37601 10.91264
v 1.469075 35.37601 10.91264
v 1.469075 15.24579 10.91264
v 1.469074 15.24579 20.76884
v 1.469074 35.37601 20.76884
v 16.13685 15.57635 23.16967
v 20.86013 15.57635 23.16967
v 20.86013 24.69829 23.16967
v 16.13685 24.69829 23.16967
v 8.82373 15.57635 23.16967
v 14.30576 15.57635 23.16967
v 14.30576 24.69829 23.16967
v 8.82373 24.69829 23.16967
v 2.153081 24.69829 23.16967
v 2.153081 15.57635 23.16967
v 6.985117 15.57635 23.16967
v 6.985117 24.69829 23.16967
v 21.53661 62.48609 -3.20795
v 21.53661 62.48609 3.160847
v 21.53661 60.99316 8.912639
v 21.53661 36.37601 8.912639
v 21.53661 15.24579 8.912639
v 21.53661 15.24579 3.288512
v 21.53661 15.24579 -3.335615
v 21.53661 15.24579 -8.959743
v 21.53661 36.37601 -8.959743
v 21.53661 60.99316 -8.959743
v -20.82661 14.24579 9.91264
v -14.88737 14.24579 -9.959742
v -20.82661 14.24579 -9.959742
v -14.88737 65.23768 9.91264
v -20.82661 61.76673 9.91264
v -14.88737 65.23768 -9.959742
v -20.82661 61.76673 -9.959742
v -20.82661 36.37601 9.91264
v -20.82661 36.37601 -9.959742
v -14.88737 36.37601 -9.959742
v -20.82661 14.24579 21.76884
v -20.82661 36.37601 21.76884
v -1.458722 36.37601 9.91264
v -1.458722 14.24579 9.91264
v -1.458723 14.24579 21.76884
v -1.458723 36.37601 21.76884
v -20.82661 14.24579 3.288512
v -20.82661 14.24579 -3.335615
v -20.82661 63.48609 3.288512
v -20.82661 63.48609 -3.335615
v -14.88737 65.23768 -3.335616
v -14.88737 65.23768 3.288511
v -21.17643 36.37601 -3.335616
v -21.17643 36.37601 3.288511
v -14.88737 14.5579 21.54589
v -15.45002 14.24579 21.76884
v -14.32472 14.24579 21.76884
v -14.88737 36.0639 21.54589
v -14.32472 36.37601 21.76884
v -15.45002 36.37601 21.76884
v -14.88737 14.5579 10.02411
v -14.88737 16.38739 10.02411
v -14.32472 14.24579 9.91264
v -15.45002 14.24579 9.91264
v -14.88737 36.0639 10.02411
v -14.88737 38.2586 9.91264
v -15.45002 36.37601 9.91264
v -14.32472 36.37601 9.91264
v -14.88737 34.23442 10.02411
v -7.52177 36.0639 10.07985
v -8.084419 36.37601 9.912639
v -6.959122 36.37601 9.91264
v -7.52177 14.5579 10.07985
v -6.959122 14.24579 9.91264
v -8.084419 14.24579 9.912639
v -7.521771 14.5579 21.60163
v -6.959123 14.24579 21.76884
v -8.084419 14.24579 21.76884
v -7.521771 36.0639 21.60163
v -6.959123 36.37601 21.76884
v -8.084419 36.37601 21.76884
v -21.17643 35.37601 20.76884
v -21.17643 15.24579 20.76884
v -21.17643 15.24579 10.91264
v -21.17643 35.37601 10.91264
v -1.108899 35.37601 10.91264
v -1.108899 15.24579 10.91264
v -1.108901 15.24579 20.76884
v -1.108901 35.37601 20.76884
v -15.77668 15.57635 23.16967
v -20.49995 15.57635 23.16967
v -20.49995 24.69829 23.16967
v -15.77668 24.69829 23.16967
v -8.463556 15.57635 23.16967
v -13.94558 15.57635 23.16967
v -13.94558 24.69829 23.16967
v -8.463556 24.69829 23.16967
v -1.792908 24.69829 23.16967
v -1.792908 15.57635 23.16967
v -6.624942 15.57635 23.16967
v -6.624942 24.69829 23.16967
v -21.17643 62.48609 -3.20795
v -21.17643 62.48609 3.160847
v -21.17643 60.99316 8.91264
v -21.17643 36.37601 8.91264
v -21.17643 15.24579 8.91264
v -21.17643 15.24579 3.288512
v -21.17643 15.24579 -3.335615
v -21.17643 15.24579 -8.959742
v -21.17643 36.37601 -8.959742
v -21.17643 60.99316 -8.959742
v 20.20712 2e-06 20.02704
v 20.20712 2e-06 -20.38721
v -20.20712 2e-06 20.02704
v -20.20712 2e-06 -20.38721
v 20.20712 21.18316 20.02704
v 20.20712 21.18316 -20.38721
v -20.20712 21.18316 20.02704
v -20.20712 21.18316 -20.38721
v 20.20712 17.52906 -20.38721
v 20.20712 19.5531 -20.38721
v 20.20712 15.50502 -20.38721
v 20.20712 17.52906 20.02704
v 20.20712 15.50502 20.02704
v 20.20712 19.5531 20.02704
v 20.20712 12.23327 -20.38721
v 20.20712 14.25732 -20.38721
v 20.20712 10.20923 -20.38721
v 20.20712 12.23327 20.02704
v 20.20712 10.20923 20.02704
v 20.20712 14.25732 20.02704
v 20.20712 6.937485 20.02704
v 20.20712 4.913441 20.02704
v 20.20712 8.961529 20.02704
v 20.20712 6.937485 -20.38721
v 20.20712 8.961529 -20.38721
v 20.20712 4.913443 -20.38721
v -20.20712 17.52906 -20.38721
v -20.20712 19.5531 -20.38721
v -20.20712 15.50502 -20.38721
v -20.20712 12.23327 -20.38721
v -20.20712 14.25732 -20.38721
v -20.20712 10.20923 -20.38721
v -20.20712 6.937485 -20.38721
v -20.20712 8.961529 -20.38721
v -20.20712 4.913443 -20.38721
v -20.20712 17.52906 20.02704
v -20.20712 19.5531 20.02704
v -20.20712 15.50502 20.02704
v -20.20712 12.23327 20.02704
v -20.20712 14.25732 20.02704
v -20.20712 10.20923 20.02704
v -20.20712 6.937485 20.02704
v -20.20712 8.961529 20.02704
v -20.20712 4.913443 20.02704
v 20.67912 15.08474 -20.85921
v 20.67912 15.08474 20.49903
v -20.67912 15.08474 20.49903
v -20.67912 15.08474 -20.85921
v 20.67912 14.67759 20.49903
v 20.67912 14.67759 -20.85921
v -20.67912 14.67759 -20.85921
v -20.67912 14.67759 20.49903
v 20.67912 10.6295 20.49903
v 20.67912 10.6295 -20.85921
v -20.67912 10.6295 -20.85921
v -20.67912 10.6295 20.49903
v 20.67912 11.813 -20.85921
v 20.67912 11.813 20.49903
v -20.67912 11.813 20.49903
v -20.67912 11.813 -20.85921
v 20.67912 8.541252 -20.85921
v 20.67912 8.541252 20.49903
v -20.67912 8.541252 20.49903
v -20.67912 8.541252 -20.85921
v 20.67912 7.357759 20.49903
v 20.67912 7.357759 -20.85921
v -20.67912 7.357759 -20.85921
v -20.67912 7.357759 20.49903
v 20.67912 19.13283 -20.85921
v 20.67912 19.13283 20.49903
v -20.67912 19.13283 20.49903
v -20.67912 19.13283 -20.85921
v 20.67912 17.94934 20.49903
v 20.67912 17.94934 -20.85921
v -20.67912 17.94934 -20.85921
v -20.67912 17.94934 20.49903
v 20.08889 9.788956 -20.26898
v 20.08889 9.788956 19.90881
v -20.08889 9.788956 19.90881
v -20.08889 9.788956 -20.26898
v 20.08889 9.381802 19.90881
v 20.08889 9.381802 -20.26898
v -20.08889 9.381802 -20.26898
v -20.08889 9.381802 19.90881
v -20.08889 0.420275 19.90881
v 20.08889 0.420275 19.90881
v 20.08889 0.420275 -20.26898
v -20.08889 0.420275 -20.26898
v 20.08889 4.493168 -20.26898
v 20.08889 4.493166 19.90881
v -20.08889 4.493168 19.90881
v -20.08889 4.493168 -20.26898
v 20.08889 15.92529 19.90881
v 20.08889 15.92529 -20.26898
v -20.08889 15.92529 -20.26898
v -20.08889 15.92529 19.90881
v 20.08889 17.10879 -20.26898
v 20.08889 17.10879 19.90881
v -20.08889 17.10879 19.90881
v -20.08889 17.10879 -20.26898
v -10.10356 2e-06 20.02704
v 1e-06 2e-06 20.02704
v 10.10356 2e-06 20.02704
v -20.20712 2e-06 -10.28365
v -20.20712 2e-06 -0.180085
v -20.20712 2e-06 9.923475
v 10.10356 2e-06 -20.38721
v -1e-06 2e-06 -20.38721
v -10.10356 2e-06 -20.38721
v 20.20712 2e-06 9.923473
v 20.20712 2e-06 -0.180087
v 20.20712 2e-06 -10.28365
v 20.20712 21.18316 9.923473
v 20.20712 21.18316 -0.180087
v 20.20712 21.18316 -10.28365
v 10.10356 21.18316 -20.38721
v -1e-06 21.18316 -20.38721
v -10.10356 21.18316 -20.38721
v -20.20712 21.18316 -10.28365
v -20.20712 21.18316 -0.180085
v -20.20712 21.18316 9.923475
v -10.10356 21.18316 20.02704
v 1e-06 21.18316 20.02704
v 10.10356 21.18316 20.02704
v 20.20712 10.20923 -10.28365
v 20.20712 10.20923 -0.180087
v 20.20712 10.20923 9.923473
v 20.20712 8.961529 9.923473
v 20.20712 8.961529 -0.180087
v 20.20712 8.961529 -10.28365
v -10.10356 10.20923 -20.38721
v -1e-06 10.20923 -20.38721
v 10.10356 10.20923 -20.38721
v 10.10356 8.961529 -20.38721
v -1e-06 8.961529 -20.38721
v -10.10356 8.961529 -20.38721
v -20.20712 10.20923 9.923475
v -20.20712 10.20923 -0.180085
v -20.20712 10.20923 -10.28365
v -20.20712 8.961529 -10.28365
v -20.20712 8.961529 -0.180085
v -20.20712 8.961529 9.923475
v 10.10356 10.20923 20.02704
v 1e-06 10.20923 20.02704
v -10.10356 10.20923 20.02704
v -10.10356 8.961529 20.02704
v 1e-06 8.961529 20.02704
v 10.10356 8.961529 20.02704
v 20.20712 19.5531 -10.28365
v 20.20712 19.5531 -0.180087
v 20.20712 19.5531 9.923473
v 20.20712 15.50502 9.923473
v 20.20712 15.50502 -0.180087
v 20.20712 15.50502 -10.28365
v 20.20712 14.25732 9.923473
v 20.20712 14.25732 -0.180087
v 20.20712 14.25732 -10.28365
v 20.20712 4.913443 -10.28365
v 20.20712 4.913441 -0.180087
v 20.20712 4.913441 9.923473
v -10.10356 19.5531 -20.38721
v -1e-06 19.5531 -20.38721
v 10.10356 19.5531 -20.38721
v 10.10356 15.50502 -20.38721
v -1e-06 15.50502 -20.38721
v -10.10356 15.50502 -20.38721
v 10.10356 14.25732 -20.38721
v -1e-06 14.25732 -20.38721
v -10.10356 14.25732 -20.38721
v -10.10356 4.913443 -20.38721
v -1e-06 4.913443 -20.38721
v 10.10356 4.913443 -20.38721
v -20.20712 19.5531 9.923475
v -20.20712 19.5531 -0.180085
v -20.20712 19.5531 -10.28365
v -20.20712 15.50502 -10.28365
v -20.20712 15.50502 -0.180085
v -20.20712 15.50502 9.923475
v -20.20712 14.25732 -10.28365
v -20.20712 14.25732 -0.180085
v -20.20712 14.25732 9.923475
v -20.20712 4.913443 9.923475
v -20.20712 4.913443 -0.180085
v -20.20712 4.913443 -10.28365
v 10.10356 19.5531 20.02704
v 1e-06 19.5531 20.02704
v -10.10356 19.5531 20.02704
v -10.10356 15.50502 20.02704
v 1e-06 15.50502 20.02704
v 10.10356 15.50502 20.02704
v -10.10356 14.25732 20.02704
v 1e-06 14.25732 20.02704
v 10.10356 14.25732 20.02704
v 10.10356 4.913441 20.02704
v 1e-06 4.913441 20.02704
v -10.10356 4.913443 20.02704
v 20.20712 12.23327 -10.28365
v 20.20712 12.23327 -0.180087
v 20.20712 12.23327 9.923473
v 20.20712 6.937485 9.923473
v 20.20712 6.937485 -0.180087
v 20.20712 6.937485 -10.28365
v -10.10356 12.23327 -20.38721
v -1e-06 12.23327 -20.38721
v 10.10356 12.23327 -20.38721
v 10.10356 6.937485 -20.38721
v -1e-06 6.937485 -20.38721
v -10.10356 6.937485 -20.38721
v -20.20712 12.23327 9.923475
v -20.20712 12.23327 -0.180085
v -20.20712 12.23327 -10.28365
v -20.20712 6.937485 -10.28365
v -20.20712 6.937485 -0.180085
v -20.20712 6.937485 9.923475
v 10.10356 12.23327 20.02704
v 1e-06 12.23327 20.02704
v -10.10356 12.23327 20.02704
v -10.10356 6.937485 20.02704
v 1e-06 6.937485 20.02704
v 10.10356 6.937485 20.02704
v 20.20712 17.52906 -10.28365
v 20.20712 17.52906 -0.180087
v 20.20712 17.52906 9.923473
v -10.10356 17.52906 -20.38721
v -1e-06 17.52906 -20.38721
v 10.10356 17.52906 -20.38721
v -20.20712 17.52906 9.923475
v -20.20712 17.52906 -0.180085
v -20.20712 17.52906 -10.28365
v 10.10356 17.52906 20.02704
v 1e-06 17.52906 20.02704
v -10.10356 17.52906 20.02704
v 20.67912 15.08474 -10.51965
v 20.67912 15.08474 -0.180087
v 20.67912 15.08474 10.15947
v 10.33956 15.08474 20.49903
v 1e-06 15.08474 20.49903
v -10.33956 15.08474 20.49903
v -20.67912 15.08474 10.15948
v -20.67912 15.08474 -0.180085
v -20.67912 15.08474 -10.51965
v -10.33956 15.08474 -20.85921
v -1e-06 15.08474 -20.85921
v 10.33956 15.08474 -20.85921
v 20.67912 14.67759 10.15947
v 20.67912 14.67759 -0.180087
v 20.67912 14.67759 -10.51965
v 10.33956 14.67759 -20.85921
v -1e-06 14.67759 -20.85921
v -10.33956 14.67759 -20.85921
v -20.67912 14.67759 -10.51965
v -20.67912 14.67759 -0.180085
v -20.67912 14.67759 10.15948
v -10.33956 14.67759 20.49903
v 1e-06 14.67759 20.49903
v 10.33956 14.67759 20.49903
v 20.67912 10.6295 10.15947
v 20.67912 10.6295 -0.180087
v 20.67912 10.6295 -10.51965
v 10.33956 10.6295 -20.85921
v -1e-06 10.6295 -20.85921
v -10.33956 10.6295 -20.85921
v -20.67912 10.6295 -10.51965
v -20.67912 10.6295 -0.180085
v -20.67912 10.6295 10.15948
v -10.33956 10.6295 20.49903
v 1e-06 10.6295 20.49903
v 10.33956 10.6295 20.49903
v 20.67912 11.813 -10.51965
v 20.67912 11.813 -0.180087
v 20.67912 11.813 10.15947
v 10.33956 11.813 20.49903
v 1e-06 11.813 20.49903
v -10.33956 11.813 20.49903
v -20.67912 11.813 10.15948
v -20.67912 11.813 -0.180085
v -20.67912 11.813 -10.51965
v -10.33956 11.813 -20.85921
v -1e-06 11.813 -20.85921
v 10.33956 11.813 -20.85921
v 20.67912 8.541252 -10.51965
v 20.67912 8.541252 -0.180087
v 20.67912 8.541252 10.15947
v 10.33956 8.541252 20.49903
v 1e-06 8.541252 20.49903
v -10.33956 8.541252 20.49903
v -20.67912 8.541252 10.15948
v -20.67912 8.541252 -0.180085
v -20.67912 8.541252 -10.51965
v -10.33956 8.541252 -20.85921
v -1e-06 8.541252 -20.85921
v 10.33956 8.541252 -20.85921
v 20.67912 7.357759 10.15947
v 20.67912 7.357759 -0.180087
v 20.67912 7.357759 -10.51965
v 10.33956 7.357759 -20.85921
v -1e-06 7.357759 -20.85921
v -10.33956 7.357759 -20.85921
v -20.67912 7.357759 -10.51965
v -20.67912 7.357759 -0.180085
v -20.67912 7.357759 10.15948
v -10.33956 7.357759 20.49903
v 1e-06 7.357759 20.49903
v 10.33956 7.357759 20.49903
v 20.67912 19.13283 -10.51965
v 20.67912 19.13283 -0.180087
v 20.67912 19.13283 10.15947
v 10.33956 19.13283 20.49903
v 1e-06 19.13283 20.49903
v -10.33956 19.13283 20.49903
v -20.67912 19.13283 10.15948
v -20.67912 19.13283 -0.180085
v -20.67912 19.13283 -10.51965
v -10.33956 19.13283 -20.85921
v -1e-06 19.13283 -20.85921
v 10.33956 19.13283 -20.85921
v 20.67912 17.94934 10.15947
v 20.67912 17.94934 -0.180087
v 20.67912 17.94934 -10.51965
v 10.33956 17.94934 -20.85921
v -1e-06 17.94934 -20.85921
v -10.33956 17.94934 -20.85921
v -20.67912 17.94934 -10.51965
v -20.67912 17.94934 -0.180085
v -20.67912 17.94934 10.15948
v -10.33956 17.94934 20.49903
v 1e-06 17.94934 20.49903
v 10.33956 17.94934 20.49903
v 20.08889 9.788956 -10.22453
v 20.08889 9.788956 -0.180087
v 20.08889 9.788956 9.864359
v 10.04445 9.788956 19.90881
v 1e-06 9.788956 19.90881
v -10.04444 9.788956 19.90881
v -20.08889 9.788956 9.864361
v -20.08889 9.788956 -0.180085
v -20.08889 9.788956 -10.22453
v -10.04445 9.788956 -20.26898
v -1e-06 9.788956 -20.26898
v 10.04444 9.788956 -20.26898
v 20.08889 9.381802 9.864359
v 20.08889 9.381802 -0.180087
v 20.08889 9.381802 -10.22453
v 10.04444 9.381802 -20.26898
v -1e-06 9.381802 -20.26898
v -10.04445 9.381802 -20.26898
v -20.08889 9.381802 -10.22453
v -20.08889 9.381802 -0.180085
v -20.08889 9.381802 9.864361
v -10.04444 9.381802 19.90881
v 1e-06 9.381802 19.90881
v 10.04445 9.381802 19.90881
v -10.04444 0.420275 19.90881
v 1e-06 0.420275 19.90881
v 10.04445 0.420275 19.90881
v 20.08889 0.420275 9.864359
v 20.08889 0.420275 -0.180087
v 20.08889 0.420275 -10.22453
v 10.04444 0.420275 -20.26898
v -1e-06 0.420275 -20.26898
v -10.04445 0.420275 -20.26898
v -20.08889 0.420275 -10.22453
v -20.08889 0.420275 -0.180085
v -20.08889 0.420275 9.864361
v 20.08889 4.493168 -10.22453
v 20.08889 4.493168 -0.180087
v 20.08889 4.493166 9.864359
v 10.04445 4.493166 19.90881
v 1e-06 4.493168 19.90881
v -10.04444 4.493168 19.90881
v -20.08889 4.493168 9.864361
v -20.08889 4.493168 -0.180085
v -20.08889 4.493168 -10.22453
v -10.04445 4.493168 -20.26898
v -1e-06 4.493168 -20.26898
v 10.04444 4.493168 -20.26898
v 20.08889 15.92529 9.864359
v 20.08889 15.92529 -0.180087
v 20.08889 15.92529 -10.22453
v 10.04444 15.92529 -20.26898
v -1e-06 15.92529 -20.26898
v -10.04445 15.92529 -20.26898
v -20.08889 15.92529 -10.22453
v -20.08889 15.92529 -0.180085
v -20.08889 15.92529 9.864361
v -10.04444 15.92529 19.90881
v 1e-06 15.92529 19.90881
v 10.04445 15.92529 19.90881
v 20.08889 17.10879 -10.22453
v 20.08889 17.10879 -0.180087
v 20.08889 17.10879 9.864359
v 10.04445 17.10879 19.90881
v 1e-06 17.10879 19.90881
v -10.04444 17.10879 19.90881
v -20.08889 17.10879 9.864361
v -20.08889 17.10879 -0.180085
v -20.08889 17.10879 -10.22453
v -10.04445 17.10879 -20.26898
v -1e-06 17.10879 -20.26898
v 10.04444 17.10879 -20.26898
v 20.20712 27.81976 9.923473
v 20.20712 27.81976 -0.180087
v 20.20712 27.81976 -10.28365
v 10.10356 27.81976 -20.38721
v -1e-06 27.81976 -20.38721
v -10.10356 27.81976 -20.38721
v -20.20712 27.81976 -10.28365
v -20.20712 27.81976 -0.180085
v -20.20712 27.81976 9.923475
v -10.10356 27.81976 20.02704
v 1e-06 27.81976 20.02704
v 10.10356 27.81976 20.02704
v 3.990074 75.75682 35.43305
v 3.415123 75.75682 37.57879
v 4.985918 75.75682 39.14959
v 7.131665 75.75682 38.57464
v 7.706616 75.75682 36.42889
v 6.135821 75.75682 34.8581
v 4.533651 73.74113 35.76656
v 4.153074 73.46621 37.17113
v 5.202008 73.29104 38.20181
v 6.631516 73.39079 37.82792
v 7.012093 73.66571 36.42334
v 5.96316 73.84088 35.39267
v 5.119914 71.62524 35.69394
v 4.933664 71.35523 36.3578
v 5.460704 71.18317 36.84866
v 6.173993 71.28114 36.67565
v 6.360243 71.55117 36.01179
v 5.833203 71.72322 35.52094
v 5.751685 69.49382 35.18834
v 5.39681 75.75682 29.54456
v 4.821858 75.75682 31.69031
v 6.392654 75.75682 33.2611
v 8.538401 75.75682 32.68615
v 9.113351 75.75682 30.5404
v 7.542558 75.75682 28.96961
v 5.940386 73.74113 29.87808
v 5.55981 73.46621 31.28265
v 6.608743 73.29104 32.31332
v 8.038253 73.39079 31.93943
v 8.418828 73.66571 30.53486
v 7.369895 73.84088 29.50418
v 6.52665 71.62524 29.80546
v 6.3404 71.35523 30.46932
v 6.867441 71.18317 30.96017
v 7.580729 71.28114 30.78717
v 7.766978 71.55117 30.12331
v 7.239938 71.72322 29.63245
v 7.158421 69.49382 29.29986
v 6.741048 75.75682 23.90797
v 6.166096 75.75682 26.05371
v 7.736892 75.75682 27.62451
v 9.882638 75.75682 27.04956
v 10.45759 75.75682 24.90381
v 8.886795 75.75682 23.33301
v 7.284625 73.74113 24.24148
v 6.904048 73.46622 25.64605
v 7.952981 73.29104 26.67673
v 9.38249 73.39079 26.30284
v 9.763066 73.66571 24.89827
v 8.714134 73.84089 23.86759
v 7.870888 71.62524 24.16886
v 7.684639 71.35523 24.83272
v 8.211678 71.18317 25.32358
v 8.924968 71.28114 25.15057
v 9.111217 71.55117 24.48671
v 8.584177 71.72322 23.99586
v 8.502658 69.49382 23.66326
v 7.331624 75.75682 18.22755
v 6.756671 75.75682 20.37329
v 8.327466 75.75682 21.94409
v 10.47321 75.75682 21.36914
v 11.04816 75.75682 19.22339
v 9.477371 75.75682 17.6526
v 7.8752 73.74113 18.56106
v 7.494624 73.46622 19.96563
v 8.543556 73.29104 20.99631
v 9.973066 73.39079 20.62242
v 10.35364 73.66571 19.21785
v 9.304708 73.84089 18.18717
v 8.461463 71.62524 18.48844
v 8.275214 71.35523 19.1523
v 8.802254 71.18317 19.64316
v 9.515543 71.28114 19.47015
v 9.701791 71.55117 18.80629
v 9.174752 71.72322 18.31544
v 9.093233 69.49382 17.98285
v -3.629891 75.75682 35.43304
v -3.054938 75.75682 37.57879
v -4.625732 75.75682 39.14959
v -6.771478 75.75682 38.57464
v -7.34643 75.75682 36.42889
v -5.775637 75.75682 34.85809
v -4.173468 73.74113 35.76656
v -3.792891 73.46621 37.17113
v -4.841823 73.29104 38.20181
v -6.271332 73.39079 37.82792
v -6.651909 73.66571 36.42335
v -5.602977 73.84088 35.39267
v -4.759732 71.62524 35.69394
v -4.573483 71.35523 36.3578
v -5.100522 71.18317 36.84866
v -5.813811 71.28114 36.67565
v -6.00006 71.55117 36.01179
v -5.473021 71.72322 35.52094
v -5.391503 69.49382 35.18835
v -5.036628 75.75682 29.54456
v -4.461676 75.75682 31.6903
v -6.03247 75.75682 33.2611
v -8.178216 75.75682 32.68615
v -8.753169 75.75682 30.5404
v -7.182374 75.75682 28.96961
v -5.580205 73.74113 29.87807
v -5.199629 73.46622 31.28265
v -6.248561 73.29104 32.31332
v -7.67807 73.39079 31.93943
v -8.058646 73.66572 30.53486
v -7.009714 73.8409 29.50418
v -6.166469 71.62524 29.80546
v -5.98022 71.35523 30.46932
v -6.507259 71.18317 30.96017
v -7.220548 71.28115 30.78717
v -7.406797 71.55117 30.12331
v -6.879758 71.72322 29.63245
v -6.798241 69.49383 29.29986
v -6.380869 75.75683 23.90796
v -5.805916 75.75682 26.05371
v -7.37671 75.75682 27.62451
v -9.522456 75.75682 27.04956
v -10.09741 75.75683 24.90381
v -8.526615 75.75683 23.33301
v -6.924446 73.74114 24.24148
v -6.543869 73.46622 25.64605
v -7.592802 73.29105 26.67673
v -9.02231 73.39079 26.30283
v -9.402887 73.66573 24.89826
v -8.353954 73.8409 23.86758
v -7.510709 71.62525 24.16886
v -7.32446 71.35523 24.83272
v -7.851499 71.18318 25.32357
v -8.564788 71.28116 25.15057
v -8.751038 71.55118 24.48671
v -8.223997 71.72322 23.99585
v -8.142482 69.49384 23.66326
v -6.971446 75.75684 18.22754
v -6.396493 75.75684 20.37328
v -7.967288 75.75683 21.94408
v -10.11303 75.75684 21.36913
v -10.68798 75.75684 19.22339
v -9.117192 75.75684 17.65259
v -7.515024 73.74115 18.56106
v -7.134446 73.46622 19.96563
v -8.183379 73.29105 20.9963
v -9.612886 73.3908 20.62241
v -9.993464 73.66573 19.21784
v -8.944532 73.8409 18.18716
v -8.101285 71.62526 18.48844
v -7.915038 71.35523 19.1523
v -8.442077 71.18318 19.64315
v -9.155365 71.28116 19.47015
v -9.341614 71.55118 18.80629
v -8.814574 71.72324 18.31543
v -8.733058 69.49384 17.98284
v 0.180086 91.85593 1.998742
v -7.964037 55.43309 5.744901
v 7.964033 55.4331 5.744902
v -14.3461 69.53406 5.744907
v 14.3461 69.53406 5.744905
v -12.4897 59.83276 5.744907
v -14.3461 66.32178 5.744907
v 14.3461 66.32178 5.744906
v 12.4897 59.83276 5.744906
v -8.043228 56.79793 21.97664
v 8.043226 56.79794 21.97664
v 11.23081 60.28773 21.97664
v 12.9001 65.86685 21.97665
v 12.9001 68.33157 21.97664
v -12.9001 68.33157 21.97664
v -12.90011 65.86685 21.97665
v -11.23082 60.28773 21.97664
v -8.934681 59.40384 35.11979
v 8.934683 59.40384 35.11979
v 11.23081 61.85281 35.11979
v 12.9001 64.30177 35.1198
v 9.355238 66.75075 35.11979
v -9.355233 66.75075 35.1198
v -12.9001 64.30177 35.1198
v -11.23081 61.85281 35.1198
v -8.93468 59.40384 42.9154
v 8.934682 59.40384 42.9154
v 11.23081 61.85281 45.24641
v 10.44566 64.30178 45.24641
v 7.575259 66.75075 42.91539
v -7.575256 66.75075 42.9154
v -10.44566 64.30178 45.24642
v -11.23081 61.85281 45.24642
v -3.312063 54.70581 5.744903
v 3.312062 54.70581 5.744903
v 4.782034 69.53406 5.744905
v -4.782032 69.53406 5.744905
v -3.743601 61.16798 45.24641
v 3.743605 61.16798 45.24641
v 3.481887 64.30178 45.24641
v -3.481886 64.30178 45.24641
v -2.978228 56.31991 21.97664
v 2.978227 56.31991 21.97664
v 4.300035 68.33157 21.97664
v -4.300035 68.33157 21.97664
v -2.978226 58.29915 35.11979
v 2.978227 58.29915 35.11979
v 3.118414 66.75075 35.11979
v -3.118408 66.75075 35.1198
v -2.978225 59.08386 42.91539
v 2.978229 59.08386 42.91539
v 2.525088 66.75075 42.9154
v -2.525083 66.75075 42.9154
v -2.203489 58.97479 5.744903
v -5.298408 57.36932 5.744902
v -8.309298 61.68639 5.744906
v -9.544343 66.00348 5.744907
v -9.544342 68.23946 5.744905
v -3.181447 68.23946 5.744904
v 3.181448 68.23946 5.744904
v 9.54434 68.23946 5.744904
v 9.544343 66.00348 5.744905
v 8.309291 61.6864 5.744904
v 5.298406 57.36932 5.744903
v 2.203487 58.97479 5.744903
v 0.096841 64.16591 5.744903
v -3.629898 66.38997 38.19516
v -3.054945 66.38997 40.3409
v -4.625741 66.38997 41.9117
v -6.771487 66.38997 41.33675
v -7.346439 66.38997 39.19101
v -5.775645 66.38997 37.62021
v -4.173475 68.40565 38.52867
v -3.792898 68.68059 39.93325
v -4.841831 68.85576 40.96392
v -6.27134 68.756 40.59003
v -6.651917 68.48108 39.18546
v -5.602984 68.30591 38.15478
v -4.759737 70.52155 38.45605
v -4.573489 70.79157 39.11991
v -5.100528 70.96362 39.61077
v -5.813818 70.86565 39.43777
v -6.000067 70.59563 38.77391
v -5.473027 70.42358 38.28305
v -5.39151 72.65297 37.95046
v -5.036635 66.38997 32.30667
v -4.461683 66.38997 34.45242
v -6.032478 66.38997 36.02321
v -8.178225 66.38997 35.44826
v -8.753176 66.38997 33.30252
v -7.182381 66.38997 31.73172
v -5.580212 68.40565 32.64019
v -5.199635 68.68059 34.04476
v -6.248568 68.85576 35.07544
v -7.678076 68.756 34.70155
v -8.058653 68.48108 33.29697
v -7.009721 68.30591 32.26629
v -6.166475 70.52155 32.56757
v -5.980225 70.79157 33.23143
v -6.507266 70.96362 33.72228
v -7.220555 70.86565 33.54928
v -7.406804 70.59563 32.88542
v -6.879764 70.42358 32.39457
v -6.798247 72.65297 32.06197
v -6.380874 66.38997 26.67008
v -5.805922 66.38997 28.81583
v -7.376717 66.38997 30.38662
v -9.522464 66.38997 29.81167
v -10.09741 66.38997 27.66592
v -8.526621 66.38997 26.09513
v -6.92445 68.40565 27.00359
v -6.543874 68.68059 28.40817
v -7.592807 68.85576 29.43884
v -9.022317 68.756 29.06495
v -9.402892 68.48108 27.66038
v -8.35396 68.30591 26.6297
v -7.510713 70.52155 26.93098
v -7.324464 70.79157 27.59483
v -7.851504 70.96362 28.08569
v -8.564795 70.86565 27.91268
v -8.751043 70.59563 27.24883
v -8.224004 70.42357 26.75797
v -8.142487 72.65297 26.42538
v -6.97145 66.38997 20.98966
v -6.396497 66.38997 23.1354
v -7.967293 66.38997 24.7062
v -10.11304 66.38997 24.13125
v -10.68799 66.38997 21.9855
v -9.117198 66.38997 20.41471
v -7.515027 68.40565 21.32317
v -7.13445 68.68059 22.72775
v -8.183383 68.85576 23.75842
v -9.612893 68.756 23.38453
v -9.993468 68.48108 21.97996
v -8.944536 68.30591 20.94928
v -8.101291 70.52155 21.25055
v -7.915042 70.79157 21.91441
v -8.442081 70.96362 22.40527
v -9.15537 70.86565 22.23227
v -9.341619 70.59563 21.5684
v -8.81458 70.42357 21.07755
v -8.733061 72.65297 20.74496
v 3.990073 66.38997 38.19516
v 3.415122 66.38997 40.3409
v 4.985917 66.38997 41.9117
v 7.131664 66.38997 41.33675
v 7.706615 66.38997 39.19101
v 6.135821 66.38997 37.62021
v 4.53365 68.40565 38.52867
v 4.153074 68.68059 39.93325
v 5.202008 68.85576 40.96392
v 6.631517 68.756 40.59003
v 7.012093 68.48108 39.18546
v 5.96316 68.30591 38.15478
v 5.119915 70.52155 38.45605
v 4.933665 70.79157 39.11991
v 5.460705 70.96362 39.61077
v 6.173994 70.86565 39.43777
v 6.360243 70.59563 38.77391
v 5.833204 70.42358 38.28305
v 5.751686 72.65297 37.95046
v 5.396811 66.38997 32.30667
v 4.821858 66.38997 34.45242
v 6.392653 66.38997 36.02321
v 8.538402 66.38997 35.44826
v 9.113353 66.38997 33.30252
v 7.542558 66.38997 31.73172
v 5.940387 68.40565 32.64019
v 5.559812 68.68059 34.04476
v 6.608744 68.85576 35.07544
v 8.038254 68.756 34.70155
v 8.41883 68.48108 33.29697
v 7.369896 68.30591 32.26629
v 6.526651 70.52155 32.56757
v 6.340402 70.79157 33.23143
v 6.867442 70.96362 33.72228
v 7.580731 70.86565 33.54928
v 7.76698 70.59563 32.88542
v 7.23994 70.42358 32.39457
v 7.158422 72.65297 32.06197
v 6.74105 66.38997 26.67008
v 6.166098 66.38997 28.81583
v 7.736893 66.38997 30.38662
v 9.88264 66.38997 29.81167
v 10.45759 66.38997 27.66592
v 8.886798 66.38997 26.09513
v 7.284627 68.40565 27.00359
v 6.904051 68.68059 28.40816
v 7.952984 68.85576 29.43884
v 9.382492 68.756 29.06495
v 9.763068 68.48108 27.66038
v 8.714136 68.30591 26.6297
v 7.870891 70.52155 26.93098
v 7.684641 70.79157 27.59483
v 8.211679 70.96362 28.08569
v 8.92497 70.86565 27.91268
v 9.111217 70.59563 27.24883
v 8.584178 70.42358 26.75797
v 8.502661 72.65297 26.42538
v 7.331626 66.38997 20.98966
v 6.756673 66.38997 23.1354
v 8.327469 66.38997 24.7062
v 10.47322 66.38997 24.13125
v 11.04817 66.38997 21.9855
v 9.477374 66.38997 20.41471
v 7.875203 68.40565 21.32317
v 7.494627 68.68059 22.72774
v 8.54356 68.85576 23.75842
v 9.973069 68.756 23.38453
v 10.35364 68.48108 21.97996
v 9.304712 68.30591 20.94928
v 8.461465 70.52155 21.25055
v 8.275217 70.79157 21.91441
v 8.802258 70.96362 22.40527
v 9.515546 70.86565 22.23226
v 9.701795 70.59563 21.5684
v 9.174754 70.42358 21.07755
v 9.093237 72.65297 20.74496
v -2e-06 28.44586 -10.26857
v 0 77.7338 -23.47526
v -0 26.67843 -16.86468
v 2e-06 75.96637 -30.07137
v -19.42362 38.37686 -12.99111
v -20.40381 77.7338 -23.47526
v -19.42362 37.5302 -16.15087
v -20.40381 75.96637 -30.07137
v -3.570667 77.7338 -23.47526
v -3.570669 28.44586 -10.26857
v -3.570666 75.96637 -30.07137
v -3.570668 26.67843 -16.86468
v 2e-06 72.76266 -29.21293
v 0 74.53008 -22.61682
v -20.40381 74.53008 -22.61683
v -20.40381 72.76266 -29.21294
v -3.570667 74.53008 -22.61682
v -3.570666 72.76266 -29.21294
v -5.204331 69.81538 -26.58168
v -5.204333 30.88714 -16.15086
v -5.204332 31.73379 -12.9911
v -5.204332 70.66203 -23.42192
v -19.42362 70.66203 -23.42192
v -19.42362 69.81538 -26.58168
v -27.23369 49.69878 -16.53567
v -27.23369 75.93517 -23.56571
v -27.8943 78.54211 -23.0231
v -27.89431 80.70132 -23.60166
v -27.8943 79.51013 -28.04723
v -27.8943 77.35093 -27.46867
v -27.23369 75.36455 -25.69529
v -27.23369 49.12816 -18.66525
v -31.76416 57.51806 -19.49432
v -31.76416 73.16057 -23.68573
v -32.15803 74.71487 -23.36222
v -32.15803 76.00221 -23.70716
v -32.15803 75.29201 -26.35768
v -32.15803 74.00466 -26.01273
v -31.76416 72.82036 -24.95542
v -31.76416 57.17785 -20.76401
v -33.80128 72.40605 -24.83528
v -33.80128 72.59679 -24.12345
v -34.0221 73.46819 -23.94207
v -34.0221 74.18993 -24.13546
v -34.0221 73.79176 -25.62145
v -34.0221 73.07001 -25.42806
v 0 26.67843 -16.86471
v 0 75.96639 -30.07134
v -0 28.44585 -10.26859
v -0 77.7338 -23.47523
v 19.42362 36.64019 -19.47242
v 20.40381 75.96639 -30.07134
v 19.42362 37.48685 -16.31266
v 20.40381 77.7338 -23.47523
v 3.570668 75.96639 -30.07134
v 3.570667 26.67843 -16.86471
v 3.570667 77.7338 -23.47523
v 3.570667 28.44585 -10.26859
v -0 74.53008 -22.6168
v 0 72.76266 -29.21291
v 20.40381 72.76266 -29.21291
v 20.40381 74.53008 -22.6168
v 3.570668 72.76266 -29.21291
v 3.570667 74.53008 -22.6168
v 5.204332 70.66204 -23.4219
v 5.204332 31.73378 -12.99113
v 5.20433 30.88713 -16.15089
v 5.204332 69.81538 -26.58166
v 19.42362 69.81538 -26.58166
v 19.42362 70.66204 -23.42189
v 27.23369 48.21755 -22.0637
v 27.23369 74.45395 -29.0937
v 27.8943 76.44032 -30.86708
v 27.89431 78.59953 -31.44564
v 27.8943 79.79071 -27.00007
v 27.8943 77.63152 -26.42151
v 27.23369 75.02457 -26.96412
v 27.23369 48.78817 -19.93412
v 31.76416 56.46857 -23.41107
v 31.76416 72.11108 -27.60246
v 32.15803 73.29539 -28.65977
v 32.15803 74.58273 -29.00472
v 32.15803 75.29294 -26.3542
v 32.15803 74.00558 -26.00926
v 31.76416 72.45129 -26.33277
v 31.76416 56.80878 -22.14138
v 33.80128 72.03243 -26.22966
v 33.80128 71.84169 -26.94149
v 34.0221 72.50566 -27.53427
v 34.0221 73.22739 -27.72765
v 34.0221 73.62556 -26.24167
v 34.0221 72.90382 -26.04828
#end vertices

#begin 1873 textures vertices 
vt 0.5348082 0.7406767 0
vt 0.4745347 0.6593506 0
vt 0.4580753 0.8109541 0
vt 0.4072517 0.7286792 0
vt 0.5182261 0.2071662 0
vt 0.4916655 0.1195947 0
vt 0.5854815 0.1841324 0
vt 0.5564724 0.09794833 0
vt 0.09596368 0.8740562 0
vt 0.4299854 0.06745594 0
vt 0.09857555 0.8677264 0
vt 0.008515559 0.7035166 0
vt 0.01389567 0.7076605 0
vt 0.979087 0.2625825 0
vt 0.1006124 0.720632 0
vt 0.6060675 0.7494781 0
vt 0.09334089 0.7186007 0
vt 0.0980871 0.7817089 0
vt 0.09446335 0.7906572 0
vt 0.4913596 0.6135656 0
vt 0.2532491 0.7701453 0
vt 0.5717522 0.01795874 0
vt 0.2455517 0.7689242 0
vt 0.162493 0.7422002 0
vt 0.1720322 0.7444531 0
vt 0.3406013 0.7283968 0
vt 0.1644334 0.6223322 0
vt 0.6728157 0.149322 0
vt 0.163337 0.6290236 0
vt 0.1368891 0.6759283 0
vt 0.1379736 0.6658521 0
vt 0.466966 0.8681041 0
vt 0.4490863 0.0844362 0
vt 0.4693212 0.09871574 0
vt 0.4855833 0.217899 0
vt 0.4566696 0.2249563 0
vt 0.5678111 0.04452792 0
vt 0.5585855 0.06759995 0
vt 0.6464567 0.16185 0
vt 0.618268 0.1728569 0
vt 0.5273355 0.2382627 0
vt 0.5969603 0.2147561 0
vt 0.6250412 0.2089961 0
vt 0.6506324 0.2041512 0
vt 0.6612198 0.2020475 0
vt 0.4675122 0.266571 0
vt 0.4776002 0.2623713 0
vt 0.5013926 0.2509286 0
vt 0.542588 0.2913685 0
vt 0.6173508 0.2656164 0
vt 0.632115 0.2652998 0
vt 0.6445472 0.2668499 0
vt 0.8819658 0.3561623 0
vt 0.9586359 0.3561624 0
vt 0.5208767 0.3088712 0
vt 0.5301302 0.3002767 0
vt 0.5590327 0.3159355 0
vt 0.618918 0.2937476 0
vt 0.6273683 0.3007637 0
vt 0.633634 0.3064928 0
vt 0.6401422 0.3155311 0
vt 0.5530669 0.3481631 0
vt 0.555947 0.3343954 0
vt 0.5578892 0.3253549 0
vt 0.5217251 0.7720519 0
vt 0.4901414 0.7917893 0
vt 0.418322 0.6991481 0
vt 0.4479004 0.6814041 0
vt 0.5095401 0.1011575 0
vt 0.5306038 0.09442231 0
vt 0.5382998 0.2009305 0
vt 0.5662147 0.1918766 0
vt 0.217546 0.8279634 0
vt 0.1677656 0.8623311 0
vt 0.1289781 0.7927131 0
vt 0.1560805 0.7753407 0
vt 0.04455786 0.6509842 0
vt 0.09867505 0.6146043 0
vt 0.1185286 0.6887082 0
vt 0.09149922 0.6910804 0
vt 0.4692214 0.0295088 0
vt 0.5161277 0.01272929 0
vt 0.3706868 0.6626177 0
vt 0.4178617 0.6203474 0
vt 0.9007055 0.2625825 0
vt 0.9398962 0.2625825 0
vt 0.5806393 0.8099656 0
vt 0.5330663 0.8571806 0
vt 0.226865 0.8345366 0
vt 0.1705832 0.8740562 0
vt 0.1237576 0.7776912 0
vt 0.145649 0.76376 0
vt 0.04016707 0.6441171 0
vt 0.09473158 0.6076782 0
vt 0.1207842 0.6961449 0
vt 0.09774125 0.6962372 0
vt 0.5255544 0.06606713 0
vt 0.4953602 0.0763203 0
vt 0.4821141 0.05212332 0
vt 0.521339 0.03794225 0
vt 0.5800346 0.3210655 0
vt 0.6056544 0.3116762 0
vt 0.6144448 0.3272762 0
vt 0.5830239 0.3397337 0
vt 0.5494401 0.2310217 0
vt 0.575177 0.2221148 0
vt 0.9026805 0.3019174 0
vt 0.9379211 0.3019174 0
vt 0.5665908 0.280405 0
vt 0.5910474 0.2712832 0
vt 0.9075225 0.3561623 0
vt 0.9330792 0.3561624 0
vt 0.5787648 0.3070168 0
vt 0.5983533 0.3009726 0
vt 0.6210048 0.338539 0
vt 0.590663 0.3518892 0
vt 0.4272636 0.7894022 0
vt 0.408783 0.7608798 0
vt 0.5038664 0.67894 0
vt 0.5265307 0.7058005 0
vt 0.5018017 0.1747754 0
vt 0.4935504 0.1416152 0
vt 0.5669791 0.1156862 0
vt 0.5805095 0.1482774 0
vt 0.04074155 0.8332634 0
vt 0.009826222 0.7744771 0
vt 0.07702886 0.7410294 0
vt 0.07706764 0.7679734 0
vt 0.2126039 0.6627179 0
vt 0.2401691 0.7121658 0
vt 0.1652672 0.7128354 0
vt 0.1515242 0.6872163 0
vt 0.417476 0.1751414 0
vt 0.4126728 0.1206792 0
vt 0.5537718 0.6379199 0
vt 0.5940076 0.6872926 0
vt 0.6190508 0.0503329 0
vt 0.6499033 0.09797183 0
vt 0.3997234 0.8503812 0
vt 0.3534506 0.798554 0
vt 0.03399531 0.8382462 0
vt 0.00195312 0.7775286 0
vt 0.08600881 0.7428617 0
vt 0.0853342 0.7642457 0
vt 0.218941 0.656966 0
vt 0.2479441 0.7078454 0
vt 0.1568409 0.7157585 0
vt 0.1449187 0.6934222 0
vt 0.4677953 0.1375139 0
vt 0.1008567 0.3289525 0
vt 0.4428754 0.1772011 0
vt 0.4372053 0.1302851 0
vt 0.139061 0.4621346 0
vt 0.5868586 0.09656902 0
vt 0.6058669 0.07279072 0
vt 0.6288657 0.1141292 0
vt 0.467197 0.7624445 0
vt 0.445466 0.7317108 0
vt 0.4710901 0.7104702 0
vt 0.4942632 0.740487 0
vt 0.5429997 0.1274109 0
vt 0.5543212 0.1591432 0
vt 0.5289588 0.1680644 0
vt 0.519238 0.135216 0
vt 0.4949533 0.1767063 0
vt 0.493031 0.1939042 0
vt 0.4803349 0.2025256 0
vt 0.4650539 0.1992056 0
vt 0.449847 0.1779038 0
vt 0.4529561 0.1567803 0
vt 0.4685952 0.1546295 0
vt 0.4829509 0.1614439 0
vt 0.6243931 0.145689 0
vt 0.6137215 0.1576053 0
vt 0.5983624 0.1580343 0
vt 0.5869077 0.1453119 0
vt 0.5878348 0.1254811 0
vt 0.5956167 0.1109881 0
vt 0.6094611 0.1036543 0
vt 0.6234986 0.1191512 0
vt 0.0909948 0.3447118 0
vt 0.08028247 0.3324605 0
vt 0.08213169 0.3191797 0
vt 0.09133191 0.3109279 0
vt 0.1119464 0.3109279 0
vt 0.1241189 0.3237629 0
vt 0.1195629 0.3387467 0
vt 0.1083363 0.3475279 0
vt 0.1485843 0.4441443 0
vt 0.1577909 0.4523962 0
vt 0.1596115 0.4657071 0
vt 0.1488408 0.4779538 0
vt 0.131445 0.480237 0
vt 0.1201726 0.4715476 0
vt 0.1153245 0.4566065 0
vt 0.1279592 0.4441443 0
vt 0.618238 0.2675262 0
vt 0.6310999 0.2671143 0
vt 0.6269502 0.2985962 0
vt 0.6196636 0.2924043 0
vt 0.5321058 0.3010335 0
vt 0.5430709 0.2934997 0
vt 0.5575858 0.3152288 0
vt 0.5567487 0.3234199 0
vt 0.984517 0.1965441 0
vt 0.9896512 0.1967024 0
vt 0.9894273 0.2230826 0
vt 0.984192 0.2197221 0
vt 0.1004026 0.008068845 0
vt 0.1000839 0.01325754 0
vt 0.0770865 0.01322475 0
vt 0.0740009 0.007716891 0
vt 0.3924305 0.06175351 0
vt 0.4007168 0.05039926 0
vt 0.3950678 0.04989612 0
vt 0.3892433 0.05090304 0
vt 0.3837246 0.05318087 0
vt 0.3790556 0.05673443 0
vt 0.3760873 0.06175351 0
vt 0.4055043 0.05292218 0
vt 0.4043083 0.03851777 0
vt 0.3954107 0.03930302 0
vt 0.3866735 0.0412755 0
vt 0.3781343 0.04416136 0
vt 0.3698821 0.04804882 0
vt 0.3620637 0.05353999 0
vt 0.4133436 0.03973289 0
vt 0.4034571 0.0265712 0
vt 0.3937036 0.02917 0
vt 0.3841296 0.03185341 0
vt 0.3745555 0.03453676 0
vt 0.364802 0.03713544 0
vt 0.3544352 0.03955511 0
vt 0.4138239 0.02415129 0
vt 0.398377 0.01565778 0
vt 0.3901248 0.01954535 0
vt 0.3815857 0.02243124 0
vt 0.3728485 0.02440368 0
vt 0.3639508 0.02518879 0
vt 0.3549156 0.02397342 0
vt 0.4061952 0.01016645 0
vt 0.3892034 0.006972243 0
vt 0.3845345 0.01052584 0
vt 0.3790159 0.01280369 0
vt 0.3731914 0.01381059 0
vt 0.3675425 0.01330739 0
vt 0.362755 0.01078437 0
vt 0.3921716 0.00195312 0
vt 0.3758287 0.00195324 0
vt 0.7544817 0.1841393 0
vt 0.7720207 0.1743209 0
vt 0.7620758 0.1771371 0
vt 0.7505855 0.1801841 0
vt 0.7448909 0.1803531 0
vt 0.7399451 0.181288 0
vt 0.7336432 0.1829502 0
vt 0.7749879 0.1757538 0
vt 0.7779295 0.1711401 0
vt 0.7686189 0.1721287 0
vt 0.7504591 0.1757265 0
vt 0.7416097 0.1761837 0
vt 0.7311226 0.1761862 0
vt 0.7194097 0.1759481 0
vt 0.7816672 0.1734701 0
vt 0.7810854 0.1679402 0
vt 0.7729625 0.1669839 0
vt 0.7528147 0.1703228 0
vt 0.7411226 0.1714166 0
vt 0.7272283 0.1715019 0
vt 0.7151625 0.1706738 0
vt 0.7852304 0.1691649 0
vt 0.7799605 0.1620961 0
vt 0.7698546 0.1632284 0
vt 0.7505627 0.1663443 0
vt 0.7412375 0.1671563 0
vt 0.7304495 0.1667668 0
vt 0.718772 0.166104 0
vt 0.7845514 0.161526 0
vt 0.7750333 0.1571147 0
vt 0.7633085 0.1588268 0
vt 0.7504125 0.1609499 0
vt 0.7441815 0.1617528 0
vt 0.7389536 0.1613068 0
vt 0.7323847 0.1606021 0
vt 0.7777754 0.1549196 0
vt 0.7535225 0.1549196 0
vt 0.7046849 0.2155913 0
vt 0.687146 0.2057727 0
vt 0.6970909 0.2085889 0
vt 0.7085813 0.2116361 0
vt 0.714276 0.2118048 0
vt 0.7192219 0.2127397 0
vt 0.725524 0.2144017 0
vt 0.6841787 0.2072054 0
vt 0.6812373 0.2025919 0
vt 0.6905479 0.2035805 0
vt 0.7087076 0.2071784 0
vt 0.7175572 0.2076354 0
vt 0.7280444 0.2076375 0
vt 0.7397575 0.2073986 0
vt 0.6774997 0.2049218 0
vt 0.6780815 0.199392 0
vt 0.6862043 0.1984357 0
vt 0.7063521 0.2017747 0
vt 0.7180443 0.2028682 0
vt 0.7319385 0.2029529 0
vt 0.7440042 0.2021241 0
vt 0.6739365 0.2006169 0
vt 0.6792062 0.1935479 0
vt 0.6893122 0.1946802 0
vt 0.7086041 0.1977963 0
vt 0.7179292 0.1986079 0
vt 0.7287171 0.1982179 0
vt 0.7403944 0.1975545 0
vt 0.6746152 0.192978 0
vt 0.6841334 0.1885666 0
vt 0.6958581 0.1902787 0
vt 0.7087541 0.1924017 0
vt 0.714985 0.1932044 0
vt 0.7202128 0.1927583 0
vt 0.7267816 0.1920532 0
vt 0.6813911 0.1863715 0
vt 0.7056439 0.1863715 0
vt 0.02334674 0.06175349 0
vt 0.01506047 0.05039929 0
vt 0.02070945 0.0498961 0
vt 0.02653393 0.05090302 0
vt 0.03205259 0.05318084 0
vt 0.03672158 0.0567344 0
vt 0.0396898 0.06175349 0
vt 0.01027297 0.05292227 0
vt 0.01146881 0.03851787 0
vt 0.02036651 0.03930301 0
vt 0.02910368 0.04127545 0
vt 0.03764285 0.0441613 0
vt 0.04589508 0.04804878 0
vt 0.05371337 0.05353995 0
vt 0.002433582 0.03973317 0
vt 0.01231996 0.0265713 0
vt 0.02207348 0.02916999 0
vt 0.03164752 0.03185333 0
vt 0.04122156 0.03453668 0
vt 0.05097506 0.03713538 0
vt 0.06134189 0.0395551 0
vt 0.00195312 0.0241516 0
vt 0.01739997 0.01565783 0
vt 0.0256522 0.01954529 0
vt 0.03419137 0.02243115 0
vt 0.04292853 0.02440358 0
vt 0.05182624 0.02518872 0
vt 0.06086143 0.02397343 0
vt 0.009581641 0.01016664 0
vt 0.02657346 0.006972194 0
vt 0.03124245 0.01052578 0
vt 0.03676112 0.01280358 0
vt 0.0425856 0.01381048 0
vt 0.04823456 0.0133073 0
vt 0.05302206 0.01078431 0
vt 0.02360522 0.00195312 0
vt 0.03994829 0.00195312 0
vt 0.7636027 0.7500844 0
vt 0.7814347 0.7578924 0
vt 0.8004456 0.768408 0
vt 0.8196165 0.7807474 0
vt 0.83768 0.7941349 0
vt 0.8531025 0.8080233 0
vt 0.8646694 0.8215342 0
vt 0.5914846 0.8299468 0
vt 0.5993893 0.8193879 0
vt 0.6099124 0.8074913 0
vt 0.624156 0.7947722 0
vt 0.6415155 0.7819121 0
vt 0.6606869 0.7696132 0
vt 0.6803874 0.7586973 0
vt 0.6995645 0.7503401 0
vt 0.7171641 0.7455153 0
vt 0.7327087 0.7441265 0
vt 0.7475174 0.7455707 0
vt 0.7561959 0.7727447 0
vt 0.7711676 0.7796865 0
vt 0.7882477 0.7891729 0
vt 0.8058969 0.800422 0
vt 0.8224589 0.8124006 0
vt 0.8362381 0.8244415 0
vt 0.8460937 0.8361926 0
vt 0.8520585 0.8479224 0
vt 0.6171166 0.834192 0
vt 0.6265645 0.8241527 0
vt 0.6393653 0.8132589 0
vt 0.6552083 0.8016799 0
vt 0.6728105 0.7903433 0
vt 0.6905353 0.7802726 0
vt 0.7069717 0.7726508 0
vt 0.7211432 0.7682296 0
vt 0.7330021 0.7669863 0
vt 0.7439487 0.7685116 0
vt 0.7568275 0.7824612 0
vt 0.7711551 0.7880974 0
vt 0.7863164 0.7960663 0
vt 0.8015456 0.8057341 0
vt 0.8156503 0.8162305 0
vt 0.8273506 0.8269902 0
vt 0.8357936 0.8376763 0
vt 0.8402447 0.8480303 0
vt 0.6273913 0.8377883 0
vt 0.6358339 0.8273542 0
vt 0.6470399 0.816743 0
vt 0.6606766 0.8063071 0
vt 0.675853 0.7965094 0
vt 0.6912932 0.7880642 0
vt 0.705943 0.7818689 0
vt 0.7192345 0.7784469 0
vt 0.7314098 0.777692 0
vt 0.7435947 0.7791114 0
vt 0.05395174 0.282381 0
vt 0.06020144 0.2939127 0
vt 0.06356527 0.3086805 0
vt 0.06355305 0.3247877 0
vt 0.06016574 0.3401242 0
vt 0.05391535 0.352774 0
vt 0.04566858 0.3613119 0
vt 0.03643715 0.3649072 0
vt 0.02719515 0.3632163 0
vt 0.01893059 0.3562877 0
vt 0.01268086 0.3447559 0
vt 0.009317035 0.329988 0
vt 0.00932927 0.3138809 0
vt 0.01271661 0.2985444 0
vt 0.01896702 0.2858945 0
vt 0.0272138 0.2773567 0
vt 0.03644522 0.2737614 0
vt 0.04568719 0.2754523 0
vt 0.6281039 0.6736851 0
vt 0.6141588 0.7012648 0
vt 0.7091199 0.6933672 0
vt 0.6636892 0.7334531 0
vt 0.625972 0.6933672 0
vt 0.625972 0.7012648 0
vt 0.6973067 0.6933672 0
vt 0.667606 0.7223082 0
vt 0.6350211 0.6933672 0
vt 0.6350211 0.7012648 0
vt 0.6750016 0.7012648 0
vt 0.6750016 0.6933672 0
vt 0.9472968 0.128165 0
vt 0.9748765 0.14211 0
vt 0.9151085 0.1776953 0
vt 0.9551944 0.223126 0
vt 0.9472968 0.1399782 0
vt 0.9551944 0.1399782 0
vt 0.9472968 0.2113129 0
vt 0.9762378 0.1816121 0
vt 0.9472968 0.1490272 0
vt 0.9551944 0.1490272 0
vt 0.9551944 0.1890077 0
vt 0.9472968 0.1890077 0
vt 0.9006794 0.8180522 0
vt 0.9146244 0.7904725 0
vt 0.9502097 0.8502405 0
vt 0.9956404 0.8101546 0
vt 0.9124925 0.8180522 0
vt 0.9124925 0.8101546 0
vt 0.9838272 0.8180522 0
vt 0.9541265 0.7891112 0
vt 0.9215416 0.8180522 0
vt 0.9215416 0.8101546 0
vt 0.9615221 0.8101546 0
vt 0.9615221 0.8180522 0
vt 0.2959264 0.6244686 0
vt 0.3272865 0.6384137 0
vt 0.2637381 0.673999 0
vt 0.3076044 0.7194296 0
vt 0.2959264 0.6362818 0
vt 0.3076044 0.6362818 0
vt 0.2959264 0.7076165 0
vt 0.3286478 0.6779158 0
vt 0.2959264 0.6453308 0
vt 0.3076044 0.6453308 0
vt 0.3076044 0.6853113 0
vt 0.2959264 0.6853113 0
vt 0.7281556 0.6726629 0
vt 0.7421006 0.6413028 0
vt 0.6471396 0.6529808 0
vt 0.6925703 0.6091144 0
vt 0.7302875 0.6529808 0
vt 0.7302875 0.6413028 0
vt 0.6589528 0.6529808 0
vt 0.6886535 0.6202594 0
vt 0.7212384 0.6529808 0
vt 0.7212384 0.6413028 0
vt 0.6812579 0.6413028 0
vt 0.6812579 0.6529808 0
vt 0.4196773 0.5063259 0
vt 0.4580464 0.488154 0
vt 0.3982357 0.4246907 0
vt 0.4580464 0.4494298 0
vt 0.4438534 0.49418 0
vt 0.4465965 0.486846 0
vt 0.4039685 0.435125 0
vt 0.4458497 0.4490925 0
vt 0.433383 0.4906016 0
vt 0.4385396 0.485447 0
vt 0.4219235 0.450947 0
vt 0.4146188 0.4548401 0
vt 0.612782 0.8561955 0
vt 0.6147059 0.8641963 0
vt 0.5481973 0.8713312 0
vt 0.5618674 0.9314965 0
vt 0.6005131 0.8581696 0
vt 0.6032557 0.8655037 0
vt 0.5606303 0.9172262 0
vt 0.6025093 0.9032573 0
vt 0.5900418 0.8617477 0
vt 0.5951986 0.8669023 0
vt 0.578584 0.901403 0
vt 0.5712793 0.8975104 0
vt 0.9086205 0.2289191 0
vt 0.8008373 0.2373638 0
vt 0.8255263 0.2355061 0
vt 0.9027099 0.01085084 0
vt 0.8873682 0.03379682 0
vt 0.7934918 0.02104 0
vt 0.8147237 0.04060748 0
vt 0.9022693 0.1366567 0
vt 0.8179921 0.1442358 0
vt 0.7934918 0.1450061 0
vt 0.4363415 0.3753625 0
vt 0.4384608 0.2899484 0
vt 0.4656808 0.9551172 0
vt 0.3631096 0.9568102 0
vt 0.3666015 0.907659 0
vt 0.4660396 0.9034149 0
vt 0.8810228 0.2314535 0
vt 0.8533369 0.2336918 0
vt 0.8628962 0.02817744 0
vt 0.8370926 0.02961493 0
vt 0.8297422 0.007260616 0
vt 0.8661268 0.00195312 0
vt 0.8461473 0.1422526 0
vt 0.8739526 0.139776 0
vt 0.4613128 0.3871357 0
vt 0.4591596 0.3870248 0
vt 0.9408636 0.4151232 0
vt 0.4621399 0.280611 0
vt 0.9419798 0.5370841 0
vt 0.459727 0.2813398 0
vt 0.407126 0.4127135 0
vt 0.8553308 0.4099072 0
vt 0.8701247 0.3959665 0
vt 0.4050739 0.4104415 0
vt 0.8689127 0.5264343 0
vt 0.9266995 0.1247302 0
vt 0.9254495 0.1329256 0
vt 0.8692852 0.5237472 0
vt 0.8651797 0.5119683 0
vt 0.8986083 0.5043989 0
vt 0.8960149 0.5064956 0
vt 0.4805913 0.9712854 0
vt 0.8823912 0.4113884 0
vt 0.3526064 0.9755259 0
vt 0.8797967 0.4091813 0
vt 0.9042594 0.4332878 0
vt 0.3494973 0.8856196 0
vt 0.9069854 0.4314307 0
vt 0.9179811 0.521486 0
vt 0.4786566 0.884546 0
vt 0.9206735 0.5239568 0
vt 0.4339203 0.2931188 0
vt 0.4297941 0.3731662 0
vt 0.3933057 0.3828837 0
vt 0.3933673 0.2839664 0
vt 0.4609539 0.9507933 0
vt 0.3681539 0.9524894 0
vt 0.370938 0.9118541 0
vt 0.4613444 0.9092101 0
vt 0.4550695 0.3781963 0
vt 0.4389196 0.3713006 0
vt 0.4408593 0.3357108 0
vt 0.455902 0.3362886 0
vt 0.9139568 0.4347801 0
vt 0.9377879 0.4236317 0
vt 0.937775 0.4730884 0
vt 0.9181775 0.4739 0
vt 0.4137449 0.9024561 0
vt 0.3707578 0.902674 0
vt 0.3587133 0.8872122 0
vt 0.4114322 0.8875644 0
vt 0.8387119 0.03415561 0
vt 0.8624436 0.03259135 0
vt 0.8839736 0.03736021 0
vt 0.8977724 0.1371702 0
vt 0.9039499 0.2250313 0
vt 0.8806251 0.2270676 0
vt 0.8530198 0.2293091 0
vt 0.829562 0.230942 0
vt 0.8225091 0.1440404 0
vt 0.8185983 0.04329418 0
vt 0.6821817 0.0256779 0
vt 0.8729547 0.6482039 0
vt 0.8483876 0.651317 0
vt 0.7275303 0.4468476 0
vt 0.7475986 0.4660067 0
vt 0.8368854 0.4346691 0
vt 0.8200079 0.4581071 0
vt 0.7534022 0.5697996 0
vt 0.837535 0.5603567 0
vt 0.8616975 0.5562081 0
vt 0.7290435 0.03930793 0
vt 0.7311645 0.1247217 0
vt 0.3197894 0.9304158 0
vt 0.3217255 0.8275937 0
vt 0.2728057 0.8311171 0
vt 0.2680502 0.9303199 0
vt 0.793186 0.6584362 0
vt 0.8207682 0.6550966 0
vt 0.7703408 0.4555906 0
vt 0.7958896 0.4518092 0
vt 0.7985593 0.4284445 0
vt 0.7617426 0.4305895 0
vt 0.8095448 0.5640506 0
vt 0.7817946 0.5671909 0
vt 0.7540153 0.02753677 0
vt 0.751862 0.02764787 0
vt 0.9422173 0.6660183 0
vt 0.7548458 0.1340524 0
vt 0.947725 0.5704167 0
vt 0.7524326 0.1333246 0
vt 0.9647655 0.6491739 0
vt 0.9637678 0.6458608 0
vt 0.9668639 0.6518583 0
vt 0.6977866 0.004224261 0
vt 0.7275303 0.5720969 0
vt 0.727569 0.5626987 0
vt 0.7299047 0.5707798 0
vt 0.9736166 0.5527584 0
vt 0.9699487 0.5626125 0
vt 0.9964674 0.5406292 0
vt 0.9944082 0.5410908 0
vt 0.3357891 0.9453909 0
vt 0.9965001 0.6710797 0
vt 0.3402052 0.8167515 0
vt 0.9942255 0.6706674 0
vt 0.9151085 0.6822952 0
vt 0.2501855 0.8142192 0
vt 0.9170983 0.6818664 0
vt 0.9151085 0.5500091 0
vt 0.2491535 0.9427427 0
vt 0.9176769 0.5511528 0
vt 0.7266239 0.1215512 0
vt 0.7224956 0.04150282 0
vt 0.6860098 0.03178068 0
vt 0.6860715 0.1307042 0
vt 0.315472 0.9256338 0
vt 0.3174244 0.8326738 0
vt 0.2769559 0.8354301 0
vt 0.2737832 0.9257359 0
vt 0.7477715 0.03647522 0
vt 0.731621 0.04337113 0
vt 0.7335618 0.07896049 0
vt 0.7486053 0.07837842 0
vt 0.9205638 0.6709176 0
vt 0.9386671 0.6594958 0
vt 0.9399795 0.6198926 0
vt 0.9212276 0.6189695 0
vt 0.2672065 0.876652 0
vt 0.2676718 0.8348497 0
vt 0.2518571 0.8233835 0
vt 0.2522288 0.8753141 0
vt 0.7952251 0.4565863 0
vt 0.7716938 0.4598202 0
vt 0.7516207 0.4688209 0
vt 0.7579151 0.5694021 0
vt 0.7694341 0.6567237 0
vt 0.7927006 0.6540586 0
vt 0.8202041 0.6507381 0
vt 0.8435206 0.64765 0
vt 0.8330691 0.5610694 0
vt 0.8167507 0.461517 0
vt 0.8148067 0.9980469 0
vt 0.8148067 0.832441 0
vt 0.6492009 0.9980469 0
vt 0.6492009 0.832441 0
vt 0.2877381 0.1045751 0
vt 0.3032542 0.2484055 0
vt 0.1438772 0.1050329 0
vt 0.1204472 0.2901061 0
vt 0.313693 0.2530141 0
vt 0.3074931 0.2502093 0
vt 0.319574 0.2553321 0
vt 0.2949657 0.09577268 0
vt 0.2990163 0.09097916 0
vt 0.2905086 0.1009342 0
vt 0.3305107 0.2595648 0
vt 0.3241076 0.2572828 0
vt 0.3380118 0.2624917 0
vt 0.3066715 0.08222078 0
vt 0.3119664 0.07625351 0
vt 0.3023408 0.08733014 0
vt 0.3205966 0.06641433 0
vt 0.3256498 0.06047257 0
vt 0.3149291 0.07280703 0
vt 0.3503726 0.2672241 0
vt 0.3423441 0.2640718 0
vt 0.3577884 0.2699466 0
vt 0.1360162 0.3160412 0
vt 0.1269661 0.3011563 0
vt 0.08004015 0.2701086 0
vt 0.1567039 0.3469802 0
vt 0.1496853 0.3367182 0
vt 0.1647161 0.3583557 0
vt 0.176241 0.3744625 0
vt 0.04150793 0.2480345 0
vt 0.1819893 0.3827548 0
vt 0.1375666 0.09567995 0
vt 0.1411286 0.1014512 0
vt 0.1344106 0.09025195 0
vt 0.1289697 0.0798722 0
vt 0.1321166 0.0858484 0
vt 0.1253242 0.07266033 0
vt 0.119298 0.06084098 0
vt 0.123209 0.0685697 0
vt 0.1156287 0.05386413 0
vt 0.3216104 0.2562576 0
vt 0.3005095 0.08929985 0
vt 0.1332951 0.0883052 0
vt 0.14389 0.3318328 0
vt 0.3013461 0.08830778 0
vt 0.3228295 0.2567318 0
vt 0.1453105 0.33398 0
vt 0.1326426 0.08717907 0
vt 0.3108419 0.07736866 0
vt 0.3365237 0.2618927 0
vt 0.160606 0.3562537 0
vt 0.1259057 0.07420254 0
vt 0.3326501 0.260524 0
vt 0.308241 0.08047291 0
vt 0.1278333 0.07780821 0
vt 0.1567674 0.3507263 0
vt 0.3445942 0.2650931 0
vt 0.3165887 0.07096799 0
vt 0.1220154 0.06639126 0
vt 0.1688492 0.3676663 0
vt 0.3193655 0.06765367 0
vt 0.3487248 0.2665585 0
vt 0.1723724 0.372706 0
vt 0.1199615 0.0625352 0
vt 0.3094071 0.2511236 0
vt 0.2919077 0.09931966 0
vt 0.1399882 0.0996662 0
vt 0.1270218 0.3053152 0
vt 0.2941018 0.0966247 0
vt 0.3126358 0.2524569 0
vt 0.1313412 0.3125604 0
vt 0.1381015 0.09677242 0
vt 0.3393866 0.2629706 0
vt 0.3129033 0.07517509 0
vt 0.1246864 0.07135133 0
vt 0.1666651 0.3601266 0
vt 0.3138513 0.07406457 0
vt 0.3407822 0.2634721 0
vt 0.167999 0.3619458 0
vt 0.124004 0.07003858 0
vt 0.1068586 0.03743937 0
vt 0.3377332 0.0464626 0
vt 0.3751452 0.2767675 0
vt 0.1938476 0.4001443 0
vt 0.3593158 0.2705117 0
vt 0.3267019 0.05926053 0
vt 0.1148925 0.05240852 0
vt 0.1836931 0.3842588 0
vt 0.2980723 0.09209089 0
vt 0.3182175 0.2547774 0
vt 0.1427133 0.3253586 0
vt 0.1351538 0.09150682 0
vt 0.3147909 0.2534686 0
vt 0.2957338 0.09487331 0
vt 0.1369605 0.09466488 0
vt 0.1382624 0.3185352 0
vt 0.1614129 0.009507259 0
vt 0.7320038 0.9980469 0
vt 0.7734053 0.9980469 0
vt 0.01956525 0.1821236 0
vt 0.6492009 0.915244 0
vt 0.6492009 0.9566454 0
vt 0.3376407 0.3252921 0
vt 0.7320038 0.832441 0
vt 0.6906024 0.832441 0
vt 0.3769906 0.0941639 0
vt 0.8148067 0.915244 0
vt 0.8148067 0.8738425 0
vt 0.2994988 0.1363856 0
vt 0.3085242 0.1757559 0
vt 0.3065406 0.2149416 0
vt 0.2699085 0.26827 0
vt 0.2259179 0.2866368 0
vt 0.1738887 0.2916519 0
vt 0.1144664 0.2374865 0
vt 0.1145618 0.1854221 0
vt 0.1278945 0.1412157 0
vt 0.1752474 0.09833488 0
vt 0.214883 0.09312201 0
vt 0.2532462 0.09732067 0
vt 0.3536287 0.2153621 0
vt 0.3544956 0.164742 0
vt 0.3402199 0.1162571 0
vt 0.3443619 0.1137882 0
vt 0.359372 0.1635626 0
vt 0.3585259 0.2156665 0
vt 0.2081787 0.3412314 0
vt 0.2568033 0.3247633 0
vt 0.3027598 0.298923 0
vt 0.3067279 0.3018643 0
vt 0.2604858 0.3287424 0
vt 0.2119252 0.3461191 0
vt 0.09382478 0.1113073 0
vt 0.07337981 0.1588704 0
vt 0.0616363 0.2079089 0
vt 0.05642881 0.2045727 0
vt 0.06906321 0.1555689 0
vt 0.09046399 0.1076379 0
vt 0.2687901 0.05375637 0
vt 0.2195374 0.04552447 0
vt 0.1698399 0.05189245 0
vt 0.168936 0.04709228 0
vt 0.2200537 0.0405023 0
vt 0.2706975 0.04926776 0
vt 0.3129874 0.214511 0
vt 0.3145806 0.1742905 0
vt 0.305343 0.1344364 0
vt 0.320352 0.1273638 0
vt 0.3314215 0.1702925 0
vt 0.3302993 0.2144831 0
vt 0.325753 0.1244321 0
vt 0.3376665 0.1687934 0
vt 0.3366536 0.2146689 0
vt 0.3763087 0.216668 0
vt 0.3767182 0.159337 0
vt 0.3594448 0.1048307 0
vt 0.1778223 0.298458 0
vt 0.2292259 0.291703 0
vt 0.2733288 0.2730014 0
vt 0.2847269 0.2845168 0
vt 0.2398466 0.3057683 0
vt 0.1900804 0.317034 0
vt 0.2894313 0.288496 0
vt 0.2442384 0.3109563 0
vt 0.1949234 0.3237677 0
vt 0.2245514 0.3628986 0
vt 0.2734615 0.3428348 0
vt 0.3211412 0.3126029 0
vt 0.1229453 0.1380791 0
vt 0.1091208 0.1828346 0
vt 0.1072736 0.234303 0
vt 0.08748606 0.2238238 0
vt 0.09397978 0.1738493 0
vt 0.110221 0.1277524 0
vt 0.08029747 0.2195915 0
vt 0.08836411 0.1700075 0
vt 0.105687 0.1234819 0
vt 0.07819314 0.09440897 0
vt 0.05383298 0.1439631 0
vt 0.03867611 0.1932937 0
vt 0.254831 0.0913015 0
vt 0.2153984 0.0868099 0
vt 0.1752987 0.09181194 0
vt 0.1735663 0.07474054 0
vt 0.2171129 0.0693469 0
vt 0.260323 0.07526827 0
vt 0.1726275 0.06854102 0
vt 0.2177769 0.06288962 0
vt 0.2625745 0.06940634 0
vt 0.2774465 0.03290522 0
vt 0.2217936 0.02265921 0
vt 0.1656468 0.02968285 0
vt 0.3442557 0.2149131 0
vt 0.3452583 0.1669878 0
vt 0.3322798 0.1208526 0
vt 0.3525418 0.1089303 0
vt 0.3687888 0.1612682 0
vt 0.3681978 0.2161847 0
vt 0.2009298 0.3317577 0
vt 0.2498243 0.3172028 0
vt 0.2952878 0.2932436 0
vt 0.3145767 0.3076744 0
vt 0.267602 0.3364006 0
vt 0.2189485 0.3553438 0
vt 0.1003264 0.1181661 0
vt 0.0815909 0.1650868 0
vt 0.0717483 0.2143338 0
vt 0.04663976 0.1983051 0
vt 0.06077037 0.1491964 0
vt 0.08379063 0.100436 0
vt 0.2652768 0.06237958 0
vt 0.2185825 0.05505286 0
vt 0.1714493 0.06105348 0
vt 0.167169 0.03764233 0
vt 0.2210123 0.03081092 0
vt 0.2743612 0.04037132 0
vt 0.3225273 0.2143384 0
vt 0.3237281 0.1721139 0
vt 0.3136736 0.130775 0
vt 0.1842902 0.3086276 0
vt 0.2347578 0.2993629 0
vt 0.2792888 0.2794959 0
vt 0.1158366 0.1326911 0
vt 0.1008874 0.1782312 0
vt 0.09646168 0.2288182 0
vt 0.2576847 0.08244774 0
vt 0.216302 0.07731343 0
vt 0.1745702 0.08238368 0
vt 0.3325655 0.2155502 0
vt 0.3337861 0.1697346 0
vt 0.3219967 0.1253428 0
vt 0.2621284 0.07330675 0
vt 0.2173697 0.06690421 0
vt 0.1722449 0.07266036 0
vt 0.1089755 0.1251872 0
vt 0.09186246 0.1724198 0
vt 0.08458774 0.2233582 0
vt 0.1907945 0.3198761 0
vt 0.2414859 0.3077382 0
vt 0.2873957 0.2854244 0
vt 0.3233125 0.1246186 0
vt 0.3353071 0.1693693 0
vt 0.3341119 0.2156139 0
vt 0.288546 0.2863926 0
vt 0.2425536 0.3090041 0
vt 0.1919755 0.3215287 0
vt 0.08282363 0.2223235 0
vt 0.09049108 0.1714859 0
vt 0.1078816 0.1241291 0
vt 0.1720104 0.07114462 0
vt 0.2175347 0.0653318 0
vt 0.2626994 0.07188575 0
vt 0.3376964 0.1164713 0
vt 0.3521033 0.1653333 0
vt 0.3510275 0.2163573 0
vt 0.30172 0.2967731 0
vt 0.2549872 0.3228125 0
vt 0.2052386 0.3391902 0
vt 0.06394172 0.210653 0
vt 0.07550895 0.1604912 0
vt 0.09608112 0.1120924 0
vt 0.1692128 0.05456841 0
vt 0.2192976 0.04799412 0
vt 0.2689365 0.05632179 0
vt 0.346499 0.2161061 0
vt 0.3476387 0.1664178 0
vt 0.333847 0.1186989 0
vt 0.2672049 0.06047891 0
vt 0.2188381 0.05259925 0
vt 0.1699936 0.05901397 0
vt 0.09919755 0.1154404 0
vt 0.07947738 0.1635043 0
vt 0.06885306 0.2137695 0
vt 0.2017239 0.3345903 0
vt 0.2516037 0.3191604 0
vt 0.2981048 0.2940209 0
vt 0.3608097 0.2169636 0
vt 0.3617919 0.1629833 0
vt 0.3459105 0.1114975 0
vt 0.2727366 0.04736433 0
vt 0.2203123 0.03801435 0
vt 0.1673535 0.0450282 0
vt 0.0893795 0.1047959 0
vt 0.0669346 0.1539251 0
vt 0.05355449 0.2040178 0
vt 0.2126943 0.3489391 0
vt 0.2623184 0.3307166 0
vt 0.3096652 0.3025775 0
vt 0.3498777 0.1091409 0
vt 0.3663429 0.1618725 0
vt 0.3654837 0.2172603 0
vt 0.3134642 0.305395 0
vt 0.2657665 0.3344156 0
vt 0.2160948 0.3534119 0
vt 0.04880811 0.2009809 0
vt 0.06292666 0.1508382 0
vt 0.08618578 0.1012726 0
vt 0.1664962 0.04044019 0
vt 0.2207725 0.03333007 0
vt 0.2745546 0.0430782 0
vt 0.3153893 0.2153252 0
vt 0.3169437 0.1737336 0
vt 0.3072216 0.1326782 0
vt 0.2564276 0.08916703 0
vt 0.2156379 0.08435769 0
vt 0.1742936 0.08953817 0
vt 0.1214539 0.1357998 0
vt 0.1070007 0.181726 0
vt 0.10447 0.234132 0
vt 0.1782573 0.3012442 0
vt 0.2305796 0.2936887 0
vt 0.2757021 0.2742206 0
vt 0.3112524 0.1309078 0
vt 0.3213662 0.1726815 0
vt 0.319987 0.2152752 0
vt 0.2785804 0.2773659 0
vt 0.2332738 0.2973906 0
vt 0.1814193 0.3062038 0
vt 0.09919015 0.2314557 0
vt 0.1030209 0.1794879 0
vt 0.1180369 0.1331778 0
vt 0.1739259 0.08497721 0
vt 0.2160646 0.07976543 0
vt 0.2578199 0.08490094 0
vt 0.3553421 0.2151744 0
vt 0.3561541 0.1643392 0
vt 0.3417567 0.1156771 0
vt 0.269163 0.05213909 0
vt 0.2197117 0.04381527 0
vt 0.1698102 0.05017635 0
vt 0.09252739 0.1103181 0
vt 0.07190861 0.1577481 0
vt 0.05993035 0.2064966 0
vt 0.209729 0.3428021 0
vt 0.2580562 0.3261174 0
vt 0.3038723 0.3001088 0
vt 0.3430743 0.1148952 0
vt 0.3577049 0.1639642 0
vt 0.3568974 0.215271 0
vt 0.3051313 0.3010457 0
vt 0.2592268 0.3273828 0
vt 0.2109199 0.3443549 0
vt 0.05827593 0.2054359 0
vt 0.0705357 0.1566985 0
vt 0.09145947 0.1091519 0
vt 0.1695257 0.0486504 0
vt 0.2198762 0.04221818 0
vt 0.2697688 0.0507132 0
vt 0.1621458 0.01125358 0
vt 0.223474 0.003839199 0
vt 0.2841395 0.01548193 0
vt 0.3755428 0.09545192 0
vt 0.3950536 0.1548883 0
vt 0.3950672 0.217485 0
vt 0.3359117 0.3243396 0
vt 0.2861698 0.3577054 0
vt 0.2362951 0.3795354 0
vt 0.02135028 0.1827526 0
vt 0.03793046 0.1326954 0
vt 0.06486319 0.08114856 0
vt 0.3781334 0.2164677 0
vt 0.3784518 0.1589159 0
vt 0.3610978 0.1042072 0
vt 0.2778309 0.03116807 0
vt 0.2219622 0.02087805 0
vt 0.1656065 0.02785389 0
vt 0.07679184 0.09335439 0
vt 0.05231769 0.1428463 0
vt 0.03706084 0.1919739 0
vt 0.22599 0.3644057 0
vt 0.2747112 0.3442402 0
vt 0.3223299 0.3138897 0
vt 0.319047 0.1283441 0
vt 0.3297873 0.1706796 0
vt 0.328689 0.214182 0
vt 0.2833079 0.283624 0
vt 0.2387407 0.3044074 0
vt 0.1891169 0.3151958 0
vt 0.0894147 0.2246234 0
vt 0.09544771 0.1748109 0
vt 0.1112791 0.1290846 0
vt 0.1740424 0.07628792 0
vt 0.2169338 0.07103699 0
vt 0.2594949 0.07671992 0
vt 0.3242204 0.2141192 0
vt 0.3253607 0.171727 0
vt 0.3151876 0.1302803 0
vt 0.2580128 0.08085911 0
vt 0.2164788 0.07562175 0
vt 0.1746041 0.08069194 0
vt 0.1145191 0.1319077 0
vt 0.09941588 0.1773444 0
vt 0.09456925 0.2274963 0
vt 0.1857734 0.3103715 0
vt 0.235796 0.3007279 0
vt 0.2801925 0.2807156 0
vt 0.2809218 0.1479471 0
vt 0.2832955 0.1807454 0
vt 0.2854594 0.2130705 0
vt 0.2542733 0.2537792 0
vt 0.2161657 0.2651273 0
vt 0.1791379 0.2679711 0
vt 0.1386398 0.2292746 0
vt 0.138288 0.1918873 0
vt 0.1446835 0.153303 0
vt 0.1814166 0.1189369 0
vt 0.2118612 0.1196087 0
vt 0.2459693 0.1173518 0
vt 0.3895191 0.5163465 0
vt 0.3894773 0.5256042 0
vt 0.392975 0.5344323 0
vt 0.4001121 0.5409137 0
vt 0.4092682 0.5437682 0
vt 0.4185637 0.5434939 0
vt 0.3982098 0.51695 0
vt 0.3989584 0.5229625 0
vt 0.401633 0.5282846 0
vt 0.4058928 0.5323988 0
vt 0.4113424 0.53488 0
vt 0.417409 0.5353069 0
vt 0.4074648 0.5168378 0
vt 0.4080431 0.519792 0
vt 0.4094882 0.5224154 0
vt 0.4115833 0.5245093 0
vt 0.414178 0.525882 0
vt 0.4171426 0.5263029 0
vt 0.4171426 0.5166396 0
vt 0.7589906 0.2199708 0
vt 0.7682484 0.2200127 0
vt 0.7770764 0.2165149 0
vt 0.7835578 0.2093779 0
vt 0.7864123 0.2002218 0
vt 0.7861381 0.1909263 0
vt 0.7595942 0.2112802 0
vt 0.7656066 0.2105316 0
vt 0.7709287 0.2078569 0
vt 0.7750429 0.2035972 0
vt 0.7775242 0.1981476 0
vt 0.777951 0.1920809 0
vt 0.759482 0.2020251 0
vt 0.7624361 0.2014468 0
vt 0.7650595 0.2000017 0
vt 0.7671534 0.1979067 0
vt 0.7685262 0.1953119 0
vt 0.7689471 0.1923473 0
vt 0.7592837 0.1923473 0
vt 0.6265684 0.3557838 0
vt 0.6265266 0.3650414 0
vt 0.6300244 0.3738695 0
vt 0.6371614 0.3803509 0
vt 0.6463175 0.3832054 0
vt 0.6556131 0.3829311 0
vt 0.6352591 0.3563873 0
vt 0.6360077 0.3623997 0
vt 0.6386824 0.3677218 0
vt 0.6429421 0.371836 0
vt 0.6483917 0.3743172 0
vt 0.6544584 0.3747441 0
vt 0.6445142 0.356275 0
vt 0.6450925 0.3592292 0
vt 0.6465376 0.3618526 0
vt 0.6486327 0.3639465 0
vt 0.6512274 0.3653192 0
vt 0.654192 0.3657402 0
vt 0.654192 0.3560768 0
vt 0.1587982 0.5929792 0
vt 0.15884 0.5837215 0
vt 0.1553423 0.5748935 0
vt 0.1482052 0.568412 0
vt 0.1390491 0.5655575 0
vt 0.1297536 0.5658318 0
vt 0.1501075 0.5923757 0
vt 0.1493589 0.5863632 0
vt 0.1466842 0.5810412 0
vt 0.1424245 0.5769269 0
vt 0.1369749 0.5744457 0
vt 0.1309083 0.5740188 0
vt 0.1408524 0.5924879 0
vt 0.1402741 0.5895338 0
vt 0.138829 0.5869103 0
vt 0.1367339 0.5848165 0
vt 0.1341392 0.5834437 0
vt 0.1311746 0.5830228 0
vt 0.1311746 0.5926861 0
vt 0.9878788 0.4212659 0
vt 0.978621 0.4213077 0
vt 0.969793 0.41781 0
vt 0.9633115 0.410673 0
vt 0.960457 0.4015169 0
vt 0.9966648 0.4187045 0
vt 0.9872752 0.4125752 0
vt 0.9812628 0.4118266 0
vt 0.9759407 0.409152 0
vt 0.9718264 0.4048922 0
vt 0.9693452 0.3994427 0
vt 0.9689183 0.393376 0
vt 0.9873874 0.4033201 0
vt 0.9844333 0.4027418 0
vt 0.9818098 0.4012968 0
vt 0.979716 0.3992017 0
vt 0.9783432 0.396607 0
vt 0.9779223 0.3936424 0
vt 0.9875856 0.3936424 0
vt 0.9796336 0.4944364 0
vt 0.9703759 0.4944783 0
vt 0.9615478 0.4909806 0
vt 0.9550664 0.4838435 0
vt 0.9522118 0.4746874 0
vt 0.9884196 0.491875 0
vt 0.97903 0.4857458 0
vt 0.9730175 0.4849972 0
vt 0.9676955 0.4823225 0
vt 0.9635812 0.4780628 0
vt 0.9611 0.4726132 0
vt 0.9606731 0.4665466 0
vt 0.9791422 0.4764907 0
vt 0.976188 0.4759124 0
vt 0.9735646 0.4744673 0
vt 0.9714708 0.4723723 0
vt 0.970098 0.4697776 0
vt 0.9696771 0.466813 0
vt 0.9793404 0.466813 0
vt 0.001994941 0.09738504 0
vt 0.00195312 0.08812732 0
vt 0.005450806 0.07929925 0
vt 0.01258784 0.07281779 0
vt 0.02174392 0.06996325 0
vt 0.00455644 0.1061711 0
vt 0.01068561 0.09678146 0
vt 0.01143418 0.09076899 0
vt 0.01410883 0.08544691 0
vt 0.0183686 0.08133267 0
vt 0.02381815 0.07885139 0
vt 0.02988481 0.07842452 0
vt 0.0199407 0.09689361 0
vt 0.02051901 0.09393947 0
vt 0.02196404 0.09131606 0
vt 0.02405909 0.08922217 0
vt 0.02665382 0.08784942 0
vt 0.02961843 0.08742855 0
vt 0.02961843 0.09709182 0
vt 0.02937486 0.6052788 0
vt 0.02011717 0.6053206 0
vt 0.01128912 0.6018228 0
vt 0.004807638 0.5946858 0
vt 0.00195312 0.5855298 0
vt 0.03816093 0.6027173 0
vt 0.02877131 0.5965881 0
vt 0.02275885 0.5958395 0
vt 0.01743681 0.5931648 0
vt 0.01332254 0.5889051 0
vt 0.01084129 0.5834555 0
vt 0.01041439 0.5773889 0
vt 0.0288835 0.587333 0
vt 0.02592935 0.5867546 0
vt 0.02330595 0.5853096 0
vt 0.02121206 0.5832146 0
vt 0.01983931 0.5806198 0
vt 0.01941835 0.5776552 0
vt 0.02908171 0.5776552 0
vt 0.03644114 0.3193343 0
vt 0.9325177 0.02810496 0
vt 0.9325178 0.09337355 0
vt 0.873158 0.3758974 0
vt 0.1195254 0.5680279 0
vt 0.9505463 0.009560107 0
vt 0.8610581 0.3820653 0
vt 0.6793537 0.4298334 0
vt 0.9505463 0.1119184 0
vt 0.7896939 0.3416341 0
vt 0.7222166 0.3593251 0
vt 0.7017018 0.3604635 0
vt 0.6764566 0.3600552 0
vt 0.6658618 0.3597249 0
vt 0.8390858 0.3150662 0
vt 0.829866 0.3197844 0
vt 0.8080154 0.3324283 0
vt 0.7768711 0.289161 0
vt 0.7074186 0.3075904 0
vt 0.6933924 0.3064084 0
vt 0.6815558 0.3032293 0
vt 0.0990743 0.4470877 0
vt 0.02240423 0.4470877 0
vt 0.7977514 0.2730801 0
vt 0.7884201 0.2810847 0
vt 0.7619493 0.2640534 0
vt 0.7083027 0.2802502 0
vt 0.6986709 0.2717078 0
vt 0.693195 0.2657286 0
vt 0.6878952 0.2564721 0
vt 0.7720679 0.2321354 0
vt 0.7691292 0.245191 0
vt 0.766726 0.253129 0
vt 0.7883504 0.4129668 0
vt 0.7588473 0.4210409 0
vt 0.08033465 0.5680279 0
vt 0.04114389 0.5680279 0
vt 0.7442817 0.2537046 0
vt 0.7187814 0.2615335 0
vt 0.7135856 0.2498717 0
vt 0.7434249 0.2404492 0
vt 0.7688442 0.3488386 0
vt 0.7439105 0.3556415 0
vt 0.07835955 0.5013327 0
vt 0.04311897 0.5013327 0
vt 0.7544838 0.2979408 0
vt 0.7319455 0.304255 0
vt 0.07351761 0.4470877 0
vt 0.04796093 0.4470877 0
vt 0.7443336 0.2681866 0
vt 0.7257014 0.2727302 0
vt 0.7082498 0.2376833 0
vt 0.7371096 0.2275242 0
vt 0.9470306 0.05171001 0
vt 0.9404518 0.03902793 0
vt 0.9581419 0.02669018 0
vt 0.9758321 0.02162932 0
vt 0.9849945 0.02162933 0
vt 0.9849945 0.04770262 0
vt 0.9849945 0.07377591 0
vt 0.9849945 0.09984919 0
vt 0.9758321 0.0998492 0
vt 0.958142 0.09478832 0
vt 0.9404518 0.08245059 0
vt 0.9470306 0.06976851 0
vt 0.9683023 0.06113609 0
vt 0.1551141 0.5283395 0
vt 0.1458564 0.5282977 0
vt 0.1370283 0.5317954 0
vt 0.1305469 0.5389325 0
vt 0.1276923 0.5480885 0
vt 0.1279666 0.5573841 0
vt 0.1545106 0.5370302 0
vt 0.1484981 0.5377788 0
vt 0.143176 0.5404535 0
vt 0.1390617 0.5447132 0
vt 0.1365805 0.5501628 0
vt 0.1361536 0.5562294 0
vt 0.1546227 0.5462853 0
vt 0.1516686 0.5468636 0
vt 0.1490452 0.5483086 0
vt 0.1469513 0.5504037 0
vt 0.1455785 0.5529985 0
vt 0.1451576 0.5559631 0
vt 0.1548209 0.5559631 0
vt 0.1505531 0.3790432 0
vt 0.1505949 0.3697855 0
vt 0.1470971 0.3609575 0
vt 0.1399601 0.354476 0
vt 0.130804 0.3516215 0
vt 0.1215084 0.3518958 0
vt 0.1418624 0.3784397 0
vt 0.1411138 0.3724273 0
vt 0.1384391 0.3671052 0
vt 0.1341794 0.3629909 0
vt 0.1287298 0.3605097 0
vt 0.1226631 0.3600829 0
vt 0.1326073 0.3785519 0
vt 0.132029 0.3755978 0
vt 0.1305839 0.3729744 0
vt 0.1284888 0.3708805 0
vt 0.1258941 0.3695078 0
vt 0.1229295 0.3690869 0
vt 0.1229295 0.3787502 0
vt 0.4638704 0.5337051 0
vt 0.4639122 0.5244474 0
vt 0.4604145 0.5156193 0
vt 0.4532774 0.5091379 0
vt 0.4441213 0.5062834 0
vt 0.4348259 0.5065577 0
vt 0.4551798 0.5331016 0
vt 0.4544311 0.5270891 0
vt 0.4517564 0.5217671 0
vt 0.4474967 0.5176528 0
vt 0.4420472 0.5151716 0
vt 0.4359805 0.5147447 0
vt 0.4459246 0.5332138 0
vt 0.4453463 0.5302597 0
vt 0.4439013 0.5276362 0
vt 0.4418062 0.5255424 0
vt 0.4392115 0.5241696 0
vt 0.4362469 0.5237487 0
vt 0.4362469 0.533412 0
vt 0.6972357 0.4381217 0
vt 0.687978 0.4380799 0
vt 0.6791499 0.4415776 0
vt 0.6726684 0.4487146 0
vt 0.6698139 0.4578707 0
vt 0.6700882 0.4671662 0
vt 0.6966321 0.4468124 0
vt 0.6906197 0.447561 0
vt 0.6852976 0.4502357 0
vt 0.6811833 0.4544954 0
vt 0.6787021 0.4599449 0
vt 0.6782752 0.4660116 0
vt 0.6967443 0.4560675 0
vt 0.6937902 0.4566458 0
vt 0.6911667 0.4580908 0
vt 0.6890729 0.4601859 0
vt 0.6877001 0.4627807 0
vt 0.6872791 0.4657453 0
vt 0.6969425 0.4657453 0
vt 0.9609979 0.429562 0
vt 0.9702556 0.4295202 0
vt 0.9790837 0.4330179 0
vt 0.9855651 0.440155 0
vt 0.9884196 0.449311 0
vt 0.9522118 0.4321235 0
vt 0.9616014 0.4382527 0
vt 0.9676139 0.4390013 0
vt 0.972936 0.441676 0
vt 0.9770503 0.4459357 0
vt 0.9795315 0.4513853 0
vt 0.9799583 0.4574519 0
vt 0.9614892 0.4475078 0
vt 0.9644434 0.4480861 0
vt 0.9670668 0.4495312 0
vt 0.9691607 0.4516262 0
vt 0.9705334 0.454221 0
vt 0.9709544 0.4571856 0
vt 0.961291 0.4571856 0
vt 0.6250062 0.00199491 0
vt 0.634264 0.00195312 0
vt 0.643092 0.005450862 0
vt 0.6495734 0.01258793 0
vt 0.6524279 0.02174399 0
vt 0.6162201 0.004556352 0
vt 0.6256097 0.01068555 0
vt 0.6316222 0.01143423 0
vt 0.6369443 0.0141089 0
vt 0.6410585 0.01836863 0
vt 0.6435397 0.02381822 0
vt 0.6439666 0.02988489 0
vt 0.6254975 0.01994068 0
vt 0.6284517 0.02051902 0
vt 0.6310751 0.02196406 0
vt 0.633169 0.02405914 0
vt 0.6345417 0.02665388 0
vt 0.6349626 0.02961845 0
vt 0.6252993 0.02961845 0
vt 0.6868452 0.4743603 0
vt 0.6961029 0.4743185 0
vt 0.7049309 0.4778163 0
vt 0.7114124 0.4849533 0
vt 0.7142669 0.4941094 0
vt 0.6780591 0.4769218 0
vt 0.6874487 0.483051 0
vt 0.6934611 0.4837997 0
vt 0.6987832 0.4864743 0
vt 0.7028975 0.490734 0
vt 0.7053787 0.4961836 0
vt 0.7058056 0.5022503 0
vt 0.6873365 0.4923061 0
vt 0.6902906 0.4928844 0
vt 0.6929141 0.4943295 0
vt 0.6950079 0.4964246 0
vt 0.6963807 0.4990193 0
vt 0.6968016 0.5019839 0
vt 0.6871383 0.5019839 0
vt 0.1462859 0.5113162 0
vt 0.146244 0.5020585 0
vt 0.1497417 0.4932304 0
vt 0.1568788 0.486749 0
vt 0.1660349 0.4838944 0
vt 0.1488473 0.5201023 0
vt 0.1549765 0.5107127 0
vt 0.1557252 0.5047002 0
vt 0.1583998 0.4993781 0
vt 0.1626595 0.4952638 0
vt 0.1681091 0.4927826 0
vt 0.1741757 0.4923557 0
vt 0.1642316 0.5108248 0
vt 0.1648099 0.5078707 0
vt 0.166255 0.5052473 0
vt 0.1683501 0.5031534 0
vt 0.1709448 0.5017807 0
vt 0.1739094 0.5013597 0
vt 0.1739094 0.5110231 0
vt 0.237443 0.6239876 0
vt 0.2406441 0.4237134 0
vt 0.2123185 0.6288246 0
vt 0.2168447 0.4123493 0
vt 0.3199422 0.5870526 0
vt 0.3123488 0.3933588 0
vt 0.3273309 0.5976206 0
vt 0.3003667 0.3660466 0
vt 0.2493251 0.4185644 0
vt 0.2507215 0.6252887 0
vt 0.2322175 0.3981764 0
vt 0.2344653 0.6403246 0
vt 0.2122603 0.4285222 0
vt 0.2393431 0.432102 0
vt 0.3169552 0.4070357 0
vt 0.1297843 0.4119437 0
vt 0.2541867 0.4318191 0
vt 0.1974623 0.427892 0
vt 0.1873473 0.4427307 0
vt 0.2633799 0.6267907 0
vt 0.2605444 0.6121847 0
vt 0.2641681 0.446004 0
vt 0.3182436 0.4240849 0
vt 0.1290242 0.4289608 0
vt 0.3538256 0.5400971 0
vt 0.3441116 0.3964432 0
vt 0.3424107 0.3864239 0
vt 0.3392766 0.3794271 0
vt 0.3367418 0.3625588 0
vt 0.09875584 0.3911465 0
vt 0.0977786 0.4027003 0
vt 0.3617173 0.5450951 0
vt 0.3742171 0.5067146 0
vt 0.3772917 0.4394305 0
vt 0.3645628 0.3866245 0
vt 0.3618582 0.3820256 0
vt 0.3644515 0.3711298 0
vt 0.0770163 0.4001322 0
vt 0.01292364 0.9926245 0
vt 0.3795597 0.507991 0
vt 0.3774379 0.3915379 0
vt 0.1217664 0.006614994 0
vt 0.1183864 0.008257087 0
vt 0.1153245 0.008257086 0
vt 0.1153245 0.00195313 0
vt 0.1183864 0.00195312 0
vt 0.4999676 0.3709198 0
vt 0.5061961 0.5901631 0
vt 0.5234653 0.3784673 0
vt 0.5263018 0.5797861 0
vt 0.6144018 0.4015353 0
vt 0.4148668 0.5943843 0
vt 0.60593 0.4122498 0
vt 0.6028711 0.6020033 0
vt 0.5227859 0.6060604 0
vt 0.4851101 0.3708168 0
vt 0.5379802 0.5821247 0
vt 0.5361846 0.3764288 0
vt 0.5275136 0.5696127 0
vt 0.4995333 0.5735433 0
vt 0.4140989 0.580534 0
vt 0.6060844 0.5884137 0
vt 0.4849051 0.5740291 0
vt 0.5422789 0.5693652 0
vt 0.5521207 0.554711 0
vt 0.5463079 0.3897516 0
vt 0.5495555 0.3769068 0
vt 0.9029805 0.669669 0
vt 0.4170459 0.5637092 0
vt 0.6074878 0.5712289 0
vt 0.6488662 0.452813 0
vt 0.3856557 0.5866717 0
vt 0.3833665 0.5978957 0
vt 0.3833202 0.6072476 0
vt 0.63254 0.6175765 0
vt 0.6355829 0.6096614 0
vt 0.6376558 0.5985731 0
vt 0.6413355 0.4582156 0
vt 0.6672697 0.4897159 0
vt 0.6719376 0.5580616 0
vt 0.3649124 0.5825388 0
vt 0.3647884 0.5880908 0
vt 0.6553218 0.6122555 0
vt 0.658282 0.607497 0
vt 0.6664189 0.5585507 0
vt 0.6621166 0.4911873 0
vt 0.07641782 0.02811166 0
vt 0.07641784 0.03113143 0
vt 0.07303774 0.03277351 0
vt 0.6673018 0.6172228 0
vt 0.06997598 0.02646956 0
vt 0.07303779 0.02646957 0
vt 0.3894773 0.3889857 0
vt 0.6121699 0.7511901 0
vt 0.6008897 0.68231 0
vt 0.559006 0.6315415 0
vt 0.4059677 0.1143283 0
vt 0.4076054 0.1610485 0
vt 0.2472477 0.8129683 0
vt 0.456464 0.177287 0
vt 0.6995814 0.1625965 0
vt 0.9732269 0.5560697 0
vt 0.4586184 0.1609248 0
vt 0.9507055 0.5723402 0
vt 0.4697151 0.1601631 0
vt 0.4802087 0.1655165 0
vt 0.4893373 0.1779431 0
vt 0.5921139 0.1428331 0
vt 0.7375327 0.4252628 0
vt 0.5923834 0.1271317 0
vt 0.3420648 0.8163725 0
vt 0.9902994 0.00195312 0
vt 0.5979184 0.1159837 0
vt 0.9902994 0.1195254 0
vt 0.6077029 0.1103599 0
vt 0.7656344 0.6614663 0
vt 0.617911 0.1227354 0
vt 0.6503193 0.08070947 0
vt 0.4926535 0.6067923 0
vt 0.6997303 0.456527 0
vt 0.6192507 0.04094397 0
vt 0.3466453 0.8032243 0
vt 0.394755 0.856777 0
vt 0.3894773 0.2781213 0
vt 0.9024341 0.2415718 0
vt 0.4672276 0.8742599 0
vt 0.5377336 0.8634553 0
vt 0.414859 0.6067923 0
vt 0.8667005 0.2415718 0
vt 0.7060217 0.4406832 0
vt 0.481146 0.9731312 0
vt 0.6106541 0.1529542 0
vt 0.4790366 0.8826626 0
vt 0.6000153 0.153062 0
vt 0.6182026 0.1444353 0
vt 0.4888618 0.1909332 0
vt 0.4799079 0.1970929 0
vt 0.6974975 0.1604554 0
vt 0.4691811 0.1945738 0
vt 0.4128501 0.2064811 0
vt 0.4068724 0.2520747 0
vt 0.9279845 0.1338543 0
vt 0.9381676 0.2415718 0
vt 0.5864082 0.8152805 0
vt 0.4629124 0.0214662 0
vt 0.4241069 0.06458472 0
vt 0.5744221 0.01208057 0
vt 0.8703316 0.3936318 0
vt 0.5157122 0.00195312 0
vt 0.6521536 0.03103954 0
vt 0.9456798 0.663154 0
vt 0.3589847 0.6555492 0
vt 0.3338222 0.7273084 0
vt 0.6821817 0.1365499 0
vt 0.9438864 0.4138062 0
vt 0.3482513 0.8826626 0
vt 0.3522527 0.9774158 0
vt 0.9902994 0.08033465 0
vt 0.9438864 0.5375425 0
vt 0.4047894 0.2542163 0
vt 0.6998399 0.00195312 0
vt 0.2472477 0.9431099 0
vt 0.3376152 0.9459527 0
vt 0.9902994 0.04114389 0
vt 0.9771364 0.00195312 0
vt 0.9295375 0.04716739 0
vt 0.9295375 0.07431113 0
vt 0.8089486 0.406317 0
vt 0.8349431 0.3950675 0
vt 0.9771364 0.1195254 0
vt 0.7090466 0.4284768 0
vt 0.1604698 0.5383541 0
vt 0.1639002 0.530901 0
vt 0.1576087 0.5467448 0
vt 0.1405385 0.384399 0
vt 0.1479916 0.3878293 0
vt 0.1321478 0.3815379 0
vt 0.4538558 0.5390608 0
vt 0.461309 0.5424912 0
vt 0.4454652 0.5361998 0
vt 0.7025914 0.4481363 0
vt 0.9585033 0.4479673 0
vt 0.9556422 0.4395766 0
vt 0.9881454 0.4586066 0
vt 0.6225116 0.02040018 0
vt 0.6196505 0.01200952 0
vt 0.6843505 0.4927656 0
vt 0.6814894 0.484375 0
vt 0.7139926 0.5034049 0
vt 0.1646911 0.5138108 0
vt 0.1563005 0.5166719 0
vt 0.1753304 0.4841687 0
vt 0.6973067 0.7012648 0
vt 0.6281039 0.7209469 0
vt 0.6320207 0.709802 0
vt 0.4109369 0.4312767 0
vt 0.7091199 0.7012648 0
vt 0.6141588 0.6933672 0
vt 0.6320207 0.6848301 0
vt 0.667606 0.6723238 0
vt 0.6636892 0.6611789 0
vt 0.9262534 0.1816121 0
vt 0.9551944 0.2113129 0
vt 0.9472968 0.223126 0
vt 0.9873827 0.1776953 0
vt 0.9551944 0.128165 0
vt 0.9637315 0.1460269 0
vt 0.9387596 0.1460269 0
vt 0.9276147 0.1421101 0
vt 0.9541265 0.8390956 0
vt 0.9838272 0.8101546 0
vt 0.9956404 0.8180522 0
vt 0.9502097 0.7779663 0
vt 0.9006794 0.8101546 0
vt 0.9185412 0.8016174 0
vt 0.9185412 0.8265893 0
vt 0.9146244 0.8377343 0
vt 0.274883 0.6779158 0
vt 0.3076044 0.7076165 0
vt 0.2959264 0.7194296 0
vt 0.3397928 0.673999 0
vt 0.3076044 0.6244686 0
vt 0.3161416 0.6423305 0
vt 0.2873892 0.6423305 0
vt 0.2762443 0.6384137 0
vt 0.6589528 0.6413028 0
vt 0.7242388 0.6327656 0
vt 0.6471396 0.6413028 0
vt 0.7281556 0.6216207 0
vt 0.7421006 0.6529808 0
vt 0.7242388 0.661518 0
vt 0.6886535 0.6740242 0
vt 0.6925703 0.6851691 0
vt 0.4052049 0.4208545 0
vt 0.4561219 0.4961548 0
vt 0.4274296 0.4973803 0
vt 0.3993979 0.4720039 0
vt 0.3915386 0.4810224 0
vt 0.5560577 0.8803485 0
vt 0.5675988 0.921074 0
vt 0.5548979 0.9276607 0
vt 0.6147059 0.9029204 0
vt 0.5840878 0.8549692 0
vt 0.5763341 0.8460246 0
vt 0.04766082 0.2673184 0
vt 0.0666953 0.2894784 0
vt 0.03578961 0.2654428 0
vt 0.05857583 0.2755983 0
vt 0.07092921 0.3259409 0
vt 0.07092918 0.307003 0
vt 0.06676988 0.3439366 0
vt 0.0590223 0.3588209 0
vt 0.04870633 0.3689137 0
vt 0.03709284 0.3732257 0
vt 0.02522159 0.3713503 0
vt 0.0143065 0.3630704 0
vt 0.006186985 0.3491901 0
vt 0.00195312 0.3316655 0
vt 0.00195312 0.3127276 0
vt 0.006112496 0.2947319 0
vt 0.01386011 0.2798476 0
vt 0.0241761 0.2697549 0
vt 0.6104903 0.8449901 0
vt 0.6224619 0.8480303 0
vt 0.8727115 0.8336368 0
vt 0.9955682 0.191726 0
vt 0.9795903 0.1917265 0
vt 0.9790087 0.2230131 0
vt 0.9955682 0.2309737 0
vt 0.06585338 0.00195312 0
vt 0.07383397 0.01825673 0
vt 0.1051472 0.01813322 0
vt 0.105304 0.00195312 0
vt 0.9607313 0.3922213 0
vt 0.4079243 0.5138519 0
vt 0.3995337 0.5109908 0
vt 0.3920805 0.5075605 0
vt 0.9524861 0.4653919 0
vt 0.756496 0.2015656 0
vt 0.7536349 0.2099562 0
vt 0.7502046 0.2174094 0
vt 0.03103947 0.07023753 0
vt 0.6449737 0.3532891 0
vt 0.636583 0.350428 0
vt 0.6291299 0.3469977 0
vt 0.002227347 0.5762342 0
vt 0.1403929 0.5954739 0
vt 0.1487836 0.598335 0
vt 0.1562367 0.6017653 0
vt 0.9903734 0.4028607 0
vt 0.9932345 0.4112513 0
vt 0.9821282 0.4760312 0
vt 0.9849893 0.4844219 0
vt 0.02040022 0.09987958 0
vt 0.01200954 0.1027407 0
vt 0.03186948 0.5868735 0
vt 0.03473057 0.5952641 0
vt 0.3706077 0.3971467 0
vt 0.00195312 0.9741266 0
vt 0.3240136 0.4467356 0
vt 0.0225959 0.9405358 0
vt 0.3671153 0.3929286 0
vt 0.3583401 0.4271204 0
vt 0.9029805 0.7279355 0
vt 0.6124487 0.552564 0
vt 0.9239825 0.7603451 0
vt 0.3662589 0.575862 0
vt 0.6481076 0.5710916 0
vt 0.6605132 0.6010437 0
vt 0.1877397 0.8822693 0
vt 0.8467553 0.779169 0
vt 0.1974229 0.6287968 0
vt 0.3827734 0.4398242 0
vt 0.8126809 0.7602693 0
vt 0.1616236 0.9410395 0
vt 0.07928196 0.9922101 0
vt 0.1132526 0.9734316 0
vt 0.4750498 0.387188 0
vt 0.9131148 0.7792142 0
vt 0.7639528 0.7284392 0
vt 0.5253738 0.3620225 0
vt 0.7378368 0.669669 0
vt 0.1873473 0.6124884 0
vt 0.0225959 0.8822693 0
vt 0.4750498 0.5585245 0
vt 0.06820543 0.4019407 0
vt 0.07659256 0.4069341 0
vt 0.06791468 0.4057584 0
vt 0.2006224 0.4139022 0
vt 0.1323968 0.3984643 0
vt 0.07879856 0.3948866 0
vt 0.1006474 0.3821324 0
vt 0.0691401 0.3989473 0
vt 0.4866887 0.5881038 0
vt 0.5966465 0.6290057 0
vt 0.6628214 0.5960545 0
vt 0.3573724 0.5737578 0
vt 0.3566602 0.5775471 0
vt 0.6318209 0.6364162 0
vt 0.6583452 0.6240549 0
vt 0.3564965 0.5806757 0
vt 0.3755406 0.3891266 0
vt 0.373933 0.3855149 0
vt 0.06997598 0.03277348 0
vt 0.1217665 0.00359522 0
vt 0.3722866 0.3827403 0
vt 0.3742719 0.3765019 0
vt 0.6655974 0.6108571 0
vt 0.6672662 0.6082048 0
vt 0.6685403 0.6046014 0
vt 0.6698066 0.6018062 0
vt 0.7734053 0.832441 0
vt 0.02017089 0.2347173 0
vt 0.2873484 0.3592011 0
vt 0.3968959 0.2179816 0
vt 0.3968959 0.154454 0
vt 0.1943245 0.402035 0
vt 0.00195312 0.22506 0
vt 0.2370304 0.3812862 0
vt 0.003854037 0.2254497 0
vt 0.0218026 0.2363021 0
vt 0.6492009 0.8738425 0
vt 0.03050269 0.2414896 0
vt 0.10587 0.03572929 0
vt 0.03253793 0.2451736 0
vt 0.0378617 0.2483178 0
vt 0.1689006 0.3640807 0
vt 0.04374365 0.2487667 0
vt 0.04568924 0.2499401 0
vt 0.04762781 0.2517161 0
vt 0.05003542 0.2555832 0
vt 0.05589909 0.258974 0
vt 0.08273851 0.2709566 0
vt 0.05974538 0.2587737 0
vt 0.07061318 0.2650445 0
vt 0.07367836 0.2690971 0
vt 0.03633818 0.1316523 0
vt 0.07597274 0.2703131 0
vt 0.09002677 0.2748054 0
vt 0.1437992 0.3279075 0
vt 0.06371913 0.07953454 0
vt 0.09273702 0.2767766 0
vt 0.09656694 0.2810304 0
vt 0.1042749 0.2847279 0
vt 0.1086303 0.2844606 0
vt 0.6906024 0.9980469 0
vt 0.2236404 0.00195312 0
vt 0.2851905 0.01385625 0
vt 0.3390266 0.04495931 0
vt 0.8148067 0.9566454 0
vt 0.3769608 0.2775474 0
vt 0.5119508 0.3236742 0
vt 0.9731617 0.3019174 0
vt 0.8892596 0.3881064 0
vt 0.6612198 0.2748926 0
vt 0.86744 0.3019174 0
vt 0.9099538 0.3881065 0
vt 0.951342 0.3881065 0
vt 0.1136001 0.5013327 0
vt 0.9306479 0.3881065 0
vt 0.07108633 0.4151436 0
vt 0.0503922 0.4151436 0
vt 0.6656913 0.4302072 0
vt 0.007878403 0.5013327 0
vt 0.00195312 0.5680279 0
vt 0.807594 0.2588815 0
vt 0.02969806 0.4151436 0
vt 0.09178046 0.4151436 0
vt 0.6656913 0.293596 0
vt 0.8615147 0.2625825 0
vt 0.6716321 0.1217145 0
vt 0.4273415 0.2299897 0
vt 0.9739012 0.2415718 0
#end 1873 textures vertices 

#begin 0 normals 
#end 0 normals 

#begin 1480 faces
o Box016
usemtl wire_174097139
g Box016
f 157/157 158/158 159/159 160/160 
f 161/161 162/162 163/163 164/164 
f 125/125 126/126 127/127 128/128 
f 73/73 74/74 75/75 76/76 
f 129/129 130/130 131/131 132/132 
f 77/77 78/78 79/79 80/80 
f 120/120 119/119 135/135 136/136 
f 97/97 98/98 99/99 100/100 
f 68/68 67/67 83/83 84/84 
f 118/118 117/117 139/139 140/140 
f 101/101 102/102 103/103 104/104 
f 66/66 65/65 87/87 88/88 
f 126/126 125/125 141/141 142/142 
f 128/128 127/127 143/143 144/144 
f 74/74 73/73 89/89 90/90 
f 76/76 75/75 91/91 92/92 
f 130/130 129/129 145/145 146/146 
f 132/132 131/131 147/147 148/148 
f 78/78 77/77 93/93 94/94 
f 80/80 79/79 95/95 96/96 
f 134/134 133/133 142/1558 141/1557 
f 136/136 135/135 144/1556 143/1555 
f 82/82 81/81 90/1605 89/1609 
f 84/84 83/83 92/1612 91/1588 
f 138/138 137/137 146/1581 145/1578 
f 140/140 139/139 148/1583 147/1582 
f 86/86 85/85 94/1585 93/1603 
f 88/88 87/87 96/1604 95/1587 
f 133/133 134/134 152/152 151/151 
f 70/70 69/69 98/98 97/97 
f 81/81 82/82 100/100 99/99 
f 137/137 138/138 156/156 155/155 
f 113/113 114/114 102/102 101/101 
f 115/115 116/116 104/104 103/103 
f 71/71 72/72 106/106 105/105 
f 39/39 28/28 45/45 44/44 
f 85/85 86/86 108/108 107/107 
f 14/1872 36/36 47/47 46/46 
f 105/105 106/106 110/110 109/109 
f 107/107 108/108 112/112 111/111 
f 109/109 110/110 114/114 113/113 
f 205/205 206/206 207/207 208/208 
f 111/111 112/112 116/1860 115/1857 
f 209/209 210/210 211/211 212/212 
f 117/117 118/118 158/158 157/157 
f 119/119 120/120 160/160 159/159 
f 123/123 124/124 162/162 161/161 
f 121/121 122/122 164/164 163/163 
f 74/74 11/11 19/19 75/75 
f 76/76 25/25 23/23 73/73 
f 102/102 59/59 60/60 103/103 
f 104/104 63/63 64/64 101/101 
f 77/77 13/13 12/12 93/93 
f 94/94 27/27 29/29 78/78 
f 85/85 28/1870 27/1589 94/1585 
f 93/1603 12/1873 14/14 86/86 
f 82/82 22/22 37/37 100/100 
f 99/99 33/33 10/10 81/81 
f 116/116 62/62 63/63 104/104 
f 103/103 60/60 61/61 115/115 
f 86/86 14/14 46/1853 108/108 
f 107/107 45/1856 28/1870 85/85 
f 108/108 46/1853 54/54 112/112 
f 111/111 53/53 45/1856 107/107 
f 112/112 54/54 62/1858 116/1860 
f 115/1857 61/1854 53/53 111/111 
f 158/158 67/67 68/68 159/159 
f 160/160 65/65 66/66 157/157 
f 162/162 72/72 71/71 163/163 
f 164/164 69/69 70/70 161/161 
f 126/126 13/13 17/17 127/127 
f 128/128 19/19 11/11 125/125 
f 130/130 23/23 25/25 131/131 
f 132/132 31/31 29/29 129/129 
f 119/119 2/2 20/20 135/135 
f 136/136 16/16 1/1 120/120 
f 117/117 3/3 32/32 139/139 
f 140/140 26/26 4/4 118/118 
f 125/125 11/11 9/9 141/141 
f 142/142 12/12 13/13 126/126 
f 127/127 17/17 15/15 143/143 
f 144/144 18/18 19/19 128/128 
f 129/129 29/29 27/27 145/145 
f 146/146 21/21 23/23 130/130 
f 131/131 25/25 24/24 147/147 
f 148/148 30/30 31/31 132/132 
f 135/135 20/20 18/1579 144/1556 
f 143/1555 15/1554 16/16 136/136 
f 139/139 32/32 30/1586 148/1583 
f 147/1582 24/1613 26/26 140/140 
f 149/149 34/34 6/6 122/122 
f 123/123 8/8 38/38 154/154 
f 118/118 4/4 67/67 158/158 
f 157/157 66/66 3/3 117/117 
f 120/120 1/1 65/65 160/160 
f 159/159 68/68 2/2 119/119 
f 50/50 51/51 198/198 197/197 
f 51/51 59/59 199/199 198/198 
f 59/59 58/58 200/200 199/199 
f 58/58 50/50 197/197 200/200 
f 56/56 49/49 202/202 201/201 
f 49/49 57/57 203/203 202/202 
f 57/57 64/64 204/204 203/203 
f 64/64 56/56 201/201 204/204 
f 197/1727 198/1726 206/206 205/205 
f 198/1726 199/1729 207/207 206/206 
f 199/1729 200/1728 208/208 207/207 
f 200/1728 197/1727 205/205 208/208 
f 201/1733 202/1732 210/210 209/209 
f 202/1732 203/1731 211/211 210/210 
f 203/1731 204/1730 212/212 211/211 
f 204/1730 201/1733 209/209 212/212 
f 213/213 215/215 214/214 
f 213/213 216/216 215/215 
f 213/213 217/217 216/216 
f 213/213 218/218 217/217 
f 213/213 219/219 218/218 
f 213/213 214/214 220/220 
f 214/214 215/215 222/222 221/221 
f 215/215 216/216 223/223 222/222 
f 216/216 217/217 224/224 223/223 
f 217/217 218/218 225/225 224/224 
f 218/218 219/219 226/226 225/225 
f 220/220 214/214 221/221 227/227 
f 221/221 222/222 229/229 228/228 
f 222/222 223/223 230/230 229/229 
f 223/223 224/224 231/231 230/230 
f 224/224 225/225 232/232 231/231 
f 225/225 226/226 233/233 232/232 
f 227/227 221/221 228/228 234/234 
f 228/228 229/229 236/236 235/235 
f 229/229 230/230 237/237 236/236 
f 230/230 231/231 238/238 237/237 
f 231/231 232/232 239/239 238/238 
f 232/232 233/233 240/240 239/239 
f 234/234 228/228 235/235 241/241 
f 235/235 236/236 243/243 242/242 
f 236/236 237/237 244/244 243/243 
f 237/237 238/238 245/245 244/244 
f 238/238 239/239 246/246 245/245 
f 239/239 240/240 247/247 246/246 
f 241/241 235/235 242/242 248/248 
f 249/249 242/242 243/243 
f 249/249 243/243 244/244 
f 249/249 244/244 245/245 
f 249/249 245/245 246/246 
f 249/249 246/246 247/247 
f 249/249 248/248 242/242 
f 250/250 252/252 251/251 
f 250/250 253/253 252/252 
f 250/250 254/254 253/253 
f 250/250 255/255 254/254 
f 250/250 256/256 255/255 
f 250/250 251/251 257/257 
f 286/286 279/279 280/280 
f 286/286 280/280 281/281 
f 286/286 281/281 282/282 
f 286/286 282/282 283/283 
f 286/286 283/283 284/284 
f 286/286 285/285 279/279 
f 287/287 288/288 289/289 
f 287/287 289/289 290/290 
f 287/287 290/290 291/291 
f 287/287 291/291 292/292 
f 287/287 292/292 293/293 
f 287/287 294/294 288/288 
f 323/323 317/317 316/316 
f 323/323 318/318 317/317 
f 323/323 319/319 318/318 
f 323/323 320/320 319/319 
f 323/323 321/321 320/320 
f 323/323 316/316 322/322 
f 324/324 325/325 326/326 
f 324/324 326/326 327/327 
f 324/324 327/327 328/328 
f 324/324 328/328 329/329 
f 324/324 329/329 330/330 
f 324/324 331/331 325/325 
f 325/325 332/332 333/333 326/326 
f 326/326 333/333 334/334 327/327 
f 327/327 334/334 335/335 328/328 
f 328/328 335/335 336/336 329/329 
f 329/329 336/336 337/337 330/330 
f 331/331 338/338 332/332 325/325 
f 332/332 339/339 340/340 333/333 
f 333/333 340/340 341/341 334/334 
f 334/334 341/341 342/342 335/335 
f 335/335 342/342 343/343 336/336 
f 336/336 343/343 344/344 337/337 
f 338/338 345/345 339/339 332/332 
f 339/339 346/346 347/347 340/340 
f 340/340 347/347 348/348 341/341 
f 341/341 348/348 349/349 342/342 
f 342/342 349/349 350/350 343/343 
f 343/343 350/350 351/351 344/344 
f 345/345 352/352 346/346 339/339 
f 346/346 353/353 354/354 347/347 
f 347/347 354/354 355/355 348/348 
f 348/348 355/355 356/356 349/349 
f 349/349 356/356 357/357 350/350 
f 350/350 357/357 358/358 351/351 
f 352/352 359/359 353/353 346/346 
f 360/360 354/354 353/353 
f 360/360 355/355 354/354 
f 360/360 356/356 355/355 
f 360/360 357/357 356/356 
f 360/360 358/358 357/357 
f 360/360 353/353 359/359 
f 361/361 362/362 380/380 379/379 
f 362/362 363/363 381/381 380/380 
f 363/363 364/364 382/382 381/381 
f 364/364 365/365 383/383 382/382 
f 365/365 366/366 384/384 383/383 
f 366/366 367/367 385/385 384/384 
f 367/367 368/1725 386/386 385/385 
f 368/368 369/369 387/387 386/1723 
f 369/369 370/370 388/388 387/387 
f 370/370 371/371 389/389 388/388 
f 371/371 372/372 390/390 389/389 
f 372/372 373/373 391/391 390/390 
f 373/373 374/374 392/392 391/391 
f 374/374 375/375 393/393 392/392 
f 375/375 376/376 394/394 393/393 
f 376/376 377/377 395/395 394/394 
f 377/377 378/378 396/396 395/395 
f 378/378 361/361 379/379 396/396 
f 379/379 380/380 398/398 397/397 
f 380/380 381/381 399/399 398/398 
f 381/381 382/382 400/400 399/399 
f 382/382 383/383 401/401 400/400 
f 383/383 384/384 402/402 401/401 
f 384/384 385/385 403/403 402/402 
f 385/385 386/386 404/404 403/403 
f 386/1723 387/387 405/405 404/1724 
f 387/387 388/388 406/406 405/405 
f 388/388 389/389 407/407 406/406 
f 389/389 390/390 408/408 407/407 
f 390/390 391/391 409/409 408/408 
f 391/391 392/392 410/410 409/409 
f 392/392 393/393 411/411 410/410 
f 393/393 394/394 412/412 411/411 
f 394/394 395/395 413/413 412/412 
f 395/395 396/396 414/414 413/413 
f 396/396 379/379 397/397 414/414 
f 397/1708 398/1706 416/416 415/415 
f 398/1706 399/1710 417/417 416/416 
f 399/1710 400/1709 418/418 417/417 
f 400/1709 401/1711 419/419 418/418 
f 401/1711 402/1712 420/420 419/419 
f 402/1712 403/1713 421/421 420/420 
f 403/1713 404/1714 422/422 421/421 
f 404/1714 405/1715 423/423 422/422 
f 405/1715 406/1716 424/424 423/423 
f 406/1716 407/1717 425/425 424/424 
f 407/1717 408/1718 426/426 425/425 
f 408/1718 409/1719 427/427 426/426 
f 409/1719 410/1720 428/428 427/427 
f 410/1720 411/1721 429/429 428/428 
f 411/1721 412/1722 430/430 429/429 
f 412/1722 413/1707 431/431 430/430 
f 413/1707 414/1705 432/432 431/431 
f 414/1705 397/1708 415/415 432/432 
f 441/441 444/444 443/443 442/442 
f 433/1658 437/437 438/438 434/434 
f 434/1654 438/1655 440/440 436/436 
f 436/1657 440/1653 439/439 435/435 
f 435/1661 439/1660 437/1659 433/433 
f 437/437 441/441 442/442 438/438 
f 438/1655 442/442 443/443 440/440 
f 440/1653 443/443 444/444 439/439 
f 439/1660 444/444 441/441 437/1659 
f 453/453 454/454 455/455 456/456 
f 445/445 446/1666 450/450 449/449 
f 446/446 448/1665 452/452 450/1667 
f 448/448 447/1664 451/451 452/1663 
f 447/447 445/1669 449/1668 451/1662 
f 449/449 450/450 454/454 453/453 
f 450/1667 452/452 455/455 454/454 
f 452/1663 451/451 456/456 455/455 
f 451/1662 449/1668 453/453 456/456 
f 465/465 466/466 467/467 468/468 
f 457/457 458/1674 462/462 461/461 
f 458/458 460/1673 464/464 462/1675 
f 460/460 459/1672 463/463 464/1671 
f 459/459 457/1677 461/1676 463/1670 
f 461/461 462/462 466/466 465/465 
f 462/1675 464/464 467/467 466/466 
f 464/1671 463/463 468/468 467/467 
f 463/1670 461/1676 465/465 468/468 
f 477/477 478/478 479/479 480/480 
f 469/469 470/1682 474/474 473/473 
f 470/470 472/1681 476/476 474/1683 
f 472/472 471/1680 475/475 476/1679 
f 471/471 469/1685 473/1684 475/1678 
f 473/473 474/474 478/478 477/477 
f 474/1683 476/476 479/479 478/478 
f 476/1679 475/475 480/480 479/479 
f 475/1678 473/1684 477/477 480/480 
f 489/489 492/492 491/491 490/490 
f 481/1690 485/485 486/486 482/482 
f 482/1689 486/1687 488/488 484/484 
f 484/1688 488/1686 487/487 483/483 
f 483/1693 487/1692 485/1691 481/481 
f 485/485 489/489 490/490 486/486 
f 486/1687 490/490 491/491 488/488 
f 488/1686 491/491 492/492 487/487 
f 487/1692 492/492 489/489 485/1691 
f 501/501 504/504 503/503 502/502 
f 493/1695 497/497 498/498 494/494 
f 494/494 498/498 500/500 496/496 
f 496/1694 500/1656 499/499 495/495 
f 495/1698 499/1697 497/1696 493/493 
f 497/497 501/501 502/502 498/498 
f 498/498 502/502 503/503 500/500 
f 500/1656 503/503 504/504 499/499 
f 499/1697 504/504 501/501 497/1696 
f 513/513 514/514 515/515 516/516 
f 505/505 506/506 510/510 509/509 
f 506/506 508/1702 512/512 510/510 
f 508/508 507/1701 511/511 512/1700 
f 507/507 505/1704 509/1703 511/1699 
f 509/509 510/510 514/514 513/513 
f 510/510 512/512 515/515 514/514 
f 512/1700 511/511 516/516 515/515 
f 511/1699 509/1703 513/513 516/516 
f 535/535 536/536 537/537 538/538 
f 576/576 577/577 578/578 579/579 
f 593/593 594/594 539/539 540/540 
f 519/519 518/518 526/526 525/525 
f 524/524 521/521 520/520 552/552 553/553 
f 588/588 589/589 540/540 539/539 
f 526/526 522/522 523/523 525/525 
f 550/550 517/1553 527/527 542/542 
f 570/570 571/571 568/568 569/569 
f 524/1584 553/1620 546/546 528/528 
f 572/572 573/573 574/574 575/575 
f 549/549 543/543 564/564 561/561 
f 581/581 582/582 583/583 580/580 
f 545/545 554/554 557/557 567/567 
f 558/558 560/560 530/530 529/529 
f 560/560 563/563 531/531 530/530 
f 586/586 587/587 584/584 585/585 
f 566/566 558/558 529/529 532/532 
f 594/594 595/595 596/596 539/539 
f 540/540 591/591 592/592 593/593 
f 589/589 590/590 591/591 540/540 
f 539/539 596/596 597/597 588/588 
f 552/552 551/1602 553/553 
f 554/554 551/551 555/555 
f 548/548 547/1608 549/549 
f 550/550 542/542 541/541 547/547 
f 546/546 553/1620 551/1601 544/544 
f 557/557 561/561 559/559 556/556 
f 543/543 549/549 547/1608 541/1615 
f 561/561 564/564 562/562 559/559 
f 554/554 545/545 544/1619 551/551 
f 567/567 557/557 556/556 565/565 
f 560/560 558/558 556/1591 559/1617 
f 563/563 560/560 559/1617 562/1616 
f 558/558 566/566 565/1593 556/1591 
f 527/527 517/1553 570/570 569/569 
f 517/1553 524/1584 571/571 570/570 
f 524/1584 528/528 568/568 571/571 
f 529/529 530/530 573/573 572/572 
f 530/530 531/531 574/574 573/573 
f 532/532 529/529 572/572 575/575 
f 542/542 527/527 577/577 576/576 
f 528/528 546/546 579/579 578/578 
f 564/564 543/543 581/581 580/580 
f 545/545 567/567 583/583 582/582 
f 531/531 563/563 586/586 585/585 
f 566/566 532/532 584/584 587/587 
f 536/536 535/535 589/589 588/588 
f 535/535 521/521 590/590 589/589 
f 521/521 524/524 591/591 590/590 
f 524/524 517/517 592/592 591/591 
f 517/517 533/533 593/593 592/592 
f 533/533 534/534 594/594 593/593 
f 534/534 519/519 595/595 594/594 
f 519/519 525/525 596/596 595/595 
f 525/525 523/523 597/597 596/596 
f 523/523 536/536 588/588 597/597 
f 616/616 619/619 618/618 617/617 
f 657/657 660/660 659/659 658/658 
f 674/674 621/621 620/620 675/675 
f 600/600 606/606 607/607 599/599 
f 605/605 634/634 633/633 601/601 602/602 
f 669/669 620/620 621/621 670/670 
f 607/607 606/606 604/604 603/603 
f 631/631 623/623 608/608 598/598 
f 651/651 650/650 649/649 652/652 
f 605/1614 609/609 627/627 634/1598 
f 653/653 656/656 655/655 654/654 
f 630/630 642/642 645/645 624/624 
f 662/662 661/661 664/664 663/663 
f 626/626 648/648 638/638 635/635 
f 639/639 610/610 611/611 641/641 
f 641/641 611/611 612/612 644/644 
f 667/667 666/666 665/665 668/668 
f 647/647 613/613 610/610 639/639 
f 675/675 620/620 677/677 676/676 
f 621/621 674/674 673/673 672/672 
f 670/670 621/621 672/672 671/671 
f 620/620 669/669 678/678 677/677 
f 633/633 634/634 632/632 
f 635/635 636/636 632/1562 
f 629/629 630/630 628/628 
f 631/631 628/1621 622/622 623/623 
f 627/627 625/625 632/1561 634/1598 
f 638/638 637/637 640/640 642/642 
f 624/624 622/1611 628/628 630/630 
f 642/642 640/640 643/643 645/645 
f 635/635 632/1562 625/1564 626/626 
f 648/648 646/646 637/637 638/638 
f 641/641 640/1571 637/1623 639/639 
f 644/644 643/1559 640/1571 641/641 
f 639/639 637/1623 646/1622 647/647 
f 608/608 650/650 651/651 598/598 
f 598/598 651/651 652/652 605/1614 
f 605/1614 652/652 649/649 609/609 
f 610/610 653/653 654/654 611/611 
f 611/611 654/654 655/655 612/612 
f 613/613 656/656 653/653 610/610 
f 623/623 657/657 658/658 608/608 
f 609/609 659/659 660/660 627/627 
f 645/645 661/661 662/662 624/624 
f 626/626 663/663 664/664 648/648 
f 612/612 666/666 667/667 644/644 
f 647/647 668/668 665/665 613/613 
f 617/617 669/669 670/670 616/616 
f 616/616 670/670 671/671 602/602 
f 602/602 671/671 672/672 605/605 
f 605/605 672/672 673/673 598/1576 
f 598/1576 673/673 674/674 614/614 
f 614/614 674/674 675/675 615/615 
f 615/615 675/675 676/676 600/600 
f 600/600 676/676 677/677 606/606 
f 606/606 677/677 678/678 604/604 
f 604/604 678/678 669/669 617/617 
f 780/780 783/783 786/786 789/789 
f 1080/1080 1083/1083 1086/1086 1089/1089 
f 1007/1007 1008/1008 1020/1020 1021/1021 
f 1016/1016 1017/1017 1023/1023 1024/1024 
f 1013/1013 1014/1014 1026/1026 1027/1027 
f 1010/1010 1011/1011 1029/1029 1030/1030 
f 793/793 792/792 828/828 827/827 
f 911/911 912/912 924/924 925/925 
f 1034/1034 1035/1035 1044/1044 1045/1045 
f 796/796 795/795 840/840 839/839 
f 920/920 921/921 927/927 928/928 
f 1037/1037 1038/1038 1053/1053 1054/1054 
f 799/799 798/798 852/852 851/851 
f 917/917 918/918 930/930 931/931 
f 1040/1040 1041/1041 1050/1050 1051/1051 
f 802/802 801/801 864/864 863/863 
f 914/914 915/915 933/933 934/934 
f 1031/1031 1032/1032 1047/1047 1048/1048 
f 935/935 936/936 948/948 949/949 
f 959/959 960/960 972/972 973/973 
f 938/938 939/939 957/957 958/958 
f 968/968 969/969 975/975 976/976 
f 941/941 942/942 954/954 955/955 
f 965/965 966/966 978/978 979/979 
f 944/944 945/945 951/951 952/952 
f 962/962 963/963 981/981 982/982 
f 983/983 984/984 996/996 997/997 
f 1055/1055 1056/1056 1068/1068 1069/1069 
f 835/835 834/834 876/876 875/875 
f 838/838 837/837 879/879 878/878 
f 992/992 993/993 999/999 1000/1000 
f 1058/1058 1059/1059 1077/1077 1078/1078 
f 847/847 846/846 882/882 881/881 
f 850/850 849/849 885/885 884/884 
f 989/989 990/990 1002/1002 1003/1003 
f 1061/1061 1062/1062 1074/1074 1075/1075 
f 859/859 858/858 888/888 887/887 
f 862/862 861/861 891/891 890/890 
f 986/986 987/987 1005/1005 1006/1006 
f 1064/1064 1065/1065 1071/1071 1072/1072 
f 871/871 870/870 894/894 893/893 
f 874/874 873/873 897/897 896/896 
f 832/832 831/831 912/912 911/911 
f 868/868 867/867 915/915 914/914 
f 856/856 855/855 918/918 917/917 
f 844/844 843/843 921/921 920/920 
f 833/833 834/834 924/924 923/923 
f 845/845 846/846 927/927 926/926 
f 857/857 858/858 930/930 929/929 
f 869/869 870/870 933/933 932/932 
f 805/805 804/804 936/936 935/935 
f 811/811 810/810 939/939 938/938 
f 817/817 816/816 942/942 941/941 
f 823/823 822/822 945/945 944/944 
f 875/875 876/876 948/948 947/947 
f 893/893 894/894 951/951 950/950 
f 887/887 888/888 954/954 953/953 
f 881/881 882/882 957/957 956/956 
f 808/808 807/807 960/960 959/959 
f 826/826 825/825 963/963 962/962 
f 820/820 819/819 966/966 965/965 
f 814/814 813/813 969/969 968/968 
f 878/878 879/879 972/972 971/971 
f 884/884 885/885 975/975 974/974 
f 890/890 891/891 978/978 977/977 
f 896/896 897/897 981/981 980/980 
f 827/827 828/828 984/984 983/983 
f 863/863 864/864 987/987 986/986 
f 851/851 852/852 990/990 989/989 
f 839/839 840/840 993/993 992/992 
f 901/901 900/900 996/996 995/995 
f 904/904 903/903 999/999 998/998 
f 907/907 906/906 1002/1002 1001/1001 
f 910/910 909/909 1005/1005 1004/1004 
f 803/803 804/804 1008/1008 1007/1007 
f 821/821 822/822 1011/1011 1010/1010 
f 815/815 816/816 1014/1014 1013/1013 
f 809/809 810/810 1017/1017 1016/1016 
f 806/806 807/807 1020/1020 1019/1019 
f 812/812 813/813 1023/1023 1022/1022 
f 818/818 819/819 1026/1026 1025/1025 
f 824/824 825/825 1029/1029 1028/1028 
f 779/779 780/1847 1032/1032 1031/1031 
f 788/788 789/1816 1035/1035 1034/1034 
f 785/785 786/1814 1038/1038 1037/1037 
f 782/782 783/1837 1041/1041 1040/1040 
f 836/836 837/837 1044/1044 1043/1043 
f 872/872 873/873 1047/1047 1046/1046 
f 860/860 861/861 1050/1050 1049/1049 
f 848/848 849/849 1053/1053 1052/1052 
f 830/830 831/831 1056/1056 1055/1055 
f 842/842 843/843 1059/1059 1058/1058 
f 854/854 855/855 1062/1062 1061/1061 
f 866/866 867/867 1065/1065 1064/1064 
f 899/899 900/900 1068/1068 1067/1067 
f 908/908 909/909 1071/1071 1070/1070 
f 905/905 906/906 1074/1074 1073/1073 
f 902/902 903/903 1077/1077 1076/1076 
f 785/1812 680/680 790/790 
f 786/786 785/1812 790/790 789/789 
f 782/1822 682/682 787/787 
f 783/783 782/1822 787/787 786/786 
f 779/1846 681/681 784/784 
f 780/780 779/1846 784/784 783/783 
f 788/1850 679/679 781/781 
f 789/789 788/1850 781/781 780/780 
f 799/799 685/685 800/800 
f 1086/1086 1087/1087 1088/1088 1089/1089 
f 796/796 686/686 797/797 
f 1083/1083 1084/1084 1085/1085 1086/1086 
f 793/793 684/684 794/794 
f 1080/1080 1081/1081 1082/1082 1083/1083 
f 802/802 683/683 791/791 
f 1089/1089 1090/1090 1079/1079 1080/1080 
f 1009/1009 756/756 759/759 1019/1019 
f 1008/1008 1009/1009 1019/1019 1020/1020 
f 1021/1021 760/760 755/755 1007/1007 
f 1018/1018 755/755 760/760 1022/1022 
f 1017/1017 1018/1018 1022/1022 1023/1023 
f 1024/1024 761/761 758/758 1016/1016 
f 1015/1015 758/1829 761/1828 1025/1025 
f 1014/1014 1015/1015 1025/1025 1026/1026 
f 1027/1027 762/762 757/757 1013/1013 
f 1012/1012 757/757 762/762 1028/1028 
f 1011/1011 1012/1012 1028/1028 1029/1029 
f 1030/1030 759/759 756/756 1010/1010 
f 791/791 683/683 692/692 829/829 
f 792/792 791/791 829/829 828/828 
f 827/827 688/688 684/684 793/793 
f 913/913 724/724 727/727 923/923 
f 912/912 913/913 923/923 924/924 
f 925/925 728/728 723/723 911/911 
f 1036/1036 765/765 767/767 1043/1043 
f 1035/1035 1036/1036 1043/1043 1044/1044 
f 1045/1045 768/768 764/764 1034/1034 
f 794/794 684/684 688/688 841/841 
f 795/795 794/794 841/841 840/840 
f 839/839 706/706 686/686 796/796 
f 922/922 723/723 728/728 926/926 
f 921/921 922/922 926/926 927/927 
f 928/928 729/729 726/726 920/920 
f 1039/1039 766/766 770/770 1052/1052 
f 1038/1038 1039/1039 1052/1052 1053/1053 
f 1054/1054 767/767 765/765 1037/1037 
f 797/797 686/686 706/1845 853/853 
f 798/798 797/797 853/853 852/852 
f 851/851 715/715 685/685 799/799 
f 919/919 726/1838 729/1836 929/929 
f 918/918 919/919 929/929 930/930 
f 931/931 730/730 725/725 917/917 
f 1042/1042 763/763 769/769 1049/1049 
f 1041/1041 1042/1042 1049/1049 1050/1050 
f 1051/1051 770/1813 766/1820 1040/1040 
f 800/800 685/685 715/715 865/865 
f 801/801 800/800 865/865 864/864 
f 863/863 692/692 683/683 802/802 
f 916/916 725/725 730/730 932/932 
f 915/915 916/916 932/932 933/933 
f 934/934 727/727 724/724 914/914 
f 1033/1033 764/764 768/768 1046/1046 
f 1032/1032 1033/1033 1046/1046 1047/1047 
f 1048/1048 769/769 763/763 1031/1031 
f 937/937 732/732 735/735 947/947 
f 936/936 937/937 947/947 948/948 
f 949/949 736/736 731/731 935/935 
f 961/961 740/740 743/743 971/971 
f 960/960 961/961 971/971 972/972 
f 973/973 744/744 739/739 959/959 
f 940/940 733/733 738/738 956/956 
f 939/939 940/940 956/956 957/957 
f 958/958 735/735 732/732 938/938 
f 970/970 739/739 744/744 974/974 
f 969/969 970/970 974/974 975/975 
f 976/976 745/745 742/742 968/968 
f 943/943 734/734 737/737 953/953 
f 942/942 943/943 953/953 954/954 
f 955/955 738/1832 733/1831 941/941 
f 967/967 742/1826 745/1825 977/977 
f 966/966 967/967 977/977 978/978 
f 979/979 746/746 741/741 965/965 
f 946/946 731/731 736/736 950/950 
f 945/945 946/946 950/950 951/951 
f 952/952 737/737 734/734 944/944 
f 964/964 741/741 746/746 980/980 
f 963/963 964/964 980/980 981/981 
f 982/982 743/743 740/740 962/962 
f 985/985 748/748 751/751 995/995 
f 984/984 985/985 995/995 996/996 
f 997/997 752/752 747/747 983/983 
f 1057/1057 772/772 775/775 1067/1067 
f 1056/1056 1057/1057 1067/1067 1068/1068 
f 1069/1069 776/776 771/771 1055/1055 
f 833/833 698/698 696/696 877/877 
f 834/834 833/833 877/877 876/876 
f 875/875 693/693 694/694 835/835 
f 836/836 704/704 702/702 880/880 
f 837/837 836/836 880/880 879/879 
f 878/878 699/699 700/700 838/838 
f 994/994 747/747 752/752 998/998 
f 993/993 994/994 998/998 999/999 
f 1000/1000 753/753 750/750 992/992 
f 1060/1060 773/773 778/778 1076/1076 
f 1059/1059 1060/1060 1076/1076 1077/1077 
f 1078/1078 775/775 772/772 1058/1058 
f 845/845 694/694 693/693 883/883 
f 846/846 845/845 883/883 882/882 
f 881/881 708/708 709/709 847/847 
f 848/848 713/713 711/711 886/886 
f 849/849 848/848 886/886 885/885 
f 884/884 702/702 704/704 850/850 
f 991/991 750/1844 753/1843 1001/1001 
f 990/990 991/991 1001/1001 1002/1002 
f 1003/1003 754/754 749/749 989/989 
f 1063/1063 774/774 777/777 1073/1073 
f 1062/1062 1063/1063 1073/1073 1074/1074 
f 1075/1075 778/1839 773/1833 1061/1061 
f 857/857 709/1835 708/1834 889/889 
f 858/858 857/857 889/889 888/888 
f 887/887 717/717 718/718 859/859 
f 860/860 722/722 720/720 892/892 
f 861/861 860/860 892/892 891/891 
f 890/890 711/1823 713/1821 862/862 
f 988/988 749/749 754/754 1004/1004 
f 987/987 988/988 1004/1004 1005/1005 
f 1006/1006 751/751 748/748 986/986 
f 1066/1066 771/771 776/776 1070/1070 
f 1065/1065 1066/1066 1070/1070 1071/1071 
f 1072/1072 777/777 774/774 1064/1064 
f 869/869 718/718 717/717 895/895 
f 870/870 869/869 895/895 894/894 
f 893/893 696/696 698/698 871/871 
f 872/872 700/700 699/699 898/898 
f 873/873 872/872 898/898 897/897 
f 896/896 720/720 722/722 874/874 
f 830/830 691/691 724/724 913/913 
f 831/831 830/830 913/913 912/912 
f 911/911 723/723 689/689 832/832 
f 866/866 716/716 725/725 916/916 
f 867/867 866/866 916/916 915/915 
f 914/914 724/724 691/691 868/868 
f 854/854 707/707 726/1838 919/919 
f 855/855 854/854 919/919 918/918 
f 917/917 725/725 716/716 856/856 
f 842/842 689/689 723/723 922/922 
f 843/843 842/842 922/922 921/921 
f 920/920 726/726 707/1840 844/844 
f 835/835 694/694 728/728 925/925 
f 834/834 835/835 925/925 924/924 
f 923/923 727/727 698/698 833/833 
f 847/847 709/709 729/729 928/928 
f 846/846 847/847 928/928 927/927 
f 926/926 728/728 694/694 845/845 
f 859/859 718/718 730/730 931/931 
f 858/858 859/859 931/931 930/930 
f 929/929 729/1836 709/1835 857/857 
f 871/871 698/698 727/727 934/934 
f 870/870 871/871 934/934 933/933 
f 932/932 730/730 718/718 869/869 
f 803/803 695/695 732/732 937/937 
f 804/804 803/803 937/937 936/936 
f 935/935 731/731 697/697 805/805 
f 809/809 710/710 733/733 940/940 
f 810/810 809/809 940/940 939/939 
f 938/938 732/732 695/695 811/811 
f 815/815 719/719 734/734 943/943 
f 816/816 815/815 943/943 942/942 
f 941/941 733/1831 710/1830 817/817 
f 821/821 697/697 731/731 946/946 
f 822/822 821/821 946/946 945/945 
f 944/944 734/734 719/719 823/823 
f 877/877 696/696 736/736 949/949 
f 876/876 877/877 949/949 948/948 
f 947/947 735/735 693/693 875/875 
f 895/895 717/717 737/737 952/952 
f 894/894 895/895 952/952 951/951 
f 950/950 736/736 696/696 893/893 
f 889/889 708/1834 738/1832 955/955 
f 888/888 889/889 955/955 954/954 
f 953/953 737/737 717/717 887/887 
f 883/883 693/693 735/735 958/958 
f 882/882 883/883 958/958 957/957 
f 956/956 738/738 708/708 881/881 
f 806/806 701/701 740/740 961/961 
f 807/807 806/806 961/961 960/960 
f 959/959 739/739 703/703 808/808 
f 824/824 721/721 741/741 964/964 
f 825/825 824/824 964/964 963/963 
f 962/962 740/740 701/701 826/826 
f 818/818 712/712 742/1826 967/967 
f 819/819 818/818 967/967 966/966 
f 965/965 741/741 721/721 820/820 
f 812/812 703/703 739/739 970/970 
f 813/813 812/812 970/970 969/969 
f 968/968 742/742 712/1827 814/814 
f 880/880 702/702 744/744 973/973 
f 879/879 880/880 973/973 972/972 
f 971/971 743/743 699/699 878/878 
f 886/886 711/711 745/745 976/976 
f 885/885 886/886 976/976 975/975 
f 974/974 744/744 702/702 884/884 
f 892/892 720/720 746/746 979/979 
f 891/891 892/892 979/979 978/978 
f 977/977 745/1825 711/1823 890/890 
f 898/898 699/699 743/743 982/982 
f 897/897 898/898 982/982 981/981 
f 980/980 746/746 720/720 896/896 
f 829/829 692/692 748/748 985/985 
f 828/828 829/829 985/985 984/984 
f 983/983 747/747 688/688 827/827 
f 865/865 715/715 749/749 988/988 
f 864/864 865/865 988/988 987/987 
f 986/986 748/748 692/692 863/863 
f 853/853 706/1845 750/1844 991/991 
f 852/852 853/853 991/991 990/990 
f 989/989 749/749 715/715 851/851 
f 841/841 688/688 747/747 994/994 
f 840/840 841/841 994/994 993/993 
f 992/992 750/750 706/706 839/839 
f 899/899 687/687 752/752 997/997 
f 900/900 899/899 997/997 996/996 
f 995/995 751/751 690/690 901/901 
f 902/902 705/705 753/753 1000/1000 
f 903/903 902/902 1000/1000 999/999 
f 998/998 752/752 687/687 904/904 
f 905/905 714/714 754/754 1003/1003 
f 906/906 905/905 1003/1003 1002/1002 
f 1001/1001 753/1843 705/1842 907/907 
f 908/908 690/690 751/751 1006/1006 
f 909/909 908/908 1006/1006 1005/1005 
f 1004/1004 754/754 714/714 910/910 
f 805/805 697/697 756/756 1009/1009 
f 804/804 805/805 1009/1009 1008/1008 
f 1007/1007 755/755 695/695 803/803 
f 823/823 719/719 757/757 1012/1012 
f 822/822 823/823 1012/1012 1011/1011 
f 1010/1010 756/756 697/697 821/821 
f 817/817 710/1830 758/1829 1015/1015 
f 816/816 817/817 1015/1015 1014/1014 
f 1013/1013 757/757 719/719 815/815 
f 811/811 695/695 755/755 1018/1018 
f 810/810 811/811 1018/1018 1017/1017 
f 1016/1016 758/758 710/710 809/809 
f 808/808 703/703 760/760 1021/1021 
f 807/807 808/808 1021/1021 1020/1020 
f 1019/1019 759/759 701/701 806/806 
f 814/814 712/1827 761/761 1024/1024 
f 813/813 814/814 1024/1024 1023/1023 
f 1022/1022 760/760 703/703 812/812 
f 820/820 721/721 762/762 1027/1027 
f 819/819 820/820 1027/1027 1026/1026 
f 1025/1025 761/1828 712/712 818/818 
f 826/826 701/701 759/759 1030/1030 
f 825/825 826/826 1030/1030 1029/1029 
f 1028/1028 762/762 721/721 824/824 
f 781/1848 679/1849 764/764 1033/1033 
f 780/1847 781/1848 1033/1033 1032/1032 
f 1031/1031 763/763 681/1824 779/779 
f 790/1815 680/1851 765/765 1036/1036 
f 789/1816 790/1815 1036/1036 1035/1035 
f 1034/1034 764/764 679/1849 788/788 
f 787/1819 682/1817 766/766 1039/1039 
f 786/1814 787/1819 1039/1039 1038/1038 
f 1037/1037 765/765 680/1851 785/785 
f 784/1841 681/1824 763/763 1042/1042 
f 783/1837 784/1841 1042/1042 1041/1041 
f 1040/1040 766/1820 682/1818 782/782 
f 838/838 700/700 768/768 1045/1045 
f 837/837 838/838 1045/1045 1044/1044 
f 1043/1043 767/767 704/704 836/836 
f 874/874 722/722 769/769 1048/1048 
f 873/873 874/874 1048/1048 1047/1047 
f 1046/1046 768/768 700/700 872/872 
f 862/862 713/1821 770/1813 1051/1051 
f 861/861 862/862 1051/1051 1050/1050 
f 1049/1049 769/769 722/722 860/860 
f 850/850 704/704 767/767 1054/1054 
f 849/849 850/850 1054/1054 1053/1053 
f 1052/1052 770/770 713/713 848/848 
f 832/832 689/689 772/772 1057/1057 
f 831/831 832/832 1057/1057 1056/1056 
f 1055/1055 771/771 691/691 830/830 
f 844/844 707/1840 773/773 1060/1060 
f 843/843 844/844 1060/1060 1059/1059 
f 1058/1058 772/772 689/689 842/842 
f 856/856 716/716 774/774 1063/1063 
f 855/855 856/856 1063/1063 1062/1062 
f 1061/1061 773/1833 707/707 854/854 
f 868/868 691/691 771/771 1066/1066 
f 867/867 868/868 1066/1066 1065/1065 
f 1064/1064 774/774 716/716 866/866 
f 901/901 690/690 776/776 1069/1069 
f 900/900 901/901 1069/1069 1068/1068 
f 1067/1067 775/775 687/687 899/899 
f 910/910 714/714 777/777 1072/1072 
f 909/909 910/910 1072/1072 1071/1071 
f 1070/1070 776/776 690/690 908/908 
f 907/907 705/1842 778/1839 1075/1075 
f 906/906 907/907 1075/1075 1074/1074 
f 1073/1073 777/777 714/714 905/905 
f 904/904 687/687 775/775 1078/1078 
f 903/903 904/904 1078/1078 1077/1077 
f 1076/1076 778/778 705/705 902/902 
f 791/791 792/792 1080/1080 1079/1079 
f 792/792 793/793 1081/1081 1080/1080 
f 793/793 794/794 1082/1082 1081/1081 
f 794/794 795/795 1083/1083 1082/1082 
f 795/795 796/796 1084/1084 1083/1083 
f 796/796 797/797 1085/1085 1084/1084 
f 797/797 798/798 1086/1086 1085/1085 
f 798/798 799/799 1087/1087 1086/1086 
f 799/799 800/800 1088/1088 1087/1087 
f 800/800 801/801 1089/1089 1088/1088 
f 801/801 802/802 1090/1090 1089/1089 
f 802/802 791/791 1079/1079 1090/1090 
f 1103/1103 1109/1109 1104/1104 
f 1104/1104 1109/1109 1105/1105 
f 1105/1105 1109/1109 1106/1106 
f 1106/1106 1109/1109 1107/1107 
f 1107/1107 1109/1109 1108/1108 
f 1108/1735 1109/1109 1103/1103 
f 1122/1122 1128/1128 1123/1123 
f 1123/1123 1128/1128 1124/1124 
f 1124/1124 1128/1128 1125/1125 
f 1125/1125 1128/1128 1126/1126 
f 1126/1126 1128/1128 1127/1127 
f 1127/1739 1128/1128 1122/1122 
f 1141/1141 1147/1147 1142/1142 
f 1142/1142 1147/1147 1143/1143 
f 1143/1143 1147/1147 1144/1144 
f 1144/1144 1147/1147 1145/1145 
f 1145/1145 1147/1147 1146/1146 
f 1146/1743 1147/1147 1141/1141 
f 1160/1160 1166/1166 1161/1161 
f 1161/1161 1166/1166 1162/1162 
f 1162/1162 1166/1166 1163/1163 
f 1163/1163 1166/1166 1164/1164 
f 1164/1164 1166/1166 1165/1165 
f 1165/1747 1166/1166 1160/1160 
f 1179/1179 1180/1180 1185/1185 
f 1180/1180 1181/1181 1185/1185 
f 1181/1181 1182/1182 1185/1185 
f 1182/1182 1183/1183 1185/1185 
f 1183/1183 1184/1184 1185/1185 
f 1184/1750 1179/1179 1185/1185 
f 1198/1198 1199/1199 1204/1204 
f 1199/1199 1200/1200 1204/1204 
f 1200/1200 1201/1201 1204/1204 
f 1201/1201 1202/1202 1204/1204 
f 1202/1202 1203/1203 1204/1204 
f 1203/1752 1198/1198 1204/1204 
f 1217/1217 1218/1218 1223/1223 
f 1218/1218 1219/1219 1223/1223 
f 1219/1219 1220/1220 1223/1223 
f 1220/1220 1221/1221 1223/1223 
f 1221/1221 1222/1222 1223/1223 
f 1222/1754 1217/1217 1223/1223 
f 1236/1236 1237/1237 1242/1242 
f 1237/1237 1238/1238 1242/1242 
f 1238/1238 1239/1239 1242/1242 
f 1239/1239 1240/1240 1242/1242 
f 1240/1240 1241/1241 1242/1242 
f 1241/1756 1236/1236 1242/1242 
f 187/187 150/150 185/185 186/186 
f 153/153 194/194 195/195 196/196 
f 188/188 181/181 150/150 187/187 
f 192/192 193/193 194/194 153/153 
f 29/29 31/31 79/79 78/78 
f 77/77 80/80 17/17 13/13 
f 1/1 16/16 87/87 65/65 
f 66/66 88/88 32/32 3/3 
f 79/79 31/31 30/30 95/95 
f 80/80 96/96 15/15 17/17 
f 87/87 16/16 15/1554 96/1604 
f 88/88 95/1587 30/1586 32/32 
f 72/72 7/7 42/42 106/106 
f 71/71 105/105 41/41 5/5 
f 181/181 182/182 183/183 150/150 
f 192/192 153/153 190/190 191/191 
f 7/7 72/72 162/162 124/124 
f 123/123 161/161 70/70 8/8 
f 6/6 69/69 164/164 122/122 
f 121/121 163/163 71/71 5/5 
f 44/44 45/45 53/1855 52/52 
f 46/46 47/47 55/55 54/1852 
f 7/7 40/40 43/43 42/42 
f 40/40 39/39 44/44 43/43 
f 36/36 35/35 48/48 47/47 
f 35/35 5/5 41/41 48/48 
f 42/42 43/43 51/51 50/50 
f 43/43 44/44 52/52 51/51 
f 47/47 48/48 56/56 55/55 
f 48/48 41/41 49/49 56/56 
f 51/51 52/52 60/60 59/59 
f 52/52 53/1855 61/61 60/60 
f 54/1852 55/55 63/63 62/62 
f 55/55 56/56 64/64 63/63 
f 34/34 33/33 99/99 98/98 
f 97/97 100/100 37/37 38/38 
f 4/4 26/26 83/83 67/67 
f 68/68 84/84 20/20 2/2 
f 73/73 23/23 21/21 89/89 
f 74/74 90/90 9/9 11/11 
f 75/75 19/19 18/18 91/91 
f 76/76 92/92 24/24 25/25 
f 81/81 10/10 9/1606 90/1605 
f 82/82 89/1609 21/1607 22/22 
f 83/83 26/26 24/1613 92/1612 
f 84/84 91/1588 18/1579 20/20 
f 6/6 34/34 98/98 69/69 
f 70/70 97/97 38/38 8/8 
f 58/58 59/59 102/102 114/114 
f 113/113 101/101 64/64 57/57 
f 42/42 50/50 110/110 106/106 
f 105/105 109/109 49/49 41/41 
f 50/50 58/58 114/114 110/110 
f 109/109 113/113 57/57 49/49 
f 150/150 183/183 184/184 185/185 
f 149/149 152/152 33/33 34/34 
f 38/38 37/37 155/155 154/154 
f 153/153 196/196 189/189 190/190 
f 133/133 14/1872 12/1600 142/1558 
f 134/134 141/1557 9/1606 10/10 
f 137/137 22/22 21/1607 146/1581 
f 138/138 145/1578 27/1871 28/28 
f 134/134 10/10 33/33 152/152 
f 133/133 151/151 36/36 14/1872 
f 28/28 39/39 156/156 138/138 
f 137/137 155/155 37/37 22/22 
f 121/121 5/5 166/166 165/165 
f 5/5 35/35 167/167 166/166 
f 35/35 36/36 168/168 167/167 
f 36/36 151/151 169/169 168/168 
f 151/151 152/152 170/170 169/169 
f 152/152 149/149 171/171 170/170 
f 149/149 122/122 172/172 171/171 
f 122/122 121/121 165/165 172/172 
f 39/39 40/40 174/174 173/173 
f 40/40 7/7 175/175 174/174 
f 7/7 124/124 176/176 175/175 
f 124/124 123/123 177/177 176/176 
f 123/123 154/154 178/178 177/177 
f 154/154 155/155 179/179 178/178 
f 155/155 156/156 180/180 179/179 
f 156/156 39/39 173/173 180/180 
f 165/165 166/166 182/1596 181/1567 
f 166/166 167/167 183/1597 182/1596 
f 167/167 168/168 184/1599 183/1597 
f 168/168 169/169 185/1560 184/1599 
f 169/169 170/170 186/1563 185/1560 
f 170/170 171/171 187/1565 186/1563 
f 171/171 172/172 188/1566 187/1565 
f 172/172 165/165 181/1567 188/1566 
f 173/173 174/174 190/1592 189/1595 
f 174/174 175/175 191/1594 190/1592 
f 175/175 176/176 192/1568 191/1594 
f 176/176 177/177 193/1570 192/1568 
f 177/177 178/178 194/1573 193/1570 
f 178/178 179/179 195/1575 194/1573 
f 179/179 180/180 196/1577 195/1575 
f 180/180 173/173 189/1595 196/1577 
f 259/259 258/258 251/251 252/252 
f 260/260 259/259 252/252 253/253 
f 261/261 260/260 253/253 254/254 
f 262/262 261/261 254/254 255/255 
f 263/263 262/262 255/255 256/256 
f 258/258 264/264 257/257 251/251 
f 266/266 265/265 258/258 259/259 
f 267/267 266/266 259/259 260/260 
f 268/268 267/267 260/260 261/261 
f 269/269 268/268 261/261 262/262 
f 270/270 269/269 262/262 263/263 
f 265/265 271/271 264/264 258/258 
f 273/273 272/272 265/265 266/266 
f 274/274 273/273 266/266 267/267 
f 275/275 274/274 267/267 268/268 
f 276/276 275/275 268/268 269/269 
f 277/277 276/276 269/269 270/270 
f 272/272 278/278 271/271 265/265 
f 280/280 279/279 272/272 273/273 
f 281/281 280/280 273/273 274/274 
f 282/282 281/281 274/274 275/275 
f 283/283 282/282 275/275 276/276 
f 284/284 283/283 276/276 277/277 
f 279/279 285/285 278/278 272/272 
f 296/296 289/289 288/288 295/295 
f 297/297 290/290 289/289 296/296 
f 298/298 291/291 290/290 297/297 
f 299/299 292/292 291/291 298/298 
f 300/300 293/293 292/292 299/299 
f 295/295 288/288 294/294 301/301 
f 303/303 296/296 295/295 302/302 
f 304/304 297/297 296/296 303/303 
f 305/305 298/298 297/297 304/304 
f 306/306 299/299 298/298 305/305 
f 307/307 300/300 299/299 306/306 
f 302/302 295/295 301/301 308/308 
f 310/310 303/303 302/302 309/309 
f 311/311 304/304 303/303 310/310 
f 312/312 305/305 304/304 311/311 
f 313/313 306/306 305/305 312/312 
f 314/314 307/307 306/306 313/313 
f 309/309 302/302 308/308 315/315 
f 317/317 310/310 309/309 316/316 
f 318/318 311/311 310/310 317/317 
f 319/319 312/312 311/311 318/318 
f 320/320 313/313 312/312 319/319 
f 321/321 314/314 313/313 320/320 
f 316/316 309/309 315/315 322/322 
f 576/576 579/579 546/546 544/544 541/541 542/542 
f 582/582 581/581 543/543 541/1615 544/1619 545/545 
f 580/580 583/583 567/567 565/565 562/562 564/564 
f 587/587 586/586 563/563 562/1616 565/1593 566/566 
f 578/578 577/577 527/527 569/569 568/568 528/528 
f 585/585 584/584 532/532 575/575 574/574 531/531 
f 555/555 548/548 549/549 561/561 557/557 554/554 
f 523/523 522/522 537/537 536/536 
f 535/535 538/538 520/520 521/521 
f 622/622 625/625 627/627 660/660 657/657 623/623 
f 625/1564 622/1611 624/624 662/662 663/663 626/626 
f 643/643 646/646 648/648 664/664 661/661 645/645 
f 646/1622 643/1559 644/644 667/667 668/668 647/647 
f 649/649 650/650 608/608 658/658 659/659 609/609 
f 655/655 656/656 613/613 665/665 666/666 612/612 
f 636/636 635/635 638/638 642/642 630/630 629/629 
f 604/604 617/617 618/618 603/603 
f 616/616 602/602 601/601 619/619 
f 1091/1091 1097/1097 1098/1098 1092/1092 
f 1092/1092 1098/1098 1099/1099 1093/1093 
f 1093/1093 1099/1099 1100/1100 1094/1094 
f 1094/1094 1100/1100 1101/1101 1095/1095 
f 1095/1095 1101/1101 1102/1102 1096/1096 
f 1096/1737 1102/1736 1097/1097 1091/1091 
f 1097/1097 1103/1103 1104/1104 1098/1098 
f 1098/1098 1104/1104 1105/1105 1099/1099 
f 1099/1099 1105/1105 1106/1106 1100/1100 
f 1100/1100 1106/1106 1107/1107 1101/1101 
f 1101/1101 1107/1107 1108/1108 1102/1102 
f 1102/1736 1108/1735 1103/1103 1097/1097 
f 1110/1110 1116/1116 1117/1117 1111/1111 
f 1111/1111 1117/1117 1118/1118 1112/1112 
f 1112/1112 1118/1118 1119/1119 1113/1113 
f 1113/1113 1119/1119 1120/1120 1114/1114 
f 1114/1114 1120/1120 1121/1121 1115/1115 
f 1115/1741 1121/1740 1116/1116 1110/1110 
f 1116/1116 1122/1122 1123/1123 1117/1117 
f 1117/1117 1123/1123 1124/1124 1118/1118 
f 1118/1118 1124/1124 1125/1125 1119/1119 
f 1119/1119 1125/1125 1126/1126 1120/1120 
f 1120/1120 1126/1126 1127/1127 1121/1121 
f 1121/1740 1127/1739 1122/1122 1116/1116 
f 1129/1129 1135/1135 1136/1136 1130/1130 
f 1130/1130 1136/1136 1137/1137 1131/1131 
f 1131/1131 1137/1137 1138/1138 1132/1132 
f 1132/1132 1138/1138 1139/1139 1133/1133 
f 1133/1133 1139/1139 1140/1140 1134/1134 
f 1134/1745 1140/1744 1135/1135 1129/1129 
f 1135/1135 1141/1141 1142/1142 1136/1136 
f 1136/1136 1142/1142 1143/1143 1137/1137 
f 1137/1137 1143/1143 1144/1144 1138/1138 
f 1138/1138 1144/1144 1145/1145 1139/1139 
f 1139/1139 1145/1145 1146/1146 1140/1140 
f 1140/1744 1146/1743 1141/1141 1135/1135 
f 1148/1148 1154/1154 1155/1155 1149/1149 
f 1149/1149 1155/1155 1156/1156 1150/1150 
f 1150/1150 1156/1156 1157/1157 1151/1151 
f 1151/1151 1157/1157 1158/1158 1152/1152 
f 1152/1152 1158/1158 1159/1159 1153/1153 
f 1153/1749 1159/1748 1154/1154 1148/1148 
f 1154/1154 1160/1160 1161/1161 1155/1155 
f 1155/1155 1161/1161 1162/1162 1156/1156 
f 1156/1156 1162/1162 1163/1163 1157/1157 
f 1157/1157 1163/1163 1164/1164 1158/1158 
f 1158/1158 1164/1164 1165/1165 1159/1159 
f 1159/1748 1165/1747 1160/1160 1154/1154 
f 1167/1167 1168/1168 1174/1174 1173/1173 
f 1168/1168 1169/1169 1175/1175 1174/1174 
f 1169/1169 1170/1170 1176/1176 1175/1175 
f 1170/1170 1171/1171 1177/1177 1176/1176 
f 1171/1171 1172/1734 1178/1178 1177/1177 
f 1172/1172 1167/1167 1173/1173 1178/1751 
f 1173/1173 1174/1174 1180/1180 1179/1179 
f 1174/1174 1175/1175 1181/1181 1180/1180 
f 1175/1175 1176/1176 1182/1182 1181/1181 
f 1176/1176 1177/1177 1183/1183 1182/1182 
f 1177/1177 1178/1178 1184/1184 1183/1183 
f 1178/1751 1173/1173 1179/1179 1184/1750 
f 1186/1186 1187/1187 1193/1193 1192/1192 
f 1187/1187 1188/1188 1194/1194 1193/1193 
f 1188/1188 1189/1189 1195/1195 1194/1194 
f 1189/1189 1190/1190 1196/1196 1195/1195 
f 1190/1190 1191/1738 1197/1197 1196/1196 
f 1191/1191 1186/1186 1192/1192 1197/1753 
f 1192/1192 1193/1193 1199/1199 1198/1198 
f 1193/1193 1194/1194 1200/1200 1199/1199 
f 1194/1194 1195/1195 1201/1201 1200/1200 
f 1195/1195 1196/1196 1202/1202 1201/1201 
f 1196/1196 1197/1197 1203/1203 1202/1202 
f 1197/1753 1192/1192 1198/1198 1203/1752 
f 1205/1205 1206/1206 1212/1212 1211/1211 
f 1206/1206 1207/1207 1213/1213 1212/1212 
f 1207/1207 1208/1208 1214/1214 1213/1213 
f 1208/1208 1209/1209 1215/1215 1214/1214 
f 1209/1209 1210/1742 1216/1216 1215/1215 
f 1210/1210 1205/1205 1211/1211 1216/1755 
f 1211/1211 1212/1212 1218/1218 1217/1217 
f 1212/1212 1213/1213 1219/1219 1218/1218 
f 1213/1213 1214/1214 1220/1220 1219/1219 
f 1214/1214 1215/1215 1221/1221 1220/1220 
f 1215/1215 1216/1216 1222/1222 1221/1221 
f 1216/1755 1211/1211 1217/1217 1222/1754 
f 1224/1224 1225/1225 1231/1231 1230/1230 
f 1225/1225 1226/1226 1232/1232 1231/1231 
f 1226/1226 1227/1227 1233/1233 1232/1232 
f 1227/1227 1228/1228 1234/1234 1233/1233 
f 1228/1228 1229/1746 1235/1235 1234/1234 
f 1229/1229 1224/1224 1230/1230 1235/1757 
f 1230/1230 1231/1231 1237/1237 1236/1236 
f 1231/1231 1232/1232 1238/1238 1237/1237 
f 1232/1232 1233/1233 1239/1239 1238/1238 
f 1233/1233 1234/1234 1240/1240 1239/1239 
f 1234/1234 1235/1235 1241/1241 1240/1240 
f 1235/1757 1230/1230 1236/1236 1241/1756 
f 415/415 416/416 1243/1243 
f 416/416 417/417 1243/1243 
f 417/417 418/418 1243/1243 
f 418/418 419/419 1243/1243 
f 419/419 420/420 1243/1243 
f 420/420 421/421 1243/1243 
f 421/421 422/422 1243/1243 
f 422/422 423/423 1243/1243 
f 423/423 424/424 1243/1243 
f 424/424 425/425 1243/1243 
f 425/425 426/426 1243/1243 
f 426/426 427/427 1243/1243 
f 427/427 428/428 1243/1243 
f 428/428 429/429 1243/1243 
f 429/429 430/430 1243/1243 
f 430/430 431/431 1243/1243 
f 431/431 432/432 1243/1243 
f 432/432 415/415 1243/1243 
o Box017
usemtl wire_122038083
g Box017
f 1280/1280 1281/1281 1282/1282 1283/1283 
f 1292/1292 1293/1293 1281/1281 1280/1280 
f 1294/1294 1295/1295 1283/1283 1282/1282 
f 1276/1276 1277/1277 1285/1285 1284/1284 
f 1250/1250 1247/1863 1256/1256 1255/1255 
f 1278/1278 1279/1279 1287/1287 1286/1286 
f 1246/1246 1249/1249 1258/1258 1257/1257 
f 1284/1284 1285/1285 1289/1289 1288/1288 
f 1286/1286 1287/1287 1291/1291 1290/1290 
f 1288/1288 1289/1289 1293/1293 1292/1292 
f 1261/1261 1262/1262 1270/1270 1269/1269 
f 1290/1290 1291/1291 1295/1862 1294/1861 
f 1267/1267 1260/1260 1268/1268 1275/1275 
f 1281/1281 1270/1270 1271/1271 1282/1282 
f 1283/1283 1274/1274 1275/1275 1280/1280 
f 1295/1295 1273/1273 1274/1274 1283/1283 
f 1282/1282 1271/1271 1272/1272 1294/1294 
f 1279/1279 1246/1865 1257/1864 1287/1287 
f 1286/1286 1256/1859 1247/1247 1278/1278 
f 1287/1287 1257/1864 1265/1265 1291/1291 
f 1290/1290 1264/1264 1256/1859 1286/1286 
f 1291/1291 1265/1265 1273/1867 1295/1862 
f 1294/1861 1272/1868 1264/1264 1290/1290 
f 1276/1626 1244/1244 1297/1297 1296/1296 
f 1244/1244 1248/1248 1298/1298 1297/1297 
f 1248/1248 1249/1625 1299/1299 1298/1298 
f 1249/1625 1246/1572 1300/1300 1299/1299 
f 1246/1572 1279/1624 1301/1301 1300/1300 
f 1279/1624 1278/1618 1302/1302 1301/1301 
f 1278/1618 1247/1574 1303/1303 1302/1302 
f 1247/1574 1250/1630 1304/1304 1303/1303 
f 1250/1630 1251/1251 1305/1305 1304/1304 
f 1251/1251 1245/1245 1306/1306 1305/1305 
f 1245/1245 1277/1627 1307/1307 1306/1306 
f 1277/1627 1276/1626 1296/1296 1307/1307 
f 1277/1277 1245/1569 1253/1253 1285/1285 
f 1276/1276 1284/1284 1252/1252 1244/1628 
f 1255/1255 1256/1256 1264/1869 1263/1263 
f 1257/1257 1258/1258 1266/1266 1265/1866 
f 1245/1569 1251/1631 1254/1254 1253/1253 
f 1251/1631 1250/1250 1255/1255 1254/1254 
f 1249/1249 1248/1629 1259/1259 1258/1258 
f 1248/1629 1244/1628 1252/1252 1259/1259 
f 1253/1253 1254/1254 1262/1262 1261/1261 
f 1254/1254 1255/1255 1263/1263 1262/1262 
f 1258/1258 1259/1259 1267/1267 1266/1266 
f 1259/1259 1252/1252 1260/1260 1267/1267 
f 1262/1262 1263/1263 1271/1271 1270/1270 
f 1263/1263 1264/1869 1272/1272 1271/1271 
f 1265/1866 1266/1266 1274/1274 1273/1273 
f 1266/1266 1267/1267 1275/1275 1274/1274 
f 1269/1269 1270/1270 1281/1281 1293/1293 
f 1292/1292 1280/1280 1275/1275 1268/1268 
f 1253/1253 1261/1261 1289/1289 1285/1285 
f 1284/1284 1288/1288 1260/1260 1252/1252 
f 1261/1261 1269/1269 1293/1293 1289/1289 
f 1288/1288 1292/1292 1268/1268 1260/1260 
f 1296/1296 1297/1297 1308/1308 
f 1297/1297 1298/1298 1308/1308 
f 1298/1298 1299/1299 1308/1308 
f 1299/1299 1300/1300 1308/1308 
f 1300/1300 1301/1301 1308/1308 
f 1301/1301 1302/1302 1308/1308 
f 1302/1302 1303/1303 1308/1308 
f 1303/1303 1304/1304 1308/1308 
f 1304/1304 1305/1305 1308/1308 
f 1305/1305 1306/1306 1308/1308 
f 1306/1306 1307/1307 1308/1308 
f 1307/1307 1296/1296 1308/1308 
f 1309/1309 1315/1315 1316/1316 1310/1310 
f 1310/1310 1316/1316 1317/1317 1311/1311 
f 1311/1311 1317/1317 1318/1318 1312/1312 
f 1312/1312 1318/1318 1319/1319 1313/1313 
f 1313/1313 1319/1319 1320/1320 1314/1314 
f 1314/1633 1320/1632 1315/1315 1309/1309 
f 1315/1315 1321/1321 1322/1322 1316/1316 
f 1316/1316 1322/1322 1323/1323 1317/1317 
f 1317/1317 1323/1323 1324/1324 1318/1318 
f 1318/1318 1324/1324 1325/1325 1319/1319 
f 1319/1319 1325/1325 1326/1326 1320/1320 
f 1320/1632 1326/1634 1321/1321 1315/1315 
f 1321/1321 1327/1327 1322/1322 
f 1322/1322 1327/1327 1323/1323 
f 1323/1323 1327/1327 1324/1324 
f 1324/1324 1327/1327 1325/1325 
f 1325/1325 1327/1327 1326/1326 
f 1326/1634 1327/1327 1321/1321 
f 1328/1328 1334/1334 1335/1335 1329/1329 
f 1329/1329 1335/1335 1336/1336 1330/1330 
f 1330/1330 1336/1336 1337/1337 1331/1331 
f 1331/1331 1337/1337 1338/1338 1332/1332 
f 1332/1332 1338/1338 1339/1339 1333/1333 
f 1333/1636 1339/1635 1334/1334 1328/1328 
f 1334/1334 1340/1340 1341/1341 1335/1335 
f 1335/1335 1341/1341 1342/1342 1336/1336 
f 1336/1336 1342/1342 1343/1343 1337/1337 
f 1337/1337 1343/1343 1344/1344 1338/1338 
f 1338/1338 1344/1344 1345/1345 1339/1339 
f 1339/1635 1345/1637 1340/1340 1334/1334 
f 1340/1340 1346/1346 1341/1341 
f 1341/1341 1346/1346 1342/1342 
f 1342/1342 1346/1346 1343/1343 
f 1343/1343 1346/1346 1344/1344 
f 1344/1344 1346/1346 1345/1345 
f 1345/1637 1346/1346 1340/1340 
f 1347/1347 1353/1353 1354/1354 1348/1348 
f 1348/1348 1354/1354 1355/1355 1349/1349 
f 1349/1349 1355/1355 1356/1356 1350/1350 
f 1350/1350 1356/1356 1357/1357 1351/1351 
f 1351/1351 1357/1357 1358/1358 1352/1352 
f 1352/1639 1358/1638 1353/1353 1347/1347 
f 1353/1353 1359/1359 1360/1360 1354/1354 
f 1354/1354 1360/1360 1361/1361 1355/1355 
f 1355/1355 1361/1361 1362/1362 1356/1356 
f 1356/1356 1362/1362 1363/1363 1357/1357 
f 1357/1357 1363/1363 1364/1364 1358/1358 
f 1358/1638 1364/1640 1359/1359 1353/1353 
f 1359/1359 1365/1365 1360/1360 
f 1360/1360 1365/1365 1361/1361 
f 1361/1361 1365/1365 1362/1362 
f 1362/1362 1365/1365 1363/1363 
f 1363/1363 1365/1365 1364/1364 
f 1364/1640 1365/1365 1359/1359 
f 1366/1366 1372/1372 1373/1373 1367/1367 
f 1367/1367 1373/1373 1374/1374 1368/1368 
f 1368/1368 1374/1374 1375/1375 1369/1369 
f 1369/1369 1375/1375 1376/1376 1370/1370 
f 1370/1370 1376/1376 1377/1377 1371/1371 
f 1371/1590 1377/1641 1372/1372 1366/1366 
f 1372/1372 1378/1378 1379/1379 1373/1373 
f 1373/1373 1379/1379 1380/1380 1374/1374 
f 1374/1374 1380/1380 1381/1381 1375/1375 
f 1375/1375 1381/1381 1382/1382 1376/1376 
f 1376/1376 1382/1382 1383/1383 1377/1377 
f 1377/1641 1383/1580 1378/1378 1372/1372 
f 1378/1378 1384/1384 1379/1379 
f 1379/1379 1384/1384 1380/1380 
f 1380/1380 1384/1384 1381/1381 
f 1381/1381 1384/1384 1382/1382 
f 1382/1382 1384/1384 1383/1383 
f 1383/1580 1384/1384 1378/1378 
f 1385/1385 1386/1386 1392/1392 1391/1391 
f 1386/1386 1387/1387 1393/1393 1392/1392 
f 1387/1387 1388/1388 1394/1394 1393/1393 
f 1388/1388 1389/1389 1395/1395 1394/1394 
f 1389/1389 1390/1644 1396/1396 1395/1395 
f 1390/1390 1385/1385 1391/1391 1396/1643 
f 1391/1391 1392/1392 1398/1398 1397/1397 
f 1392/1392 1393/1393 1399/1399 1398/1398 
f 1393/1393 1394/1394 1400/1400 1399/1399 
f 1394/1394 1395/1395 1401/1401 1400/1400 
f 1395/1395 1396/1396 1402/1402 1401/1401 
f 1396/1643 1391/1391 1397/1397 1402/1642 
f 1397/1397 1398/1398 1403/1403 
f 1398/1398 1399/1399 1403/1403 
f 1399/1399 1400/1400 1403/1403 
f 1400/1400 1401/1401 1403/1403 
f 1401/1401 1402/1402 1403/1403 
f 1402/1642 1397/1397 1403/1403 
f 1404/1404 1405/1405 1411/1411 1410/1410 
f 1405/1405 1406/1406 1412/1412 1411/1411 
f 1406/1406 1407/1407 1413/1413 1412/1412 
f 1407/1407 1408/1408 1414/1414 1413/1413 
f 1408/1408 1409/1610 1415/1415 1414/1414 
f 1409/1409 1404/1404 1410/1410 1415/1646 
f 1410/1410 1411/1411 1417/1417 1416/1416 
f 1411/1411 1412/1412 1418/1418 1417/1417 
f 1412/1412 1413/1413 1419/1419 1418/1418 
f 1413/1413 1414/1414 1420/1420 1419/1419 
f 1414/1414 1415/1415 1421/1421 1420/1420 
f 1415/1646 1410/1410 1416/1416 1421/1645 
f 1416/1416 1417/1417 1422/1422 
f 1417/1417 1418/1418 1422/1422 
f 1418/1418 1419/1419 1422/1422 
f 1419/1419 1420/1420 1422/1422 
f 1420/1420 1421/1421 1422/1422 
f 1421/1645 1416/1416 1422/1422 
f 1423/1423 1424/1424 1430/1430 1429/1429 
f 1424/1424 1425/1425 1431/1431 1430/1430 
f 1425/1425 1426/1426 1432/1432 1431/1431 
f 1426/1426 1427/1427 1433/1433 1432/1432 
f 1427/1427 1428/1649 1434/1434 1433/1433 
f 1428/1428 1423/1423 1429/1429 1434/1648 
f 1429/1429 1430/1430 1436/1436 1435/1435 
f 1430/1430 1431/1431 1437/1437 1436/1436 
f 1431/1431 1432/1432 1438/1438 1437/1437 
f 1432/1432 1433/1433 1439/1439 1438/1438 
f 1433/1433 1434/1434 1440/1440 1439/1439 
f 1434/1648 1429/1429 1435/1435 1440/1647 
f 1435/1435 1436/1436 1441/1441 
f 1436/1436 1437/1437 1441/1441 
f 1437/1437 1438/1438 1441/1441 
f 1438/1438 1439/1439 1441/1441 
f 1439/1439 1440/1440 1441/1441 
f 1440/1647 1435/1435 1441/1441 
f 1442/1442 1443/1443 1449/1449 1448/1448 
f 1443/1443 1444/1444 1450/1450 1449/1449 
f 1444/1444 1445/1445 1451/1451 1450/1450 
f 1445/1445 1446/1446 1452/1452 1451/1451 
f 1446/1446 1447/1652 1453/1453 1452/1452 
f 1447/1447 1442/1442 1448/1448 1453/1651 
f 1448/1448 1449/1449 1455/1455 1454/1454 
f 1449/1449 1450/1450 1456/1456 1455/1455 
f 1450/1450 1451/1451 1457/1457 1456/1456 
f 1451/1451 1452/1452 1458/1458 1457/1457 
f 1452/1452 1453/1453 1459/1459 1458/1458 
f 1453/1651 1448/1448 1454/1454 1459/1650 
f 1454/1454 1455/1455 1460/1460 
f 1455/1455 1456/1456 1460/1460 
f 1456/1456 1457/1457 1460/1460 
f 1457/1457 1458/1458 1460/1460 
f 1458/1458 1459/1459 1460/1460 
f 1459/1650 1454/1454 1460/1460 
o Box019
usemtl wire_014010119
g Box019
f 1461/1461 1463/1463 1473/1473 1474/1474 
f 1493/1493 1494/1494 1499/1773 1500/1500 
f 1461/1461 1474/1474 1477/1477 1470/1470 
f 1462/1462 1464/1464 1471/1471 1469/1469 
f 1464/1464 1473/1473 1478/1478 1471/1789 
f 1463/1463 1461/1461 1470/1470 1472/1472 
f 1469/1469 1466/1466 1475/1475 1477/1477 
f 1471/1471 1468/1468 1466/1466 1469/1469 
f 1481/1481 1465/1465 1467/1467 1480/1480 
f 1473/1473 1464/1464 1462/1462 1474/1474 
f 1503/1503 1504/1504 1505/1505 1506/1506 
f 1474/1474 1462/1462 1469/1469 1477/1477 
f 1473/1473 1463/1463 1472/1772 1478/1478 
f 1476/1476 1468/1790 1471/1789 1478/1478 
f 1478/1478 1472/1772 1480/1783 1479/1479 
f 1472/1472 1470/1470 1481/1481 1480/1480 
f 1470/1470 1477/1477 1482/1482 1481/1481 
f 1477/1477 1475/1475 1483/1483 1482/1482 
f 1503/1503 1506/1506 1501/1805 1502/1502 
f 1476/1476 1478/1478 1479/1479 1484/1484 
f 1483/1483 1475/1475 1487/1487 1486/1486 
f 1475/1475 1466/1466 1488/1488 1487/1487 
f 1466/1466 1468/1468 1489/1489 1488/1488 
f 1468/1790 1476/1476 1490/1490 1489/1792 
f 1476/1476 1484/1484 1491/1491 1490/1490 
f 1467/1467 1465/1465 1485/1485 1492/1492 
f 1485/1485 1486/1763 1494/1494 1493/1493 
f 1486/1486 1487/1487 1495/1495 1494/1762 
f 1487/1487 1488/1488 1496/1496 1495/1495 
f 1488/1488 1489/1489 1497/1497 1496/1496 
f 1489/1792 1490/1490 1498/1498 1497/1791 
f 1490/1490 1491/1491 1499/1787 1498/1498 
f 1491/1759 1492/1777 1500/1776 1499/1499 
f 1492/1492 1485/1485 1493/1493 1500/1500 
f 1467/1775 1484/1761 1479/1784 1480/1770 
f 1465/1465 1481/1481 1482/1482 1483/1760 
f 1465/1465 1483/1760 1486/1763 1485/1485 
f 1484/1761 1467/1775 1492/1777 1491/1759 
f 1499/1758 1494/1762 1502/1802 1501/1501 
f 1494/1762 1495/1495 1503/1803 1502/1802 
f 1495/1495 1496/1496 1504/1806 1503/1803 
f 1496/1496 1497/1497 1505/1807 1504/1806 
f 1497/1791 1498/1498 1506/1786 1505/1793 
f 1498/1498 1499/1787 1501/1788 1506/1786 
o Box020
usemtl wire_050124020
g Box020
f 1507/1507 1509/1509 1519/1519 1520/1520 
f 1539/1539 1540/1540 1545/1545 1546/1546 
f 1507/1507 1520/1520 1523/1523 1516/1516 
f 1508/1508 1510/1510 1517/1517 1515/1515 
f 1510/1510 1519/1519 1524/1524 1517/1517 
f 1509/1509 1507/1507 1516/1781 1518/1518 
f 1515/1794 1512/1512 1521/1521 1523/1523 
f 1517/1517 1514/1514 1512/1795 1515/1515 
f 1527/1527 1511/1511 1513/1513 1526/1526 
f 1519/1519 1510/1510 1508/1508 1520/1520 
f 1549/1549 1550/1804 1551/1551 1552/1552 
f 1520/1520 1508/1508 1515/1794 1523/1523 
f 1519/1519 1509/1509 1518/1518 1524/1524 
f 1522/1522 1514/1514 1517/1517 1524/1524 
f 1524/1524 1518/1518 1526/1526 1525/1525 
f 1518/1518 1516/1781 1527/1527 1526/1526 
f 1516/1516 1523/1523 1528/1785 1527/1778 
f 1523/1523 1521/1521 1529/1529 1528/1785 
f 1549/1549 1552/1552 1547/1547 1548/1548 
f 1522/1522 1524/1524 1525/1525 1530/1530 
f 1529/1529 1521/1521 1533/1533 1532/1532 
f 1521/1521 1512/1512 1534/1534 1533/1533 
f 1512/1795 1514/1514 1535/1535 1534/1799 
f 1514/1514 1522/1522 1536/1536 1535/1535 
f 1522/1522 1530/1530 1537/1537 1536/1536 
f 1513/1513 1511/1511 1531/1531 1538/1538 
f 1531/1774 1532/1766 1540/1779 1539/1771 
f 1532/1532 1533/1533 1541/1541 1540/1767 
f 1533/1533 1534/1534 1542/1542 1541/1541 
f 1534/1799 1535/1535 1543/1543 1542/1800 
f 1535/1535 1536/1536 1544/1544 1543/1543 
f 1536/1536 1537/1537 1545/1769 1544/1544 
f 1537/1768 1538/1538 1546/1546 1545/1545 
f 1538/1538 1531/1531 1539/1539 1546/1546 
f 1513/1513 1530/1765 1525/1525 1526/1526 
f 1511/1780 1527/1782 1528/1528 1529/1764 
f 1511/1780 1529/1764 1532/1766 1531/1774 
f 1530/1765 1513/1513 1538/1538 1537/1768 
f 1545/1769 1540/1796 1548/1811 1547/1810 
f 1540/1767 1541/1541 1549/1798 1548/1797 
f 1541/1541 1542/1542 1550/1801 1549/1798 
f 1542/1800 1543/1543 1551/1808 1550/1550 
f 1543/1543 1544/1544 1552/1809 1551/1808 
f 1544/1544 1545/1769 1547/1810 1552/1809 
#end 1480 faces

#ZOMPROPERTIES_04{
#ZOMPROPERTIES_04 table {Mesh table {SymPlane table {Point vector3d 0 0 0 Normal vector3d 1 0 0 Threshold double 0.01 
#ZOMPROPERTIES_04 Enabled bool false EdgeID int -1 SymEdgeID int -1 UPos double 0.5 LocalMode bool false } RootGroup C
#ZOMPROPERTIES_04 SubMeshGroup {Children table {Tile_0_0 CSubMeshGroup {Children table {} BBoxUV box3d 0 0 0 0 0 0 BBo
#ZOMPROPERTIES_04 x3D box3d 0 0 0 0 0 0 Area3D double 0 AreaUV double 0 IsRoot bool false Properties table {Selected b
#ZOMPROPERTIES_04 ool false Box box3d 0 1 0 1 0 1 U int 0 V int 0 NU int 0 NV int 0 Tiling vector3d 1 1 1 TileRatioMod
#ZOMPROPERTIES_04 e string "1:1" Overflow string "Off" Pack table {BoxFrameEdit bool false Behavior string "Free" Lock
#ZOMPROPERTIES_04 ed bool false Scaling table {Optimization string "Fill" } } Hotspot table {} } IsTile bool true Poly
#ZOMPROPERTIES_04 IDs ints { 1446 1454 1402 1410 41 106 107 105 104 43 110 111 109 108 883 884 885 886 887 1135 1129 1
#ZOMPROPERTIES_04 128 1127 1126 1125 1130 1136 1131 1132 1133 1134 888 889 890 891 892 893 1147 1141 1140 1139 1138 11
#ZOMPROPERTIES_04 37 1142 1148 1143 1144 1145 1146 894 871 872 873 874 875 1111 1105 1104 1103 1102 1101 1106 1112 110
#ZOMPROPERTIES_04 7 1108 1109 1110 876 859 860 861 862 863 1087 1081 1080 1079 1078 1077 1082 1088 1083 1084 1085 1086
#ZOMPROPERTIES_04  864 1356 1362 1368 1369 1370 1371 1372 1366 1360 1359 1358 1357 1364 1365 1363 1373 1367 1361 895 8
#ZOMPROPERTIES_04 96 897 898 899 1159 1153 1152 1151 1150 1149 1154 1160 1155 1156 1157 1158 900 865 866 867 868 869 1
#ZOMPROPERTIES_04 099 1093 1092 1091 1090 1089 1094 1100 1095 1096 1097 1098 870 877 878 879 880 881 1123 1117 1116 11
#ZOMPROPERTIES_04 15 1114 1113 1118 1124 1119 1120 1121 1122 882 853 854 855 856 857 1075 1069 1068 1067 1066 1065 107
#ZOMPROPERTIES_04 0 1076 1071 1072 1073 1074 858 1284 1285 1286 1287 1288 1294 1300 1299 1298 1297 1296 1301 1295 1290
#ZOMPROPERTIES_04  1291 1292 1293 1289 1374 1380 1386 1387 1388 1389 1390 1384 1378 1377 1376 1375 1382 1383 1381 1391
#ZOMPROPERTIES_04  1385 1379 1266 1267 1268 1269 1270 1276 1282 1281 1280 1279 1278 1283 1277 1272 1273 1274 1275 1271
#ZOMPROPERTIES_04  1248 1249 1250 1251 1252 1258 1264 1263 1262 1261 1260 1265 1259 1254 1255 1256 1257 1253 1320 1326
#ZOMPROPERTIES_04  1332 1333 1334 1335 1336 1330 1324 1323 1322 1321 1328 1329 1327 1337 1331 1325 1338 1344 1350 1351
#ZOMPROPERTIES_04  1352 1353 1354 1348 1342 1341 1340 1339 1346 1347 1345 1355 1349 1343 1302 1303 1304 1305 1306 1312
#ZOMPROPERTIES_04  1318 1317 1316 1315 1314 1319 1313 1308 1309 1310 1311 1307 902 904 916 958 901 955 915 903 148 999
#ZOMPROPERTIES_04  1005 1011 1017 154 159 155 1018 1019 1020 157 158 1021 1015 1009 1003 152 151 1002 1001 1000 1007 1
#ZOMPROPERTIES_04 013 1012 1008 1006 150 1014 156 1022 1016 1010 1004 149 153 160 1023 1024 1025 1026 1027 1033 1039 1
#ZOMPROPERTIES_04 045 170 169 168 1043 1042 1041 1046 1040 1034 1035 1029 171 1036 1030 166 1037 1031 1038 1044 167 10
#ZOMPROPERTIES_04 32 164 163 162 1028 165 161 112 118 124 130 136 142 147 143 137 138 139 145 146 140 134 128 122 116 
#ZOMPROPERTIES_04 115 121 120 119 126 132 131 127 125 114 133 144 141 135 129 123 113 117 172 178 179 180 181 182 188 
#ZOMPROPERTIES_04 194 200 206 205 204 198 197 196 201 195 189 190 184 207 191 185 202 192 186 193 199 203 187 176 175 
#ZOMPROPERTIES_04 174 183 177 173 307 313 309 308 312 314 310 315 311 316 323 319 322 318 317 321 324 320 262 268 264 
#ZOMPROPERTIES_04 269 265 270 266 267 263 280 287 283 286 282 285 281 288 284 271 278 274 277 273 276 272 279 275 289 
#ZOMPROPERTIES_04 296 292 295 291 294 290 297 293 298 304 300 305 301 306 302 303 299 244 1161 1162 1163 1164 1165 116
#ZOMPROPERTIES_04 6 1167 1168 1169 1170 1171 1172 1173 1174 1175 1176 1177 260 261 259 258 257 256 255 254 253 252 251
#ZOMPROPERTIES_04  250 249 248 247 246 245 1178 1202 1236 1237 1238 1239 1240 1241 1242 1243 1244 1245 1246 1212 1213 
#ZOMPROPERTIES_04 1211 1210 1209 1208 1207 1206 1205 1204 1203 1247 336 354 1049 356 352 1053 348 355 1048 368 337 369
#ZOMPROPERTIES_04  338 353 349 393 425 1057 426 1058 411 413 409 1062 405 412 395 394 406 410 383 1060 417 418 419 390
#ZOMPROPERTIES_04  391 408 1056 407 389 423 424 326 367 334 362 333 360 332 350 1047 366 1051 361 351 208 226 227 228 
#ZOMPROPERTIES_04 229 230 231 232 214 213 212 211 210 209 243 242 224 223 222 221 220 219 218 217 216 215 233 234 235 
#ZOMPROPERTIES_04 236 237 238 239 240 241 225 392 421 397 396 399 428 1061 398 427 1059 416 414 422 415 420 335 1052 3
#ZOMPROPERTIES_04 65 342 359 1050 358 357 340 364 370 339 363 341 371 26 54 61 63 65 42 64 62 60 55 36 39 1462 1472 14
#ZOMPROPERTIES_04 71 1184 1187 1190 1200 1198 1201 1196 1199 1197 1424 1429 1426 382 1063 438 403 387 402 431 386 404 
#ZOMPROPERTIES_04 1064 432 433 434 435 436 437 385 388 400 384 401 430 429 325 1054 331 328 379 343 327 377 376 375 37
#ZOMPROPERTIES_04 4 329 1055 347 373 372 330 345 344 378 346 381 380 439 538 537 540 539 542 541 544 543 1179 1181 119
#ZOMPROPERTIES_04 5 1227 1216 1183 1219 1218 1214 1182 1215 1221 1220 1185 1217 1228 1194 1229 1193 1231 1180 1188 118
#ZOMPROPERTIES_04 6 1232 1234 1189 1230 1226 1222 1235 1233 1225 1191 1224 1223 1192 1392 1401 1403 1398 1409 1412 141
#ZOMPROPERTIES_04 9 1431 1432 1433 1421 1414 1413 1420 1430 1408 1407 1397 1400 1417 1425 1393 1418 1428 1427 1399 139
#ZOMPROPERTIES_04 5 1394 1396 1405 1415 1422 1434 1435 1423 1416 1411 1406 1404 1436 1445 1447 1442 1453 1456 1463 147
#ZOMPROPERTIES_04 5 1476 1464 1457 1452 1438 1439 1443 1458 1465 1477 1478 1479 1474 1467 1460 1455 1450 1470 1473 146
#ZOMPROPERTIES_04 8 1437 1469 1461 1444 1451 1441 1448 1449 1459 1466 1440 2 13 80 910 19 909 85 17 84 942 15 941 81 4
#ZOMPROPERTIES_04 8 940 78 12 14 939 83 16 82 53 18 52 79 906 5 905 73 4 72 49 3 71 70 0 45 6 21 86 946 23 945 89 25 8
#ZOMPROPERTIES_04 8 912 27 911 87 907 75 94 11 67 93 76 44 9 908 77 92 937 8 66 938 95 74 1 47 974 990 983 984 985 986
#ZOMPROPERTIES_04  987 988 989 972 956 935 7 29 69 918 46 978 994 995 996 997 998 991 992 993 976 923 927 96 97 98 99 
#ZOMPROPERTIES_04 953 40 38 34 68 920 914 926 968 925 969 37 964 28 971 963 960 943 57 22 30 944 961 966 56 936 957 91
#ZOMPROPERTIES_04  948 980 31 981 965 35 921 932 59 50 949 32 10 51 950 954 101 100 930 952 103 102 934 929 933 922 58
#ZOMPROPERTIES_04  33 931 928 924 962 982 24 20 959 970 913 917 951 975 977 979 947 90 919 973 967 440 546 850 593 749
#ZOMPROPERTIES_04  662 512 833 478 532 677 596 488 668 713 463 492 773 563 520 725 623 504 480 809 456 521 795 802 803
#ZOMPROPERTIES_04  524 804 591 811 660 741 616 727 789 559 775 705 615 715 655 693 586 679 825 654 835 765 649 751 583
#ZOMPROPERTIES_04  547 576 756 639 760 840 640 820 684 579 688 645 720 607 700 780 558 784 732 612 736 646 816 580 799
#ZOMPROPERTIES_04  800 523 801 796 797 522 798 793 794 598 810 670 742 624 726 790 564 774 706 619 714 669 694 597 678
#ZOMPROPERTIES_04  826 664 834 766 663 750 594 551 565 566 841 552 842 843 550 844 845 575 755 638 510 839 470 530 683
#ZOMPROPERTIES_04  578 486 644 719 459 490 779 557 518 731 611 502 472 815 450 814 582 807 571 525 572 806 447 805 468
#ZOMPROPERTIES_04  501 605 722 517 554 770 489 457 710 632 485 569 674 529 466 830 509 626 746 745 465 505 747 567 574
#ZOMPROPERTIES_04  754 627 637 757 831 628 817 675 570 685 633 711 601 697 771 555 781 723 606 733 634 734 738 458 610
#ZOMPROPERTIES_04  497 730 782 786 441 556 513 778 698 702 602 609 493 718 467 643 686 690 446 577 481 682 818 822 629
#ZOMPROPERTIES_04  642 533 838 762 758 625 759 829 630 819 673 568 687 631 709 603 699 769 553 783 721 604 635 735 636
#ZOMPROPERTIES_04  648 528 647 737 460 500 785 442 516 701 608 496 471 689 449 484 821 641 536 761 469 508 448 549 445
#ZOMPROPERTIES_04  852 851 454 506 477 767 534 665 827 482 455 695 479 494 620 707 514 444 791 498 464 743 671 573 526
#ZOMPROPERTIES_04  599 581 846 548 847 848 451 507 473 764 535 653 824 483 452 692 475 495 614 704 515 443 788 499 462
#ZOMPROPERTIES_04  740 659 527 590 812 813 808 589 476 658 672 503 739 744 617 618 622 728 729 724 519 787 792 560 561
#ZOMPROPERTIES_04  562 776 777 772 491 703 708 461 613 621 716 717 712 656 657 667 487 691 696 587 588 595 680 681 676
#ZOMPROPERTIES_04  531 823 828 474 652 666 836 837 832 511 763 768 650 651 661 752 753 748 584 585 545 849 592 453 600
#ZOMPROPERTIES_04  } } } BBoxUV box3d 0 0 0 0 0 0 BBox3D box3d 0 0 0 0 0 0 Area3D double 0 AreaUV double 0.000226204 I
#ZOMPROPERTIES_04 sRoot bool true Properties table {Selected bool false Box box3d 0 1 0 1 0 1 U int 0 V int 0 NU int 1
#ZOMPROPERTIES_04  NV int 1 Tiling vector3d 1 1 1 TileRatioMode string "1:1" Overflow string "Off" Pack table {Rotate 
#ZOMPROPERTIES_04 table {Mode int 1 Min double 0 Max double 90 Step double 0 } Resolution int 512 MapResolution int 20
#ZOMPROPERTIES_04 48 PaddingSize double 0.0078125 MarginSize double 0.00195312 Scaling table {TexelDensity double 1024
#ZOMPROPERTIES_04  Mode int 2 Optimization string "Fill" } LayoutScalingMode int 2 MaxMutations int 1 } Hotspot table 
#ZOMPROPERTIES_04 {} } IsTile bool false PolyIDs ints { } } Maps table {Pin CDataMap {PrimType string "Vertex" Size in
#ZOMPROPERTIES_04 t 1 DefaultValue double 0 ScaleType string "Normalized" MergeMode string "Max" MinValue double 0 Max
#ZOMPROPERTIES_04 Value double 1 Data doubles { r 1873 0 } } Density CDataMap {PrimType string "Polygon" Size int 1 De
#ZOMPROPERTIES_04 faultValue double 1 ScaleType string "Log" MergeMode string "Average" MinValue double 0.1 MaxValue d
#ZOMPROPERTIES_04 ouble 4 Data doubles { r 1480 1 } } Protect CDataMap {PrimType string "Vertex" Size int 1 DefaultVal
#ZOMPROPERTIES_04 ue double 0 ScaleType string "Normalized" MergeMode string "Average" MinValue double -1 MaxValue dou
#ZOMPROPERTIES_04 ble 1 Data doubles { r 1873 0 } } } } }
#ZOMPROPERTIES_04}


#ZOMSCENE_01{
#ZOMSCENE_01 CScene {Settings table {AxisSystem table {UpVector string "y" } Unit string "cm" TexelDensityDisplay
#ZOMSCENE_01 Unit string "tx/cm" } Root CXForm {} }
#ZOMSCENE_01}

#begin 0 fatal error vertex (that RizomUV cannot handle)
#end 0 fatal error vertex (that RizomUV cannot handle)

#begin 0 error vertex
#end 0 error vertex
