# 3ds Max Wavefront OBJ Exporter v0.99 - (c)2007 guruware
# File Created: 10.03.2026 21:40:18

mtllib Mega_Door2.mtl

#
# object _unwrap_BEEG_DOOR
#

v  1013.5611 216.2739 -1501.8088
v  1013.5611 216.2740 -1370.2587
v  988.8192 216.2740 -1370.2587
v  988.8192 216.2740 -1501.8088
v  1013.5610 216.2740 -1531.5604
v  988.8192 216.2740 -1531.5604
v  952.4741 266.9026 -1531.5604
v  952.4741 266.9026 -1505.0446
v  954.0094 273.6630 -1505.0446
v  954.0094 273.6630 -1531.5604
v  959.0719 207.8789 -1531.5604
v  959.0719 207.8789 -1505.0446
v  947.0221 209.2864 -1511.2047
v  947.0221 209.2864 -1531.5604
v  959.0719 260.4069 -1531.5604
v  959.0719 260.4069 -1505.0446
v  979.8739 335.8195 -1531.5604
v  979.8739 335.8195 -1510.7416
v  989.4927 349.1441 -1514.9728
v  989.4927 349.1441 -1531.5604
v  979.8739 216.2740 -1370.2587
v  959.0719 207.8789 -1390.4685
v  979.8739 216.2740 -1501.8088
v  979.8739 216.2740 -1531.5604
v  979.8739 268.7025 -1282.9775
v  979.8739 268.7025 -1318.8079
v  967.3676 268.7025 -1318.8079
v  967.3676 268.7025 -1282.9775
v  979.8739 268.7025 -1354.6382
v  967.3676 268.7025 -1354.6382
v  979.8739 280.6378 -1390.4685
v  979.8739 280.6378 -1505.0446
v  967.3676 268.7025 -1505.0446
v  967.3676 268.7025 -1390.4685
v  941.2185 4.5006 -1386.8677
v  941.2185 4.5006 -1358.2390
v  941.2185 40.2832 -1358.2390
v  941.2185 40.2832 -1386.8677
v  959.0719 0.0000 -1354.6382
v  959.0719 0.0000 -1318.8079
v  959.0719 44.7838 -1318.8079
v  959.0719 44.7838 -1354.6382
v  952.4741 1.1684 -1318.8079
v  952.4741 1.1684 -1291.2732
v  952.4741 45.9521 -1291.2732
v  952.4741 45.9521 -1318.8079
v  949.7117 44.7838 -1390.4685
v  949.7117 44.7838 -1354.6382
v  949.7117 89.9926 -1354.9783
v  949.7117 89.9926 -1390.1284
v  959.0719 89.5675 -1318.8079
v  959.0719 89.5675 -1354.6382
v  952.4741 90.7359 -1291.2732
v  952.4741 90.7359 -1318.8079
v  941.2185 94.4077 -1386.5959
v  941.2185 94.4077 -1358.5107
v  941.2185 129.5111 -1358.5107
v  941.2185 129.5111 -1386.5959
v  959.0719 134.3513 -1318.8079
v  959.0719 134.3513 -1354.6382
v  952.4741 135.5197 -1291.2732
v  952.4741 135.5197 -1318.8079
v  959.0719 179.1350 -1318.8079
v  959.0719 179.1350 -1354.6382
v  952.4741 180.3034 -1291.2732
v  952.4741 180.3034 -1318.8079
v  959.0719 223.9188 -1390.4685
v  959.0719 223.9188 -1505.0446
v  949.7117 207.8789 -1390.4685
v  949.7117 179.1350 -1354.6382
v  949.7117 223.9188 -1354.6382
v  949.7117 223.9188 -1390.4685
v  959.0719 223.9188 -1318.8079
v  959.0719 223.9188 -1354.6382
v  952.4741 225.0872 -1291.2732
v  952.4741 225.0872 -1318.8079
v  945.6346 227.1205 -1494.9907
v  945.6346 227.1205 -1400.5223
v  945.6346 257.2051 -1400.5223
v  945.6346 257.2051 -1494.9907
v  959.0719 260.4069 -1354.6382
v  959.0719 260.4069 -1390.4685
v  959.0719 260.4069 -1318.8079
v  952.4741 266.9026 -1291.2732
v  952.4741 266.9026 -1318.8079
v  967.3676 0.0000 -1282.9775
v  979.8739 0.0000 -1282.9775
v  979.8739 44.7838 -1282.9775
v  967.3676 44.7838 -1282.9775
v  988.8192 0.0000 -1282.9775
v  988.8192 44.7838 -1282.9775
v  979.8739 89.5675 -1282.9775
v  967.3676 89.5675 -1282.9775
v  988.8192 89.5675 -1282.9775
v  979.8739 134.3513 -1282.9775
v  967.3676 134.3513 -1282.9775
v  988.8192 134.3513 -1282.9775
v  979.8739 179.1350 -1282.9775
v  967.3676 179.1350 -1282.9775
v  988.8192 179.1350 -1282.9775
v  979.8739 223.9188 -1282.9775
v  967.3676 223.9188 -1282.9775
v  949.7117 133.9262 -1390.1284
v  949.7117 133.9262 -1354.9783
v  979.8739 44.7838 -1370.2587
v  979.8739 89.5675 -1370.2587
v  988.8192 89.5675 -1370.2587
v  988.8192 44.7838 -1370.2587
v  959.0719 44.7838 -1390.4685
v  959.0719 89.5675 -1390.4685
v  979.8739 0.0000 -1370.2587
v  959.0719 0.0000 -1390.4685
v  959.0719 134.3513 -1390.4685
v  979.8739 134.3513 -1370.2587
v  988.8192 134.3513 -1370.2587
v  960.7698 275.1983 -1282.9775
v  960.7698 275.1983 -1318.8079
v  954.0094 273.6630 -1318.8079
v  954.0094 273.6630 -1284.5129
v  960.7698 275.1983 -1354.6382
v  954.0094 273.6630 -1354.6382
v  960.7698 275.1983 -1390.4685
v  954.0094 273.6630 -1390.4685
v  960.7698 275.1983 -1505.0446
v  954.0094 1.1684 -1284.5128
v  954.0094 45.9521 -1284.5128
v  954.0094 90.7359 -1284.5128
v  954.0094 135.5197 -1284.5128
v  954.0094 180.3034 -1284.5128
v  954.0094 225.0872 -1284.5128
v  952.4741 266.9026 -1390.4685
v  952.4741 266.9026 -1354.6382
v  960.7698 1.1684 -1282.9775
v  960.7698 45.9521 -1282.9775
v  960.7698 90.7359 -1282.9775
v  960.7698 135.5197 -1282.9775
v  960.7698 180.3034 -1282.9775
v  960.7698 225.0872 -1282.9775
v  947.0221 222.5113 -1511.2047
v  947.0221 222.5113 -1531.5604
v  959.0719 223.9188 -1531.5604
v  949.7117 0.0000 -1354.6382
v  949.7117 0.0000 -1390.4685
v  952.3514 223.9188 -1390.4685
v  952.3514 223.9188 -1505.0446
v  952.3514 260.4069 -1390.4685
v  952.3514 260.4069 -1505.0446
v  960.6072 0.0000 -1284.5128
v  967.3676 268.7025 -1531.5604
v  960.7698 275.1983 -1531.5604
v  959.0719 0.0000 -1291.2732
v  988.8192 335.8195 -1510.7416
v  993.6286 349.1441 -1514.9728
v  979.8739 314.6865 -1400.8654
v  979.8739 314.6864 -1508.0398
v  979.8739 314.6864 -1531.5604
v  979.8739 280.6378 -1531.5604
v  988.8192 280.6378 -1390.4685
v  988.8192 268.7025 -1354.6382
v  979.8739 335.8195 -1426.0522
v  988.8192 335.8195 -1426.0522
v  1013.5611 89.5675 -1370.2587
v  1013.5611 44.7838 -1370.2587
v  988.8192 0.0000 -1370.2587
v  1017.5784 335.8195 -1510.7416
v  1017.5784 349.1441 -1514.9728
v  988.8192 314.6865 -1400.8654
v  988.7054 268.7025 -1318.8079
v  988.5915 268.7025 -1282.9775
v  988.7054 223.9188 -1282.9775
v  993.6286 349.1441 -1531.5604
v  1017.5784 239.8391 -1354.4720
v  1017.5784 251.7744 -1390.3038
v  993.4421 251.8012 -1390.4685
v  993.4421 239.8659 -1354.6309
v  1013.5611 0.0000 -1370.2587
v  1013.5611 134.3513 -1370.2587
v  1017.5784 223.9188 -1282.9775
v  1017.5784 268.7025 -1282.9775
v  993.4421 335.8195 -1426.0522
v  993.4421 335.8195 -1506.1187
v  993.4421 314.6865 -1400.8654
v  993.3430 268.7025 -1323.4308
v  993.4421 268.7025 -1354.6309
v  993.4421 280.6378 -1390.4685
v  993.4421 312.0186 -1417.7402
v  993.4421 306.9828 -1506.1187
v  993.4421 280.8140 -1409.1774
v  993.3430 239.8659 -1323.4308
v  1017.5784 280.7872 -1409.0127
v  1017.5784 311.9918 -1417.5754
v  988.8192 216.2740 -1561.3120
v  988.8192 216.2740 -1692.8622
v  1013.5610 216.2740 -1692.8622
v  1013.5610 216.2739 -1561.3120
v  988.8192 179.1350 -1780.1433
v  988.7053 223.9188 -1780.1433
v  1017.5784 223.9188 -1780.1433
v  1017.5784 179.1350 -1780.1433
v  954.0094 273.6630 -1558.0763
v  952.4741 266.9026 -1558.0763
v  947.0221 209.2864 -1551.9161
v  959.0718 207.8789 -1558.0763
v  959.0718 260.4069 -1558.0763
v  989.4927 349.1441 -1548.1481
v  979.8739 335.8195 -1552.3793
v  979.8739 216.2740 -1692.8622
v  979.8739 216.2740 -1561.3120
v  959.0719 207.8789 -1672.6523
v  979.8739 268.7025 -1780.1433
v  967.3676 268.7025 -1780.1433
v  967.3676 268.7025 -1744.3130
v  979.8739 268.7025 -1744.3130
v  967.3676 268.7025 -1708.4827
v  979.8739 268.7025 -1708.4827
v  979.8739 280.6378 -1672.6523
v  967.3676 268.7025 -1672.6523
v  967.3676 268.7025 -1558.0763
v  979.8739 280.6378 -1558.0763
v  941.2185 4.5006 -1676.2532
v  941.2185 40.2832 -1676.2532
v  941.2185 40.2832 -1704.8818
v  941.2185 4.5006 -1704.8818
v  959.0719 0.0000 -1708.4827
v  959.0719 44.7838 -1708.4827
v  959.0718 44.7838 -1744.3130
v  959.0718 0.0000 -1744.3130
v  952.4741 1.1684 -1744.3130
v  952.4741 45.9521 -1744.3130
v  952.4741 45.9521 -1771.8477
v  952.4741 1.1684 -1771.8477
v  949.7117 44.7838 -1672.6523
v  949.7117 89.9926 -1672.9924
v  949.7117 89.9926 -1708.1426
v  949.7117 44.7838 -1708.4827
v  959.0719 89.5675 -1708.4827
v  959.0718 89.5675 -1744.3130
v  952.4741 90.7359 -1744.3130
v  952.4741 90.7359 -1771.8477
v  941.2185 94.4077 -1676.5249
v  941.2185 129.5111 -1676.5249
v  941.2185 129.5111 -1704.6101
v  941.2185 94.4077 -1704.6101
v  959.0719 134.3513 -1708.4827
v  959.0718 134.3513 -1744.3130
v  952.4741 135.5197 -1744.3130
v  952.4741 135.5197 -1771.8477
v  959.0719 179.1350 -1708.4827
v  959.0718 179.1350 -1744.3130
v  952.4741 180.3034 -1744.3130
v  952.4741 180.3034 -1771.8477
v  959.0718 223.9188 -1558.0763
v  959.0719 223.9188 -1672.6523
v  949.7117 207.8789 -1672.6523
v  949.7117 223.9188 -1672.6523
v  949.7117 223.9188 -1708.4827
v  949.7117 179.1350 -1708.4827
v  959.0719 223.9188 -1708.4827
v  959.0718 223.9188 -1744.3130
v  952.4741 225.0872 -1744.3130
v  952.4741 225.0872 -1771.8477
v  945.6346 227.1205 -1568.1301
v  945.6346 257.2051 -1568.1301
v  945.6346 257.2051 -1662.5985
v  945.6346 227.1205 -1662.5985
v  959.0719 260.4069 -1672.6523
v  959.0719 260.4069 -1708.4827
v  959.0718 260.4069 -1744.3130
v  952.4741 266.9026 -1744.3130
v  952.4741 266.9026 -1771.8477
v  967.3676 0.0000 -1780.1433
v  967.3676 44.7838 -1780.1433
v  979.8739 44.7838 -1780.1433
v  979.8739 0.0000 -1780.1433
v  988.8192 44.7838 -1780.1433
v  988.8192 0.0000 -1780.1433
v  967.3676 89.5675 -1780.1433
v  979.8739 89.5675 -1780.1433
v  988.8192 89.5675 -1780.1433
v  967.3676 134.3513 -1780.1433
v  979.8739 134.3513 -1780.1433
v  988.8192 134.3513 -1780.1433
v  967.3676 179.1350 -1780.1433
v  979.8739 179.1350 -1780.1433
v  967.3676 223.9188 -1780.1433
v  979.8739 223.9188 -1780.1433
v  949.7117 133.9262 -1708.1426
v  949.7117 133.9262 -1672.9924
v  979.8739 44.7838 -1692.8622
v  988.8192 44.7838 -1692.8622
v  988.8192 89.5675 -1692.8622
v  979.8739 89.5675 -1692.8622
v  959.0719 44.7838 -1672.6523
v  959.0719 89.5675 -1672.6523
v  959.0719 0.0000 -1672.6523
v  979.8739 0.0000 -1692.8622
v  959.0719 134.3513 -1672.6523
v  979.8739 134.3513 -1692.8622
v  988.8192 134.3513 -1692.8622
v  960.7698 275.1983 -1780.1433
v  954.0094 273.6630 -1778.6079
v  954.0094 273.6630 -1744.3130
v  960.7697 275.1983 -1744.3130
v  954.0094 273.6630 -1708.4827
v  960.7698 275.1983 -1708.4827
v  954.0094 273.6630 -1672.6523
v  960.7698 275.1983 -1672.6523
v  960.7698 275.1983 -1558.0763
v  954.0094 45.9521 -1778.6080
v  954.0094 1.1684 -1778.6080
v  954.0094 90.7359 -1778.6080
v  954.0094 135.5197 -1778.6080
v  954.0094 180.3034 -1778.6080
v  954.0094 225.0872 -1778.6080
v  952.4741 266.9026 -1672.6523
v  952.4741 266.9026 -1708.4827
v  960.7698 1.1684 -1780.1433
v  960.7698 45.9521 -1780.1433
v  960.7698 90.7359 -1780.1433
v  960.7698 135.5197 -1780.1433
v  960.7698 180.3034 -1780.1433
v  960.7698 225.0872 -1780.1433
v  947.0221 222.5113 -1551.9161
v  949.7117 0.0000 -1672.6523
v  949.7117 0.0000 -1708.4827
v  952.3514 223.9188 -1558.0763
v  952.3514 223.9188 -1672.6523
v  952.3514 260.4069 -1672.6523
v  952.3514 260.4069 -1558.0763
v  960.6072 0.0000 -1778.6080
v  959.0719 0.0000 -1771.8477
v  993.6286 349.1441 -1548.1481
v  988.8192 335.8195 -1552.3793
v  979.8739 314.6864 -1555.0811
v  979.8739 314.6865 -1662.2555
v  988.8192 280.6378 -1672.6523
v  988.8192 268.7025 -1708.4827
v  988.8192 335.8195 -1637.0686
v  979.8739 335.8195 -1637.0686
v  1017.5784 89.5675 -1780.1433
v  1017.5784 44.7838 -1780.1433
v  1013.5610 44.7838 -1692.8622
v  1013.5610 89.5675 -1692.8622
v  988.8192 0.0000 -1692.8622
v  1017.5784 349.1441 -1548.1481
v  1017.5784 335.8195 -1552.3793
v  988.8192 314.6865 -1662.2555
v  988.7053 268.7025 -1744.3130
v  988.5915 268.7025 -1780.1433
v  1017.5784 349.1441 -1531.5604
v  993.4421 239.7316 -1707.6652
v  993.4421 251.6669 -1671.8275
v  1017.5784 251.7744 -1672.4877
v  1017.5784 239.8391 -1708.3195
v  1013.5610 0.0000 -1692.8622
v  1013.5610 134.3513 -1692.8622
v  993.4421 280.6797 -1653.1187
v  1017.5784 280.7872 -1653.7788
v  993.4421 335.6852 -1556.1774
v  993.4421 335.6852 -1636.2438
v  993.4421 314.5522 -1661.4307
v  993.4421 268.5683 -1707.6652
v  993.3430 268.5683 -1738.8652
v  1017.5784 268.5683 -1738.8652
v  1017.5784 268.7025 -1744.3130
v  993.4421 280.5036 -1671.8275
v  993.4421 306.8485 -1556.1774
v  993.4421 311.8843 -1644.5558
v  993.3430 239.7316 -1738.8652
v  1017.5784 239.7316 -1738.8652
v  1017.5784 134.3513 -1282.9775
v  1017.5784 179.1350 -1282.9775
v  1017.5784 335.7927 -1505.9540
v  1017.5784 306.9560 -1505.9540
v  1017.5784 134.3513 -1780.1433
v  1017.5784 335.6852 -1556.1774
v  1017.5784 306.8485 -1556.1774
v  1017.5784 216.2740 -1692.8622
v  1017.5784 216.2739 -1561.3120
v  1017.5784 216.2740 -1531.5604
v  1017.5784 311.9918 -1645.2159
v  1017.5784 0.0000 -1692.8622
v  1017.5784 44.7838 -1692.8622
v  1017.5784 89.5675 -1692.8622
v  1017.5784 134.3513 -1692.8622
v  1017.5784 268.7025 -1780.1433
v  1017.5784 0.0000 -1282.9775
v  1017.5784 44.7838 -1282.9775
v  1017.5784 89.5675 -1282.9775
v  1017.5784 216.2740 -1370.2587
v  1017.5784 134.3513 -1370.2587
v  1017.5784 0.0000 -1780.1433
v  1017.5784 216.2739 -1501.8088
v  1017.5784 239.8659 -1323.4308
v  1017.5784 44.7838 -1370.2587
v  1017.5784 89.5675 -1370.2587
v  1017.5784 0.0000 -1370.2587
v  1017.5784 268.7025 -1318.8079
v  1017.5784 268.7025 -1323.4308
v  1021.5958 216.2739 -1501.8088
v  1046.3375 216.2740 -1501.8088
v  1046.3375 216.2740 -1370.2587
v  1021.5958 216.2740 -1370.2587
v  1021.5957 216.2740 -1531.5604
v  1046.3375 216.2740 -1531.5604
v  1082.6827 266.9026 -1531.5604
v  1081.1475 273.6630 -1531.5604
v  1081.1475 273.6630 -1505.0446
v  1082.6827 266.9026 -1505.0446
v  1076.0850 207.8789 -1531.5604
v  1088.1348 209.2864 -1531.5604
v  1088.1348 209.2864 -1511.2047
v  1076.0850 207.8789 -1505.0446
v  1076.0850 260.4069 -1531.5604
v  1076.0850 260.4069 -1505.0446
v  1055.2828 335.8195 -1531.5604
v  1045.6642 349.1441 -1531.5604
v  1045.6642 349.1441 -1514.9728
v  1055.2828 335.8195 -1510.7416
v  1055.2830 216.2740 -1370.2587
v  1055.2828 216.2740 -1501.8088
v  1076.0850 207.8789 -1390.4685
v  1055.2828 216.2740 -1531.5604
v  1055.2830 268.7025 -1282.9775
v  1067.7893 268.7025 -1282.9775
v  1067.7893 268.7025 -1318.8079
v  1055.2830 268.7025 -1318.8079
v  1067.7893 268.7025 -1354.6382
v  1055.2830 268.7025 -1354.6382
v  1055.2830 280.6378 -1390.4685
v  1067.7893 268.7025 -1390.4685
v  1067.7893 268.7025 -1505.0446
v  1055.2828 280.6378 -1505.0446
v  1093.9384 4.5006 -1386.8677
v  1093.9384 40.2832 -1386.8677
v  1093.9384 40.2832 -1358.2390
v  1093.9384 4.5006 -1358.2390
v  1076.0850 0.0000 -1354.6382
v  1076.0850 44.7838 -1354.6382
v  1076.0850 44.7838 -1318.8079
v  1076.0850 0.0000 -1318.8079
v  1082.6827 1.1684 -1318.8079
v  1082.6827 45.9521 -1318.8079
v  1082.6827 45.9521 -1291.2732
v  1082.6827 1.1684 -1291.2732
v  1085.4452 44.7838 -1390.4685
v  1085.4452 89.9926 -1390.1284
v  1085.4452 89.9926 -1354.9783
v  1085.4452 44.7838 -1354.6382
v  1076.0850 89.5675 -1354.6382
v  1076.0850 89.5675 -1318.8079
v  1082.6827 90.7359 -1318.8079
v  1082.6827 90.7359 -1291.2732
v  1093.9384 94.4077 -1386.5959
v  1093.9384 129.5111 -1386.5959
v  1093.9384 129.5111 -1358.5107
v  1093.9384 94.4077 -1358.5107
v  1076.0850 134.3513 -1354.6382
v  1076.0850 134.3513 -1318.8079
v  1082.6827 135.5197 -1318.8079
v  1082.6827 135.5197 -1291.2732
v  1076.0850 179.1350 -1354.6382
v  1076.0850 179.1350 -1318.8079
v  1082.6827 180.3034 -1318.8079
v  1082.6827 180.3034 -1291.2732
v  1076.0850 223.9188 -1505.0446
v  1076.0850 223.9188 -1390.4685
v  1085.4452 207.8789 -1390.4685
v  1085.4452 223.9188 -1390.4685
v  1085.4452 223.9188 -1354.6382
v  1085.4452 179.1350 -1354.6382
v  1076.0850 223.9188 -1354.6382
v  1076.0850 223.9188 -1318.8079
v  1082.6827 225.0872 -1318.8079
v  1082.6827 225.0872 -1291.2732
v  1089.5222 227.1205 -1494.9907
v  1089.5222 257.2051 -1494.9907
v  1089.5222 257.2051 -1400.5223
v  1089.5222 227.1205 -1400.5223
v  1076.0850 260.4069 -1390.4685
v  1076.0850 260.4069 -1354.6382
v  1076.0850 260.4069 -1318.8079
v  1082.6827 266.9026 -1318.8079
v  1082.6827 266.9026 -1291.2732
v  1067.7893 0.0000 -1282.9775
v  1067.7893 44.7838 -1282.9775
v  1055.2830 44.7838 -1282.9775
v  1055.2830 0.0000 -1282.9775
v  1046.3375 44.7838 -1282.9775
v  1046.3375 0.0000 -1282.9775
v  1067.7893 89.5675 -1282.9775
v  1055.2830 89.5675 -1282.9775
v  1046.3375 89.5675 -1282.9775
v  1067.7893 134.3513 -1282.9775
v  1055.2830 134.3513 -1282.9775
v  1046.3375 134.3513 -1282.9775
v  1067.7893 179.1350 -1282.9775
v  1055.2830 179.1350 -1282.9775
v  1046.3375 179.1350 -1282.9775
v  1067.7893 223.9188 -1282.9775
v  1055.2830 223.9188 -1282.9775
v  1085.4452 133.9262 -1354.9783
v  1085.4452 133.9262 -1390.1284
v  1055.2830 44.7838 -1370.2587
v  1046.3375 44.7838 -1370.2587
v  1046.3375 89.5675 -1370.2587
v  1055.2830 89.5675 -1370.2587
v  1076.0850 44.7838 -1390.4685
v  1076.0850 89.5675 -1390.4685
v  1076.0850 0.0000 -1390.4685
v  1055.2830 0.0000 -1370.2587
v  1076.0850 134.3513 -1390.4685
v  1055.2830 134.3513 -1370.2587
v  1046.3375 134.3513 -1370.2587
v  1074.3871 275.1983 -1282.9775
v  1081.1475 273.6630 -1284.5129
v  1081.1475 273.6630 -1318.8079
v  1074.3871 275.1983 -1318.8079
v  1081.1475 273.6630 -1354.6382
v  1074.3871 275.1983 -1354.6382
v  1081.1475 273.6630 -1390.4685
v  1074.3871 275.1983 -1390.4685
v  1074.3871 275.1983 -1505.0446
v  1081.1475 45.9521 -1284.5128
v  1081.1475 1.1684 -1284.5128
v  1081.1475 90.7359 -1284.5128
v  1081.1475 135.5197 -1284.5128
v  1081.1475 180.3034 -1284.5128
v  1081.1475 225.0872 -1284.5128
v  1082.6827 266.9026 -1390.4685
v  1082.6827 266.9026 -1354.6382
v  1074.3871 1.1684 -1282.9775
v  1074.3871 45.9521 -1282.9775
v  1074.3871 90.7359 -1282.9775
v  1074.3871 135.5197 -1282.9775
v  1074.3871 180.3034 -1282.9775
v  1074.3871 225.0872 -1282.9775
v  1088.1348 222.5113 -1531.5604
v  1088.1348 222.5113 -1511.2047
v  1076.0850 223.9188 -1531.5604
v  1085.4452 0.0000 -1390.4685
v  1085.4452 0.0000 -1354.6382
v  1082.8054 223.9188 -1505.0446
v  1082.8054 223.9188 -1390.4685
v  1082.8054 260.4069 -1390.4685
v  1082.8054 260.4069 -1505.0446
v  1074.5497 0.0000 -1284.5128
v  1074.3871 275.1983 -1531.5604
v  1067.7893 268.7025 -1531.5604
v  1076.0850 0.0000 -1291.2732
v  1041.5282 349.1441 -1514.9728
v  1046.3375 335.8195 -1510.7416
v  1055.2828 314.6864 -1508.0398
v  1055.2830 314.6865 -1400.8654
v  1055.2828 280.6378 -1531.5604
v  1055.2828 314.6864 -1531.5604
v  1046.3375 280.6378 -1390.4685
v  1046.3375 268.7025 -1354.6382
v  1046.3375 335.8195 -1426.0522
v  1055.2830 335.8195 -1426.0522
v  1021.5958 44.7838 -1370.2587
v  1021.5958 89.5675 -1370.2587
v  1046.3375 0.0000 -1370.2587
v  1046.3375 314.6865 -1400.8654
v  1046.4514 268.7025 -1318.8079
v  1046.5653 268.7025 -1282.9775
v  1046.4514 223.9188 -1282.9775
v  1041.5282 349.1441 -1531.5604
v  1041.7147 239.8659 -1354.6309
v  1041.7147 251.8012 -1390.4685
v  1021.5958 0.0000 -1370.2587
v  1021.5958 134.3513 -1370.2587
v  1041.7147 335.8195 -1506.1187
v  1041.7147 335.8195 -1426.0522
v  1041.7147 314.6865 -1400.8654
v  1041.7147 268.7025 -1354.6309
v  1041.8138 268.7025 -1323.4308
v  1041.7147 280.6378 -1390.4685
v  1041.7147 306.9828 -1506.1187
v  1041.7147 312.0186 -1417.7402
v  1041.7147 280.8140 -1409.1774
v  1041.8138 239.8659 -1323.4308
v  1046.3375 216.2740 -1561.3120
v  1021.5957 216.2739 -1561.3120
v  1021.5957 216.2740 -1692.8622
v  1046.3375 216.2740 -1692.8622
v  1046.3375 179.1350 -1780.1433
v  1046.4514 223.9188 -1780.1433
v  1082.6827 266.9026 -1558.0763
v  1081.1475 273.6630 -1558.0763
v  1076.0850 207.8789 -1558.0763
v  1088.1348 209.2864 -1551.9161
v  1076.0850 260.4069 -1558.0763
v  1055.2828 335.8195 -1552.3793
v  1045.6642 349.1441 -1548.1481
v  1055.2828 216.2740 -1692.8622
v  1076.0850 207.8789 -1672.6523
v  1055.2828 216.2740 -1561.3120
v  1055.2828 268.7025 -1780.1433
v  1055.2828 268.7025 -1744.3130
v  1067.7893 268.7025 -1744.3130
v  1067.7892 268.7025 -1780.1433
v  1055.2828 268.7025 -1708.4827
v  1067.7892 268.7025 -1708.4827
v  1055.2828 280.6378 -1672.6523
v  1055.2828 280.6378 -1558.0763
v  1067.7893 268.7025 -1558.0763
v  1067.7892 268.7025 -1672.6523
v  1093.9384 4.5006 -1676.2532
v  1093.9384 4.5006 -1704.8818
v  1093.9384 40.2832 -1704.8818
v  1093.9384 40.2832 -1676.2532
v  1076.0850 0.0000 -1708.4827
v  1076.0850 0.0000 -1744.3130
v  1076.0850 44.7838 -1744.3130
v  1076.0850 44.7838 -1708.4827
v  1082.6827 1.1684 -1744.3130
v  1082.6827 1.1684 -1771.8477
v  1082.6827 45.9521 -1771.8477
v  1082.6827 45.9521 -1744.3130
v  1085.4452 44.7838 -1672.6523
v  1085.4452 44.7838 -1708.4827
v  1085.4452 89.9926 -1708.1426
v  1085.4452 89.9926 -1672.9924
v  1076.0850 89.5675 -1744.3130
v  1076.0850 89.5675 -1708.4827
v  1082.6827 90.7359 -1771.8477
v  1082.6827 90.7359 -1744.3130
v  1093.9384 94.4077 -1676.5249
v  1093.9384 94.4077 -1704.6101
v  1093.9384 129.5111 -1704.6101
v  1093.9384 129.5111 -1676.5249
v  1076.0850 134.3513 -1744.3130
v  1076.0850 134.3513 -1708.4827
v  1082.6827 135.5197 -1771.8477
v  1082.6827 135.5197 -1744.3130
v  1076.0850 179.1350 -1744.3130
v  1076.0850 179.1350 -1708.4827
v  1082.6827 180.3034 -1771.8477
v  1082.6827 180.3034 -1744.3130
v  1076.0850 223.9188 -1672.6523
v  1076.0850 223.9188 -1558.0763
v  1085.4452 207.8789 -1672.6523
v  1085.4452 179.1350 -1708.4827
v  1085.4452 223.9188 -1708.4827
v  1085.4452 223.9188 -1672.6523
v  1076.0850 223.9188 -1744.3130
v  1076.0850 223.9188 -1708.4827
v  1082.6827 225.0872 -1771.8477
v  1082.6827 225.0872 -1744.3130
v  1089.5222 227.1205 -1568.1301
v  1089.5222 227.1205 -1662.5985
v  1089.5222 257.2051 -1662.5985
v  1089.5222 257.2051 -1568.1301
v  1076.0850 260.4069 -1708.4827
v  1076.0850 260.4069 -1672.6523
v  1076.0850 260.4069 -1744.3130
v  1082.6827 266.9026 -1771.8477
v  1082.6827 266.9026 -1744.3130
v  1067.7892 0.0000 -1780.1433
v  1055.2828 0.0000 -1780.1433
v  1055.2828 44.7838 -1780.1433
v  1067.7892 44.7838 -1780.1433
v  1046.3375 0.0000 -1780.1433
v  1046.3375 44.7838 -1780.1433
v  1055.2828 89.5675 -1780.1433
v  1067.7892 89.5675 -1780.1433
v  1046.3375 89.5675 -1780.1433
v  1055.2828 134.3513 -1780.1433
v  1067.7892 134.3513 -1780.1433
v  1046.3375 134.3513 -1780.1433
v  1055.2828 179.1350 -1780.1433
v  1067.7892 179.1350 -1780.1433
v  1055.2828 223.9188 -1780.1433
v  1067.7892 223.9188 -1780.1433
v  1085.4452 133.9262 -1672.9924
v  1085.4452 133.9262 -1708.1426
v  1055.2828 44.7838 -1692.8622
v  1055.2828 89.5675 -1692.8622
v  1046.3375 89.5675 -1692.8622
v  1046.3375 44.7838 -1692.8622
v  1076.0850 44.7838 -1672.6523
v  1076.0850 89.5675 -1672.6523
v  1055.2828 0.0000 -1692.8622
v  1076.0850 0.0000 -1672.6523
v  1076.0850 134.3513 -1672.6523
v  1055.2828 134.3513 -1692.8622
v  1046.3375 134.3513 -1692.8622
v  1074.3870 275.1983 -1780.1433
v  1074.3871 275.1983 -1744.3130
v  1081.1475 273.6630 -1744.3130
v  1081.1475 273.6630 -1778.6079
v  1074.3871 275.1983 -1708.4827
v  1081.1475 273.6630 -1708.4827
v  1074.3871 275.1983 -1672.6523
v  1081.1475 273.6630 -1672.6523
v  1074.3871 275.1983 -1558.0763
v  1081.1475 1.1684 -1778.6080
v  1081.1475 45.9521 -1778.6080
v  1081.1475 90.7359 -1778.6080
v  1081.1475 135.5197 -1778.6080
v  1081.1475 180.3034 -1778.6080
v  1081.1475 225.0872 -1778.6080
v  1082.6827 266.9026 -1672.6523
v  1082.6827 266.9026 -1708.4827
v  1074.3870 1.1684 -1780.1433
v  1074.3870 45.9521 -1780.1433
v  1074.3870 90.7359 -1780.1433
v  1074.3870 135.5197 -1780.1433
v  1074.3870 180.3034 -1780.1433
v  1074.3870 225.0872 -1780.1433
v  1088.1348 222.5113 -1551.9161
v  1085.4452 0.0000 -1708.4827
v  1085.4452 0.0000 -1672.6523
v  1082.8054 223.9188 -1672.6523
v  1082.8054 223.9188 -1558.0763
v  1082.8054 260.4069 -1672.6523
v  1082.8054 260.4069 -1558.0763
v  1074.5496 0.0000 -1778.6080
v  1076.0850 0.0000 -1771.8477
v  1046.3375 335.8195 -1552.3793
v  1041.5282 349.1441 -1548.1481
v  1055.2828 314.6865 -1662.2555
v  1055.2828 314.6864 -1555.0811
v  1046.3375 280.6378 -1672.6523
v  1046.3375 268.7025 -1708.4827
v  1055.2828 335.8195 -1637.0686
v  1046.3375 335.8195 -1637.0686
v  1021.5957 89.5675 -1692.8622
v  1021.5957 44.7838 -1692.8622
v  1046.3375 0.0000 -1692.8622
v  1046.3375 314.6865 -1662.2555
v  1046.4514 268.7025 -1744.3130
v  1046.5653 268.7025 -1780.1433
v  1041.7147 239.7316 -1707.6652
v  1041.7147 251.6669 -1671.8275
v  1021.5957 0.0000 -1692.8622
v  1021.5957 134.3513 -1692.8622
v  1041.7147 280.6797 -1653.1187
v  1041.7147 335.6852 -1636.2438
v  1041.7147 335.6852 -1556.1774
v  1041.7147 314.5522 -1661.4307
v  1041.8138 268.5683 -1738.8652
v  1041.7147 268.5683 -1707.6652
v  1041.7147 280.5036 -1671.8275
v  1041.7147 311.8843 -1644.5558
v  1041.7147 306.8485 -1556.1774
v  1041.8138 239.7316 -1738.8652
# 748 vertices

vn -0.0000 -1.0000 -0.0000
vn 0.0000 -0.7071 -0.7071
vn 0.0000 -1.0000 -0.0000
vn -0.9597 -0.2811 0.0000
vn -0.9597 -0.2811 -0.0000
vn -0.7071 0.7071 -0.0000
vn -0.7071 0.7071 0.0000
vn 0.1333 -0.9911 -0.0000
vn -0.2719 -0.9149 0.2983
vn -0.7145 -0.5636 0.4145
vn -0.7470 -0.6648 -0.0000
vn -0.9224 -0.3863 0.0000
vn -0.9112 -0.1612 -0.3792
vn -0.9515 0.3076 0.0000
vn -0.8334 0.5216 0.1826
vn -0.3550 0.7915 0.4975
vn -0.4554 0.8903 0.0000
vn 0.3334 -0.6460 -0.6867
vn 0.1167 -0.4283 -0.8961
vn 0.1906 -0.9817 -0.0000
vn 0.0000 0.7071 0.7071
vn 0.0000 1.0000 -0.0000
vn 0.3791 0.9254 -0.0000
vn 0.2258 0.5513 0.8032
vn 0.0000 0.9871 0.1601
vn -0.5745 0.7099 0.4074
vn -0.9193 0.3934 0.0000
vn 0.0078 1.0000 0.0000
vn 0.0078 1.0000 -0.0000
vn -0.7909 -0.4130 -0.4516
vn -0.7909 -0.4130 0.4516
vn -0.7909 0.4130 0.4516
vn -0.7909 0.4130 -0.4516
vn -0.5774 -0.5774 0.5774
vn -0.6630 -0.5558 -0.5016
vn -0.7071 0.0000 -0.7071
vn -0.7071 0.0000 0.7071
vn -0.6203 -0.5200 -0.5872
vn -0.7794 -0.6205 0.0866
vn -0.9938 0.0000 0.1114
vn -0.5119 0.2160 -0.8315
vn -0.5119 0.2160 0.8315
vn -0.5286 -0.2104 0.8224
vn -0.5286 -0.2104 -0.8224
vn -0.7198 0.0000 0.6942
vn -0.7879 -0.4160 -0.4541
vn -0.7879 -0.4160 0.4541
vn -0.7879 0.4160 0.4541
vn -0.7879 0.4160 -0.4541
vn -1.0000 0.0000 0.0000
vn -0.9905 -0.1201 -0.0665
vn -0.7066 -0.0016 -0.7076
vn -0.7063 -0.0027 0.7079
vn -0.5774 0.5774 0.5774
vn -0.5774 0.5774 -0.5774
vn -0.9045 0.3015 0.3015
vn -0.7071 -0.0000 -0.7071
vn -0.8596 -0.4660 -0.2095
vn -0.8596 -0.4660 0.2095
vn -0.8596 0.4660 0.2095
vn -0.8596 0.4660 -0.2095
vn -0.9112 -0.1612 0.3792
vn -0.7166 -0.3001 -0.6296
vn -0.9929 0.0839 0.0839
vn -0.9879 -0.0730 -0.1366
vn -0.0124 -0.0702 0.9975
vn 0.0000 0.0000 1.0000
vn -0.5281 0.2113 -0.8224
vn -0.5286 0.2104 0.8224
vn 0.3760 0.0000 -0.9266
vn 0.0000 0.0000 -1.0000
vn 0.3591 0.0000 -0.9333
vn 0.3309 -0.4749 -0.8155
vn 0.1540 0.7468 0.6469
vn 0.2736 0.9618 -0.0000
vn -0.6540 0.5349 0.5349
vn 0.2736 0.9618 0.0000
vn -0.6091 -0.5414 0.5796
vn -0.1341 -0.4028 0.9054
vn -0.1114 0.0000 0.9938
vn -0.7145 0.5636 0.4145
vn -0.7470 0.6648 -0.0000
vn -0.7470 0.6648 0.0000
vn -0.2614 -0.6881 0.6769
vn -0.2614 -0.6881 -0.6769
vn -0.3981 -0.6259 0.6707
vn -0.3981 -0.6259 -0.6707
vn -0.3981 0.6259 0.6707
vn -0.3981 0.6259 -0.6707
vn -0.1562 -0.8821 0.4444
vn -0.1743 -0.9845 0.0211
vn 0.0000 0.8070 0.5905
vn -0.6484 0.4201 0.6349
vn 0.0000 0.6981 0.7160
vn -0.0001 0.9871 0.1602
vn -0.6376 0.7239 0.2635
vn 0.0000 0.9397 0.3420
vn 0.0000 0.8054 0.5927
vn 0.0000 0.5518 0.8340
vn 0.0000 0.9873 0.1590
vn 0.0000 0.7909 0.6119
vn 0.6382 0.6077 0.4726
vn 0.6723 0.7305 0.1200
vn 0.6376 0.7239 0.2635
vn 0.2998 0.9054 0.3006
vn 0.6484 0.4201 0.6349
vn 0.3015 0.9049 -0.3005
vn 0.7451 0.6582 0.1078
vn 0.8262 0.3933 0.4034
vn -0.5904 0.6566 0.4693
vn 0.5730 0.5943 0.5644
vn 0.6723 0.3018 0.6759
vn 0.5783 0.5772 -0.5766
vn 0.0000 0.4084 0.9128
vn 0.0000 0.8107 0.5855
vn -0.0000 -1.0000 0.0000
vn -0.0000 -0.7071 0.7071
vn 0.0000 -0.7071 0.7071
vn 0.0000 -0.0000 -1.0000
vn -0.7072 0.7071 0.0000
vn -0.7145 -0.5636 -0.4145
vn -0.2719 -0.9149 -0.2983
vn -0.3550 0.7915 -0.4975
vn -0.8334 0.5216 -0.1826
vn 0.3334 -0.6460 0.6867
vn 0.1167 -0.4283 0.8961
vn 0.0000 0.7071 -0.7071
vn 0.2258 0.5513 -0.8032
vn 0.0000 0.9871 -0.1601
vn -0.5745 0.7100 -0.4073
vn -0.5774 -0.5774 -0.5774
vn -0.6629 -0.5559 0.5015
vn -0.6203 -0.5201 0.5871
vn -0.9938 0.0000 -0.1114
vn -0.7793 -0.6206 -0.0866
vn -0.7198 0.0000 -0.6942
vn -0.9905 -0.1201 0.0665
vn -1.0000 0.0000 -0.0000
vn -0.7066 -0.0016 0.7076
vn -0.7063 -0.0027 -0.7079
vn -0.9045 0.3015 -0.3015
vn -0.7071 -0.0000 0.7071
vn -0.7166 -0.3001 0.6296
vn -0.9879 -0.0730 0.1366
vn -0.9929 0.0839 -0.0839
vn -0.0124 -0.0702 -0.9975
vn -0.5286 0.2104 -0.8224
vn -0.5281 0.2113 0.8224
vn 0.3760 0.0000 0.9266
vn -0.0000 0.0000 1.0000
vn 0.3591 0.0000 0.9333
vn 0.3309 -0.4749 0.8155
vn 0.1540 0.7468 -0.6469
vn -0.6540 0.5349 -0.5349
vn 0.2736 0.9619 -0.0000
vn -0.6091 -0.5414 -0.5796
vn -0.1341 -0.4028 -0.9054
vn -0.1114 0.0000 -0.9938
vn -0.7145 0.5636 -0.4145
vn -0.1562 -0.8821 -0.4444
vn -0.1743 -0.9845 -0.0211
vn 0.0000 0.8070 -0.5905
vn 0.0050 0.8047 -0.5936
vn -1.0000 -0.0000 0.0000
vn -0.6484 0.4201 -0.6349
vn 0.0733 0.7077 -0.7027
vn 0.0271 0.9881 -0.1515
vn 0.0461 0.9330 -0.3569
vn -0.6376 0.7239 -0.2635
vn 0.0000 0.7965 -0.6046
vn 0.0809 0.5448 -0.8346
vn 0.0032 1.0000 0.0034
vn 0.6690 0.7332 -0.1219
vn 0.6318 0.6105 -0.4775
vn 0.0000 0.7926 -0.6098
vn 0.0000 0.9872 -0.1592
vn 0.0000 -0.0000 1.0000
vn 0.6646 0.3044 -0.6824
vn 0.0000 0.4086 -0.9127
vn 0.3115 0.8964 -0.3155
vn 0.6682 0.7076 -0.2299
vn 0.7076 0.3980 -0.5839
vn 0.7645 0.6342 -0.1151
vn 0.3129 0.8981 0.3090
vn 0.0000 0.6983 0.7158
vn 0.0000 0.9999 0.0123
vn 0.8617 0.3440 -0.3731
vn 0.5744 0.5950 -0.5621
vn -0.5965 0.6555 -0.4631
vn 0.5783 0.5772 0.5766
vn 0.0000 0.7083 0.7059
vn 0.0000 0.7033 0.7109
vn -0.0000 0.7288 0.6848
vn 0.0000 0.6945 -0.7195
vn 0.0000 0.7272 -0.6864
vn 0.0000 -1.0000 0.0000
vn 0.0000 0.8078 -0.5895
vn 0.0000 0.7068 -0.7074
vn 0.9597 -0.2811 0.0000
vn 0.7071 0.7071 0.0000
vn 0.7071 0.7071 -0.0000
vn 0.9597 -0.2811 -0.0000
vn -0.1333 -0.9911 -0.0000
vn 0.7470 -0.6648 0.0000
vn 0.7145 -0.5636 0.4145
vn 0.2719 -0.9149 0.2983
vn 0.9224 -0.3863 0.0000
vn 0.9112 -0.1612 -0.3792
vn 0.9515 0.3076 -0.0000
vn 0.4554 0.8903 -0.0000
vn 0.3550 0.7915 0.4975
vn 0.8334 0.5216 0.1826
vn -0.3334 -0.6460 -0.6867
vn -0.1906 -0.9817 0.0000
vn -0.1167 -0.4283 -0.8961
vn -0.2258 0.5513 0.8032
vn -0.3791 0.9254 0.0000
vn -0.3791 0.9254 -0.0000
vn 0.5745 0.7099 0.4074
vn -0.0078 1.0000 -0.0000
vn -0.0078 1.0000 0.0000
vn 0.9193 0.3934 -0.0000
vn 0.7909 -0.4130 -0.4516
vn 0.7909 0.4130 -0.4516
vn 0.7909 0.4130 0.4516
vn 0.7909 -0.4130 0.4516
vn 0.5774 -0.5774 0.5774
vn 0.7071 0.0000 0.7071
vn 0.7071 0.0000 -0.7071
vn 0.6630 -0.5558 -0.5016
vn 0.6203 -0.5202 -0.5871
vn 0.9938 0.0000 0.1114
vn 0.7794 -0.6205 0.0866
vn 0.5119 0.2160 -0.8315
vn 0.5286 -0.2104 -0.8224
vn 0.5286 -0.2104 0.8224
vn 0.5119 0.2160 0.8315
vn 0.7198 0.0000 0.6942
vn 0.7879 -0.4160 -0.4541
vn 0.7879 0.4160 -0.4541
vn 0.7879 0.4160 0.4541
vn 0.7879 -0.4160 0.4541
vn 0.9905 -0.1201 -0.0665
vn 1.0000 0.0000 0.0000
vn 0.7066 -0.0016 -0.7076
vn 0.5774 0.5774 -0.5774
vn 0.5774 0.5774 0.5774
vn 0.7063 -0.0027 0.7079
vn 0.9045 0.3015 0.3015
vn 0.7071 -0.0000 -0.7071
vn 0.8596 -0.4660 -0.2095
vn 0.8596 0.4660 -0.2095
vn 0.8596 0.4660 0.2095
vn 0.8596 -0.4660 0.2095
vn 0.9112 -0.1612 0.3792
vn 0.7166 -0.3001 -0.6296
vn 0.9879 -0.0730 -0.1366
vn 0.9929 0.0839 0.0839
vn 0.0124 -0.0702 0.9975
vn 0.5286 0.2104 0.8224
vn 0.5281 0.2113 -0.8224
vn -0.3760 0.0000 -0.9266
vn -0.3591 0.0000 -0.9333
vn -0.3309 -0.4749 -0.8155
vn -0.1540 0.7468 0.6469
vn 0.6540 0.5349 0.5349
vn -0.2736 0.9618 -0.0000
vn -0.2736 0.9618 0.0000
vn 0.6091 -0.5414 0.5796
vn 0.1341 -0.4028 0.9054
vn 0.1114 0.0000 0.9938
vn 0.7470 0.6648 -0.0000
vn 0.7145 0.5636 0.4145
vn 0.7470 0.6648 0.0000
vn 0.2614 -0.6881 -0.6769
vn 0.2614 -0.6881 0.6769
vn 0.3981 -0.6259 -0.6707
vn 0.3981 -0.6259 0.6707
vn 0.3981 0.6259 0.6707
vn 0.3981 0.6259 -0.6707
vn 0.1562 -0.8821 0.4444
vn 0.1743 -0.9845 0.0211
vn -0.0000 0.8070 0.5905
vn 1.0000 -0.0000 -0.0000
vn 1.0000 0.0000 -0.0000
vn 0.0001 0.9871 0.1602
vn -0.0000 1.0000 0.0000
vn -0.6723 0.7305 0.1200
vn -0.6382 0.6077 0.4726
vn -0.2998 0.9054 0.3006
vn -0.7451 0.6582 0.1078
vn -0.3015 0.9049 -0.3005
vn -0.8262 0.3933 0.4034
vn -0.5730 0.5943 0.5644
vn 0.5904 0.6566 0.4693
vn -0.6723 0.3018 0.6759
vn -0.5783 0.5772 -0.5766
vn -0.0000 0.0000 -1.0000
vn 0.2719 -0.9149 -0.2983
vn 0.7145 -0.5636 -0.4145
vn 0.8334 0.5216 -0.1826
vn 0.3550 0.7915 -0.4975
vn -0.3334 -0.6460 0.6867
vn -0.1167 -0.4283 0.8961
vn -0.2258 0.5513 -0.8032
vn 0.5745 0.7099 -0.4074
vn 0.5774 -0.5774 -0.5774
vn 0.6629 -0.5559 0.5015
vn 0.6203 -0.5201 0.5871
vn 0.7793 -0.6206 -0.0866
vn 0.9938 0.0000 -0.1114
vn 0.7198 0.0000 -0.6942
vn 0.9905 -0.1201 0.0665
vn 0.7066 -0.0016 0.7076
vn 0.7063 -0.0027 -0.7079
vn 0.9045 0.3015 -0.3015
vn 0.7071 -0.0000 0.7071
vn 0.7166 -0.3001 0.6296
vn 0.9929 0.0839 -0.0839
vn 0.9879 -0.0730 0.1366
vn 0.0124 -0.0702 -0.9975
vn 0.5281 0.2113 0.8224
vn 0.5286 0.2104 -0.8224
vn -0.3760 0.0000 0.9266
vn -0.3591 0.0000 0.9333
vn -0.3309 -0.4749 0.8155
vn -0.1540 0.7468 -0.6469
vn 0.6540 0.5349 -0.5349
vn 0.6091 -0.5414 -0.5796
vn 0.1341 -0.4028 -0.9054
vn 0.1114 0.0000 -0.9938
vn 0.7145 0.5636 -0.4145
vn 0.1562 -0.8821 -0.4444
vn 0.1743 -0.9845 -0.0211
vn -0.0050 0.8047 -0.5936
vn -0.0000 0.8070 -0.5905
vn 0.6484 0.4201 -0.6349
vn -0.0733 0.7077 -0.7027
vn -0.0271 0.9881 -0.1515
vn 0.6376 0.7239 -0.2635
vn -0.0461 0.9330 -0.3569
vn -0.0809 0.5448 -0.8346
vn -0.0032 1.0000 0.0034
vn -0.6690 0.7332 -0.1219
vn -0.6318 0.6105 -0.4775
vn -0.0000 -0.0000 1.0000
vn -0.6646 0.3044 -0.6824
vn -0.6682 0.7076 -0.2299
vn -0.3115 0.8964 -0.3155
vn -0.7076 0.3980 -0.5839
vn -0.3129 0.8981 0.3090
vn -0.7645 0.6342 -0.1151
vn -0.8617 0.3440 -0.3731
vn 0.5965 0.6555 -0.4631
vn -0.5744 0.5950 -0.5621
vn -0.5783 0.5772 0.5766
# 356 vertex normals

vt 0.9091 0.1487 0.0000
vt 0.9091 0.0055 0.0000
vt 0.9267 0.0055 0.0000
vt 0.9267 0.1487 0.0000
vt 0.9091 0.1811 0.0000
vt 0.9267 0.1811 0.0000
vt 0.1920 0.2269 0.0000
vt 0.1920 0.2558 0.0000
vt 0.1845 0.2558 0.0000
vt 0.1845 0.2269 0.0000
vt 0.2826 0.2269 0.0000
vt 0.2826 0.2558 0.0000
vt 0.2694 0.2491 0.0000
vt 0.2694 0.2269 0.0000
vt 0.2021 0.2269 0.0000
vt 0.2021 0.2558 0.0000
vt 0.1603 0.7889 0.0000
vt 0.1603 0.8115 0.0000
vt 0.1424 0.8069 0.0000
vt 0.1424 0.7889 0.0000
vt 0.9467 0.0055 0.0000
vt 0.9877 0.0275 0.0000
vt 0.9877 0.1522 0.0000
vt 0.9467 0.1487 0.0000
vt 0.9877 0.1811 0.0000
vt 0.9467 0.1811 0.0000
vt 0.1330 0.5380 0.0000
vt 0.1327 0.4991 0.0000
vt 0.1636 0.4987 0.0000
vt 0.1639 0.5377 0.0000
vt 0.1321 0.4604 0.0000
vt 0.1633 0.4596 0.0000
vt 0.1312 0.4197 0.0000
vt 0.1315 0.2954 0.0000
vt 0.1650 0.2955 0.0000
vt 0.1645 0.4203 0.0000
vt 0.4384 0.3544 0.0000
vt 0.4693 0.3582 0.0000
vt 0.4646 0.3969 0.0000
vt 0.4337 0.3931 0.0000
vt 0.3328 0.7015 0.0000
vt 0.3718 0.7015 0.0000
vt 0.3718 0.7503 0.0000
vt 0.3328 0.7503 0.0000
vt 0.9727 0.6462 0.0000
vt 0.9427 0.6453 0.0000
vt 0.9443 0.5965 0.0000
vt 0.9742 0.5975 0.0000
vt 0.4505 0.7801 0.0000
vt 0.4895 0.7806 0.0000
vt 0.4886 0.8298 0.0000
vt 0.4503 0.8294 0.0000
vt 0.3718 0.7990 0.0000
vt 0.3328 0.7990 0.0000
vt 0.9458 0.5478 0.0000
vt 0.9758 0.5488 0.0000
vt 0.4568 0.5872 0.0000
vt 0.4568 0.6178 0.0000
vt 0.4186 0.6178 0.0000
vt 0.4186 0.5872 0.0000
vt 0.3718 0.8478 0.0000
vt 0.3328 0.8478 0.0000
vt 0.9474 0.4991 0.0000
vt 0.9773 0.5000 0.0000
vt 0.3718 0.8965 0.0000
vt 0.3328 0.8965 0.0000
vt 0.9489 0.4504 0.0000
vt 0.9789 0.4513 0.0000
vt 0.0990 0.4688 0.0000
vt 0.0567 0.5861 0.0000
vt 0.0403 0.5802 0.0000
vt 0.0826 0.4629 0.0000
vt 0.4484 0.9577 0.0000
vt 0.4878 0.9269 0.0000
vt 0.4872 0.9756 0.0000
vt 0.4482 0.9752 0.0000
vt 0.3718 0.9453 0.0000
vt 0.3328 0.9453 0.0000
vt 0.9504 0.4016 0.0000
vt 0.9804 0.4026 0.0000
vt 0.5640 0.6775 0.0000
vt 0.6668 0.6805 0.0000
vt 0.6658 0.7132 0.0000
vt 0.5630 0.7102 0.0000
vt 0.2938 0.9453 0.0000
vt 0.3328 0.9850 0.0000
vt 0.2938 0.9850 0.0000
vt 0.3718 0.9850 0.0000
vt 0.9519 0.3562 0.0000
vt 0.9818 0.3570 0.0000
vt 0.8122 0.0351 0.0000
vt 0.8122 0.0660 0.0000
vt 0.7634 0.0660 0.0000
vt 0.7634 0.0351 0.0000
vt 0.8122 0.0860 0.0000
vt 0.7634 0.0860 0.0000
vt 0.7147 0.0660 0.0000
vt 0.7147 0.0351 0.0000
vt 0.7147 0.0860 0.0000
vt 0.6659 0.0660 0.0000
vt 0.6659 0.0351 0.0000
vt 0.6659 0.0860 0.0000
vt 0.6172 0.0660 0.0000
vt 0.6172 0.0351 0.0000
vt 0.6172 0.0860 0.0000
vt 0.5684 0.0660 0.0000
vt 0.5684 0.0351 0.0000
vt 0.5197 0.0660 0.0000
vt 0.5197 0.0351 0.0000
vt 0.4497 0.8772 0.0000
vt 0.4880 0.8776 0.0000
vt 0.6775 0.9379 0.0000
vt 0.6775 0.8892 0.0000
vt 0.6975 0.8892 0.0000
vt 0.6975 0.9379 0.0000
vt 0.6319 0.9379 0.0000
vt 0.6319 0.8892 0.0000
vt 0.6775 0.9867 0.0000
vt 0.6319 0.9867 0.0000
vt 0.6319 0.8404 0.0000
vt 0.6319 0.7604 0.0000
vt 0.6775 0.7512 0.0000
vt 0.6775 0.8404 0.0000
vt 0.6975 0.7512 0.0000
vt 0.6975 0.8404 0.0000
vt 0.1740 0.5376 0.0000
vt 0.1736 0.4987 0.0000
vt 0.1812 0.4986 0.0000
vt 0.1815 0.5359 0.0000
vt 0.1734 0.4597 0.0000
vt 0.1810 0.4597 0.0000
vt 0.1745 0.4204 0.0000
vt 0.1821 0.4205 0.0000
vt 0.1751 0.2956 0.0000
vt 0.1826 0.2956 0.0000
vt 0.9352 0.6450 0.0000
vt 0.9367 0.5963 0.0000
vt 0.9383 0.5476 0.0000
vt 0.9398 0.4988 0.0000
vt 0.9414 0.4501 0.0000
vt 0.9429 0.4014 0.0000
vt 0.1920 0.3805 0.0000
vt 0.1845 0.3805 0.0000
vt 0.1920 0.4195 0.0000
vt 0.1845 0.4195 0.0000
vt 0.1920 0.4585 0.0000
vt 0.1845 0.4585 0.0000
vt 0.9446 0.3485 0.0000
vt 0.9820 0.3494 0.0000
vt 0.8109 0.0279 0.0000
vt 0.7622 0.0279 0.0000
vt 0.7622 0.0204 0.0000
vt 0.8109 0.0204 0.0000
vt 0.7134 0.0279 0.0000
vt 0.7134 0.0204 0.0000
vt 0.6647 0.0279 0.0000
vt 0.6647 0.0204 0.0000
vt 0.6159 0.0279 0.0000
vt 0.6159 0.0204 0.0000
vt 0.5671 0.0279 0.0000
vt 0.5671 0.0204 0.0000
vt 0.5126 0.0279 0.0000
vt 0.5143 0.0204 0.0000
vt 0.2550 0.2491 0.0000
vt 0.2550 0.2269 0.0000
vt 0.2418 0.2269 0.0000
vt 0.2418 0.2558 0.0000
vt 0.3665 0.3836 0.0000
vt 0.3275 0.3836 0.0000
vt 0.3275 0.3734 0.0000
vt 0.3665 0.3734 0.0000
vt 0.5005 0.7320 0.0000
vt 0.4996 0.7807 0.0000
vt 0.4903 0.7318 0.0000
vt 0.4988 0.8295 0.0000
vt 0.4982 0.8782 0.0000
vt 0.4980 0.9270 0.0000
vt 0.4974 0.9757 0.0000
vt 0.4871 0.9858 0.0000
vt 0.4481 0.9853 0.0000
vt 0.4380 0.9750 0.0000
vt 0.4382 0.9575 0.0000
vt 0.4395 0.8775 0.0000
vt 0.4401 0.8288 0.0000
vt 0.4403 0.7801 0.0000
vt 0.4405 0.7313 0.0000
vt 0.4507 0.7314 0.0000
vt 0.2709 0.2638 0.0000
vt 0.2535 0.2638 0.0000
vt 0.4672 0.4077 0.0000
vt 0.4285 0.4030 0.0000
vt 0.4231 0.3967 0.0000
vt 0.4290 0.3483 0.0000
vt 0.4358 0.3435 0.0000
vt 0.4745 0.3483 0.0000
vt 0.4799 0.3545 0.0000
vt 0.4740 0.4029 0.0000
vt 0.4672 0.5834 0.0000
vt 0.4672 0.6217 0.0000
vt 0.4616 0.6278 0.0000
vt 0.4138 0.6278 0.0000
vt 0.4082 0.6217 0.0000
vt 0.4082 0.5834 0.0000
vt 0.4138 0.5772 0.0000
vt 0.4616 0.5772 0.0000
vt 0.5535 0.6617 0.0000
vt 0.6782 0.6654 0.0000
vt 0.6779 0.6727 0.0000
vt 0.5533 0.6691 0.0000
vt 0.6873 0.6776 0.0000
vt 0.6862 0.7173 0.0000
vt 0.6788 0.7171 0.0000
vt 0.6800 0.6774 0.0000
vt 0.6763 0.7290 0.0000
vt 0.5516 0.7253 0.0000
vt 0.5518 0.7180 0.0000
vt 0.6765 0.7217 0.0000
vt 0.5424 0.7131 0.0000
vt 0.5436 0.6734 0.0000
vt 0.5509 0.6736 0.0000
vt 0.5497 0.7133 0.0000
vt 0.2512 0.3853 0.0000
vt 0.2495 0.3926 0.0000
vt 0.2491 0.3853 0.0000
vt 0.2511 0.3780 0.0000
vt 0.1650 0.2666 0.0000
vt 0.1751 0.2666 0.0000
vt 0.2021 0.3805 0.0000
vt 0.2021 0.4195 0.0000
vt 0.2021 0.4585 0.0000
vt 0.9888 0.3643 0.0000
vt 0.9875 0.4041 0.0000
vt 0.9860 0.4528 0.0000
vt 0.9845 0.5015 0.0000
vt 0.9829 0.5503 0.0000
vt 0.9814 0.5990 0.0000
vt 0.9798 0.6477 0.0000
vt 0.2885 0.3836 0.0000
vt 0.2585 0.3836 0.0000
vt 0.2585 0.3763 0.0000
vt 0.2885 0.3763 0.0000
vt 0.1529 0.8221 0.0000
vt 0.1329 0.8221 0.0000
vt 0.1277 0.8069 0.0000
vt 0.2204 0.9425 0.0000
vt 0.1888 0.9221 0.0000
vt 0.1888 0.8145 0.0000
vt 0.2204 0.8177 0.0000
vt 0.1888 0.7889 0.0000
vt 0.2204 0.7889 0.0000
vt 0.1114 0.4198 0.0000
vt 0.1119 0.4607 0.0000
vt 0.1529 0.9143 0.0000
vt 0.1329 0.9143 0.0000
vt 0.7152 0.8892 0.0000
vt 0.7152 0.9379 0.0000
vt 0.6975 0.9867 0.0000
vt 0.1181 0.8221 0.0000
vt 0.1175 0.8069 0.0000
vt 0.1529 0.9482 0.0000
vt 0.1329 0.9482 0.0000
vt 0.1123 0.4991 0.0000
vt 0.2285 0.4412 0.0000
vt 0.5684 0.0859 0.0000
vt 0.1315 0.2666 0.0000
vt 0.1826 0.2666 0.0000
vt 0.1277 0.7889 0.0000
vt 0.0975 0.4609 0.0000
vt 0.0974 0.4198 0.0000
vt 0.7152 0.9867 0.0000
vt 0.7152 0.8404 0.0000
vt 0.5684 0.1007 0.0000
vt 0.3006 0.3681 0.0000
vt 0.1603 0.9037 0.0000
vt 0.1529 0.9858 0.0000
vt 0.1329 0.9858 0.0000
vt 0.1188 0.9482 0.0000
vt 0.1188 0.9143 0.0000
vt 0.6172 0.1008 0.0000
vt 0.7147 0.1008 0.0000
vt 0.7634 0.1008 0.0000
vt 0.1175 0.7889 0.0000
vt 0.1188 0.9858 0.0000
vt 0.0977 0.4991 0.0000
vt 0.0970 0.4991 0.0000
vt 0.6659 0.1008 0.0000
vt 0.7152 0.7512 0.0000
vt 0.1188 0.8221 0.0000
vt 0.9119 0.0055 0.0000
vt 0.9119 0.1487 0.0000
vt 0.9119 0.1811 0.0000
vt 0.7123 0.9867 0.0000
vt 0.7123 0.9379 0.0000
vt 0.7123 0.8892 0.0000
vt 0.7123 0.8404 0.0000
vt 0.8122 0.1008 0.0000
vt 0.7123 0.7512 0.0000
# 297 texture coords

o _unwrap_BEEG_DOOR
g _unwrap_BEEG_DOOR
usemtl wire_107038160
s 1
f 1/1/1 2/2/2 3/3/2 4/4/1 
f 5/5/3 1/1/1 4/4/1 6/6/3 
s 2
f 7/7/4 8/8/5 9/9/6 10/10/7 
s 1
f 11/11/8 12/12/9 13/13/10 14/14/11 
s 8
f 15/15/12 16/16/13 8/8/5 7/7/4 
s 4
f 17/17/14 18/18/15 19/19/16 20/20/17 
s 1
f 21/21/18 22/22/19 12/23/9 23/24/20 
f 23/24/20 12/23/9 11/25/8 24/26/20 
f 25/27/21 26/28/22 27/29/23 28/30/24 
f 26/28/22 29/31/25 30/32/23 27/29/23 
f 31/33/26 32/34/27 33/35/28 34/36/29 
s 2
f 35/37/30 36/38/31 37/39/32 38/40/33 
f 39/41/34 40/42/35 41/43/36 42/44/37 
f 43/45/38 44/46/39 45/47/40 46/48/36 
s 1
f 47/49/41 48/50/42 49/51/43 50/52/44 
s 2
f 42/44/37 41/43/36 51/53/36 52/54/45 
f 46/48/36 45/47/40 53/55/40 54/56/36 
s 1
f 55/57/46 56/58/47 57/59/48 58/60/49 
s 2
f 52/54/45 51/53/36 59/61/36 60/62/45 
f 54/56/36 53/55/40 61/63/40 62/64/36 
f 60/62/45 59/61/36 63/65/36 64/66/37 
f 62/64/36 61/63/40 65/67/40 66/68/36 
s 4
f 12/69/9 22/70/19 67/71/50 68/72/51 
s 1
f 69/73/52 70/74/53 71/75/54 72/76/55 
s 2
f 64/66/37 63/65/36 73/77/36 74/78/56 
f 66/68/36 65/67/40 75/79/40 76/80/57 
s 1
f 77/81/58 78/82/59 79/83/60 80/84/61 
s 2
f 67/85/50 74/78/56 81/86/12 82/87/62 
f 74/78/56 73/77/36 83/88/63 81/86/12 
f 76/80/57 75/79/40 84/89/64 85/90/65 
s 4
f 86/91/66 87/92/67 88/93/67 89/94/67 
f 87/92/67 90/95/67 91/96/67 88/93/67 
f 89/94/67 88/93/67 92/97/67 93/98/67 
f 88/93/67 91/96/67 94/99/67 92/97/67 
f 93/98/67 92/97/67 95/100/67 96/101/67 
f 92/97/67 94/99/67 97/102/67 95/100/67 
f 96/101/67 95/100/67 98/103/67 99/104/67 
f 95/100/67 97/102/67 100/105/67 98/103/67 
f 99/104/67 98/103/67 101/106/67 102/107/67 
f 102/107/67 101/106/67 25/108/21 28/109/24 
s 1
f 70/74/53 69/73/52 103/110/68 104/111/69 
s 8
f 105/112/70 106/113/70 107/114/71 108/115/71 
f 109/116/70 110/117/72 106/113/70 105/112/70 
f 105/112/70 111/118/70 112/119/73 109/116/70 
f 113/120/72 22/121/19 21/122/18 114/123/70 
f 114/123/70 21/122/18 3/124/2 115/125/71 
f 114/123/70 106/113/70 110/117/72 113/120/72 
f 116/126/74 117/127/75 118/128/7 119/129/76 
f 117/127/75 120/130/75 121/131/7 118/128/7 
f 120/130/75 122/132/75 123/133/7 121/131/7 
f 122/132/75 124/134/77 9/135/6 123/133/7 
s 2
f 45/47/40 44/46/39 125/136/78 126/137/37 
f 53/55/40 45/47/40 126/137/37 127/138/37 
f 61/63/40 53/55/40 127/138/37 128/139/37 
f 65/67/40 61/63/40 128/139/37 129/140/37 
f 75/79/40 65/67/40 129/140/37 130/141/37 
f 8/8/5 131/142/4 123/143/7 9/9/6 
f 131/142/4 132/144/4 121/145/7 123/143/7 
f 132/144/4 85/146/65 118/147/7 121/145/7 
f 84/89/64 75/79/40 130/141/37 119/148/76 
f 85/90/65 84/89/64 119/148/76 118/149/7 
s 4
f 133/150/79 134/151/80 126/152/37 125/153/78 
f 134/151/80 135/154/80 127/155/37 126/152/37 
f 135/154/80 136/156/80 128/157/37 127/155/37 
f 136/156/80 137/158/80 129/159/37 128/157/37 
f 137/158/80 138/160/80 130/161/37 129/159/37 
f 138/160/80 116/162/74 119/163/76 130/161/37 
s 2
f 14/14/11 13/13/10 139/164/81 140/165/82 
s 1
f 141/166/83 68/167/51 16/16/13 15/15/12 
f 112/168/73 39/169/34 142/170/84 143/171/85 
s 4
f 39/172/34 42/173/37 48/50/42 142/174/84 
f 52/175/45 60/176/45 104/111/69 49/51/43 
f 64/177/37 74/178/56 71/75/54 70/74/53 
s 16
f 74/179/56 67/180/50 72/76/55 71/75/54 
s 8
f 67/181/50 22/182/19 69/73/52 72/76/55 
f 113/183/72 110/184/72 50/52/44 103/110/68 
f 109/185/70 112/186/73 143/187/85 47/49/41 
f 12/188/9 68/189/51 139/164/81 13/13/10 
s 16
f 68/167/51 141/166/83 140/165/82 139/164/81 
f 48/190/42 47/191/41 38/40/33 37/39/32 
s 8
f 47/192/41 143/193/85 35/37/30 38/40/33 
s 1
f 143/194/85 142/195/84 36/38/31 35/37/30 
s 4
f 142/196/84 48/197/42 37/39/32 36/38/31 
s 2
f 50/198/44 49/199/43 56/58/47 55/57/46 
s 4
f 49/200/43 104/201/69 57/59/48 56/58/47 
s 2
f 104/202/69 103/203/68 58/60/49 57/59/48 
s 8
f 103/204/68 50/205/44 55/57/46 58/60/49 
s 32
f 68/206/51 67/207/50 144/208/86 145/209/87 
s 64
f 67/210/50 82/211/62 146/212/88 144/213/86 
s 4
f 82/214/62 16/215/13 147/216/89 146/217/88 
s 2
f 16/218/13 68/219/51 145/220/87 147/221/89 
s 32
f 145/209/87 144/208/86 78/82/59 77/81/58 
s 1
f 144/213/86 146/212/88 79/83/60 78/82/59 
s 4
f 146/217/88 147/216/89 80/84/61 79/83/60 
s 1
f 147/221/89 145/220/87 77/81/58 80/84/61 
f 148/222/90 86/223/66 133/224/79 125/225/78 
s 4
f 86/91/66 89/94/67 134/151/80 133/150/79 
f 89/94/67 93/98/67 135/154/80 134/151/80 
f 93/98/67 96/101/67 136/156/80 135/154/80 
f 96/101/67 99/104/67 137/158/80 136/156/80 
f 99/104/67 102/107/67 138/160/80 137/158/80 
f 102/107/67 28/109/24 116/162/74 138/160/80 
s 1
f 28/30/24 27/29/23 117/127/75 116/126/74 
f 27/29/23 30/32/23 120/130/75 117/127/75 
f 30/32/23 34/36/29 122/132/75 120/130/75 
f 34/36/29 33/35/28 124/134/77 122/132/75 
f 33/35/28 149/226/29 150/227/75 124/134/77 
s 8
f 16/16/13 82/228/62 131/142/4 8/8/5 
f 82/228/62 81/229/12 132/144/4 131/142/4 
f 81/229/12 83/230/63 85/146/65 132/144/4 
s 4
f 83/231/63 73/232/36 76/80/57 85/90/65 
f 73/232/36 63/233/36 66/68/36 76/80/57 
f 63/233/36 59/234/36 62/64/36 66/68/36 
f 59/234/36 51/235/36 54/56/36 62/64/36 
f 51/235/36 41/236/36 46/48/36 54/56/36 
f 41/236/36 40/237/35 43/45/38 46/48/36 
s 1
f 40/238/35 151/239/91 44/240/39 43/241/38 
f 151/239/91 148/222/90 125/225/78 44/240/39 
s 8
f 18/242/15 152/243/92 153/244/92 19/19/16 
s 4
f 31/245/26 154/246/93 155/247/50 32/248/27 
f 32/248/27 155/247/50 156/249/50 157/250/27 
s 1
f 3/3/2 21/21/18 23/24/20 4/4/1 
f 4/4/1 23/24/20 24/26/20 6/6/3 
f 158/251/94 31/33/26 29/31/25 159/252/95 
s 2
f 152/243/92 18/242/15 160/253/96 161/254/97 
s 8
f 107/114/71 162/255/71 163/256/71 108/115/71 
f 164/257/71 111/118/70 105/112/70 108/115/71 
f 107/114/71 106/113/70 114/123/70 115/125/71 
f 152/243/92 165/258/98 166/259/92 153/244/92 
s 1
f 161/254/97 160/253/96 154/260/93 167/261/99 
f 159/252/95 29/31/25 26/28/22 168/262/22 
f 168/262/22 26/28/22 25/27/21 169/263/21 
s 4
f 169/263/21 25/27/21 101/106/67 170/264/67 
f 170/264/67 101/106/67 98/103/67 100/105/67 
s 1
f 149/226/29 33/35/28 32/34/27 157/265/27 
s 8
f 10/266/7 9/135/6 124/134/77 150/227/75 
s 1
f 20/20/17 19/19/16 153/244/92 171/267/22 
f 172/268/100 173/269/101 174/251/102 175/252/103 
s 8
f 163/256/71 176/270/71 164/257/71 108/115/71 
f 177/271/71 162/255/71 107/114/71 115/125/71 
s 4
f 178/272/67 179/273/21 169/263/21 170/264/67 
s off
f 152/243/92 161/254/97 180/254/104 181/243/105 
f 161/254/97 167/261/99 182/261/106 180/254/104 
f 159/252/95 168/262/22 183/262/107 184/252/108 
s 1
f 31/33/26 34/36/29 30/32/23 29/31/25 
s 4
f 42/173/37 52/175/45 49/51/43 48/50/42 
f 60/176/45 64/177/37 70/74/53 104/111/69 
s 8
f 22/182/19 113/183/72 103/110/68 69/73/52 
f 110/184/72 109/185/70 47/49/41 50/52/44 
s off
f 158/251/94 159/252/95 184/252/108 185/251/109 
s 4
f 181/243/105 180/254/104 186/254/110 187/243/111 
f 180/254/104 182/261/106 188/261/112 186/254/110 
f 185/251/109 184/252/108 175/252/103 174/251/102 
f 184/252/108 183/262/107 189/262/113 175/252/103 
f 154/246/93 160/274/96 18/18/15 155/247/50 
f 155/247/50 18/18/15 17/17/14 156/249/50 
s 1
f 154/260/93 31/275/26 158/276/94 167/261/99 
f 190/277/114 191/278/115 186/254/110 188/261/112 
s off
f 167/261/99 158/276/94 185/276/109 182/261/106 
s 4
f 182/261/106 185/276/109 174/276/102 188/261/112 
s 1
f 192/4/116 193/3/117 194/2/118 195/1/116 
f 6/6/3 192/4/116 195/1/116 5/5/3 
s 4
f 196/105/71 197/264/71 198/272/119 199/279/119 
s 2
f 7/7/4 10/10/7 200/9/120 201/8/4 
s 1
f 11/11/8 14/14/11 202/13/121 203/12/122 
s 8
f 15/15/12 7/7/4 201/8/4 204/16/62 
s 4
f 17/17/14 20/20/17 205/19/123 206/18/124 
s 1
f 207/21/125 208/24/20 203/23/122 209/22/126 
f 208/24/20 24/26/20 11/25/8 203/23/122 
f 210/27/127 211/30/128 212/29/23 213/28/22 
f 213/28/22 212/29/23 214/32/23 215/31/129 
f 216/33/130 217/36/28 218/35/29 219/34/27 
s 2
f 220/37/31 221/40/32 222/39/33 223/38/30 
f 224/41/131 225/44/36 226/43/37 227/42/132 
f 228/45/133 229/48/37 230/47/134 231/46/135 
s 1
f 232/49/42 233/52/43 234/51/44 235/50/41 
s 2
f 225/44/36 236/54/136 237/53/37 226/43/37 
f 229/48/37 238/56/37 239/55/134 230/47/134 
s 1
f 240/57/47 241/60/48 242/59/49 243/58/46 
s 2
f 236/54/136 244/62/136 245/61/37 237/53/37 
f 238/56/37 246/64/37 247/63/134 239/55/134 
f 244/62/136 248/66/36 249/65/37 245/61/37 
f 246/64/37 250/68/37 251/67/134 247/63/134 
s 4
f 203/69/122 252/72/137 253/71/138 209/70/126 
s 1
f 254/73/139 255/76/54 256/75/55 257/74/140 
s 2
f 248/66/36 258/78/141 259/77/37 249/65/37 
f 250/68/37 260/80/142 261/79/134 251/67/134 
s 1
f 262/81/59 263/84/60 264/83/61 265/82/58 
s 2
f 253/85/138 266/87/13 267/86/12 258/78/141 
f 258/78/141 267/86/12 268/88/143 259/77/37 
f 260/80/142 269/90/144 270/89/145 261/79/134 
s 4
f 271/91/146 272/94/71 273/93/71 274/92/71 
f 274/92/71 273/93/71 275/96/71 276/95/71 
f 272/94/71 277/98/71 278/97/71 273/93/71 
f 273/93/71 278/97/71 279/99/71 275/96/71 
f 277/98/71 280/101/71 281/100/71 278/97/71 
f 278/97/71 281/100/71 282/102/71 279/99/71 
f 280/101/71 283/104/71 284/103/71 281/100/71 
f 281/100/71 284/103/71 196/105/71 282/102/71 
f 283/104/71 285/107/71 286/106/71 284/103/71 
f 285/107/71 211/109/128 210/108/127 286/106/71 
s 1
f 257/74/140 287/111/147 288/110/148 254/73/139 
s 8
f 289/112/149 290/115/150 291/114/67 292/113/149 
f 293/116/149 289/112/149 292/113/149 294/117/151 
f 289/112/149 293/116/149 295/119/152 296/118/149 
f 297/120/151 298/123/149 207/122/125 209/121/126 
f 298/123/149 299/125/150 193/124/117 207/122/125 
f 298/123/149 297/120/151 294/117/151 292/113/149 
f 300/126/153 301/129/154 302/128/7 303/127/75 
f 303/127/75 302/128/7 304/131/7 305/130/75 
f 305/130/75 304/131/7 306/133/6 307/132/77 
f 307/132/77 306/133/6 200/135/120 308/134/155 
s 2
f 230/47/134 309/137/36 310/136/156 231/46/135 
f 239/55/134 311/138/36 309/137/36 230/47/134 
f 247/63/134 312/139/36 311/138/36 239/55/134 
f 251/67/134 313/140/36 312/139/36 247/63/134 
f 261/79/134 314/141/36 313/140/36 251/67/134 
f 201/8/4 200/9/120 306/143/6 315/142/5 
f 315/142/5 306/143/6 304/145/7 316/144/4 
f 316/144/4 304/145/7 302/147/7 269/146/144 
f 270/89/145 301/148/154 314/141/36 261/79/134 
f 269/90/144 302/149/7 301/148/154 270/89/145 
s 4
f 317/150/157 310/153/156 309/152/36 318/151/158 
f 318/151/158 309/152/36 311/155/36 319/154/158 
f 319/154/158 311/155/36 312/157/36 320/156/158 
f 320/156/158 312/157/36 313/159/36 321/158/158 
f 321/158/158 313/159/36 314/161/36 322/160/158 
f 322/160/158 314/161/36 301/163/154 300/162/153 
s 2
f 14/14/11 140/165/82 323/164/159 202/13/121 
s 1
f 141/166/83 15/15/12 204/16/62 252/167/137 
f 295/168/152 324/171/84 325/170/85 224/169/131 
s 4
f 224/172/131 325/174/85 235/50/41 225/173/36 
f 236/175/136 234/51/44 287/111/147 244/176/136 
f 248/177/36 257/74/140 256/75/55 258/178/141 
s 16
f 258/179/141 256/75/55 255/76/54 253/180/138 
s 8
f 253/181/138 255/76/54 254/73/139 209/182/126 
f 297/183/151 288/110/148 233/52/43 294/184/151 
f 293/185/149 232/49/42 324/187/84 295/186/152 
f 203/188/122 202/13/121 323/164/159 252/189/137 
s 16
f 252/167/137 323/164/159 140/165/82 141/166/83 
f 235/190/41 222/39/33 221/40/32 232/191/42 
s 8
f 232/192/42 221/40/32 220/37/31 324/193/84 
s 1
f 324/194/84 220/37/31 223/38/30 325/195/85 
s 4
f 325/196/85 223/38/30 222/39/33 235/197/41 
s 2
f 233/198/43 240/57/47 243/58/46 234/199/44 
s 4
f 234/200/44 243/58/46 242/59/49 287/201/147 
s 2
f 287/202/147 242/59/49 241/60/48 288/203/148 
s 8
f 288/204/148 241/60/48 240/57/47 233/205/43 
s 32
f 252/206/137 326/209/86 327/208/87 253/207/138 
s 64
f 253/210/138 327/213/87 328/212/89 266/211/13 
s 4
f 266/214/13 328/217/89 329/216/88 204/215/62 
s 2
f 204/218/62 329/221/88 326/220/86 252/219/137 
s 32
f 326/209/86 262/81/59 265/82/58 327/208/87 
s 1
f 327/213/87 265/82/58 264/83/61 328/212/89 
s 4
f 328/217/89 264/83/61 263/84/60 329/216/88 
s 1
f 329/221/88 263/84/60 262/81/59 326/220/86 
f 330/222/160 310/225/156 317/224/157 271/223/146 
s 4
f 271/91/146 317/150/157 318/151/158 272/94/71 
f 272/94/71 318/151/158 319/154/158 277/98/71 
f 277/98/71 319/154/158 320/156/158 280/101/71 
f 280/101/71 320/156/158 321/158/158 283/104/71 
f 283/104/71 321/158/158 322/160/158 285/107/71 
f 285/107/71 322/160/158 300/162/153 211/109/128 
s 1
f 211/30/128 300/126/153 303/127/75 212/29/23 
f 212/29/23 303/127/75 305/130/75 214/32/23 
f 214/32/23 305/130/75 307/132/77 217/36/28 
f 217/36/28 307/132/77 308/134/155 218/35/29 
f 218/35/29 308/134/155 150/227/75 149/226/29 
s 8
f 204/16/62 201/8/4 315/142/5 266/228/13 
f 266/228/13 315/142/5 316/144/4 267/229/12 
f 267/229/12 316/144/4 269/146/144 268/230/143 
s 4
f 268/231/143 269/90/144 260/80/142 259/232/37 
f 259/232/37 260/80/142 250/68/37 249/233/37 
f 249/233/37 250/68/37 246/64/37 245/234/37 
f 245/234/37 246/64/37 238/56/37 237/235/37 
f 237/235/37 238/56/37 229/48/37 226/236/37 
f 226/236/37 229/48/37 228/45/133 227/237/132 
s 1
f 227/238/132 228/241/133 231/240/135 331/239/161 
f 331/239/161 231/240/135 310/225/156 330/222/160 
s 8
f 206/242/124 205/19/123 332/244/162 333/243/163 
s 4
f 216/245/130 219/248/27 334/247/164 335/246/165 
f 219/248/27 157/250/27 156/249/50 334/247/164 
s 1
f 193/3/117 192/4/116 208/24/20 207/21/125 
f 192/4/116 6/6/3 24/26/20 208/24/20 
f 336/251/166 337/252/167 215/31/129 216/33/130 
s 2
f 333/243/163 338/254/168 339/253/169 206/242/124 
s 4
f 275/96/71 279/99/71 340/280/71 341/281/71 
s 8
f 291/114/67 290/115/150 342/256/67 343/255/67 
f 344/257/67 290/115/150 289/112/149 296/118/149 
f 291/114/67 299/125/150 298/123/149 292/113/149 
f 333/243/163 332/244/162 345/259/162 346/258/170 
s 1
f 338/254/168 347/261/171 335/260/165 339/253/169 
f 337/252/167 348/262/172 213/28/22 215/31/129 
f 348/262/172 349/263/127 210/27/127 213/28/22 
s 4
f 349/263/127 197/264/71 286/106/71 210/27/127 
f 197/264/71 196/105/71 284/103/71 286/106/71 
s 1
f 171/267/22 350/282/22 345/259/162 332/244/162 
f 149/226/29 157/265/27 219/34/27 218/35/29 
s 8
f 10/266/7 150/227/75 308/134/155 200/135/120 
s 1
f 20/20/17 171/267/22 332/244/162 205/19/123 
f 351/252/173 352/251/174 353/269/175 354/268/176 
s 8
f 290/115/150 344/257/67 355/270/177 342/256/67 
f 299/125/150 291/114/67 343/255/67 356/271/177 
s 1
f 352/276/174 357/261/178 358/277/179 353/283/175 
s off
f 333/243/163 359/243/180 360/254/181 338/254/168 
f 338/254/168 360/254/181 361/261/182 347/261/171 
f 337/252/167 362/252/183 363/262/184 348/262/172 
f 348/262/172 363/262/184 364/284/185 365/285/186 
s 1
f 216/33/130 215/31/129 214/32/23 217/36/28 
s 4
f 225/173/36 235/50/41 234/51/44 236/175/136 
f 244/176/136 287/111/147 257/74/140 248/177/36 
s 8
f 209/182/126 254/73/139 288/110/148 297/183/151 
f 294/184/151 233/52/43 232/49/42 293/185/149 
s off
f 336/251/166 366/251/187 362/252/183 337/252/167 
s 4
f 359/243/180 367/243/188 368/254/189 360/254/181 
f 360/254/181 368/254/189 357/261/178 361/261/182 
f 366/251/187 352/251/174 351/252/173 362/252/183 
f 362/252/183 351/252/173 369/262/190 363/262/184 
s 2
f 363/262/184 369/262/190 370/284/191 364/284/185 
s 4
f 335/246/165 334/247/164 206/18/124 339/274/169 
f 334/247/164 156/249/50 17/17/14 206/18/124 
s 1
f 335/260/165 347/261/171 336/276/166 216/275/130 
s off
f 347/261/171 361/261/182 366/276/187 336/276/166 
s 4
f 361/261/182 357/261/178 352/276/174 366/276/187 
f 100/105/67 97/102/67 371/286/67 372/279/67 
s 8
f 177/271/71 115/125/71 3/124/2 2/287/2 
s off
f 152/243/92 181/243/105 373/288/192 165/258/98 
s 1
f 181/243/105 187/243/111 374/288/193 373/288/192 
s 4
f 279/99/71 282/102/71 375/286/71 340/280/71 
s 8
f 194/287/118 193/124/117 299/125/150 356/271/177 
s off
f 359/243/180 333/243/163 346/258/170 376/288/194 
s 1
f 367/243/188 359/243/180 376/288/194 377/288/195 
f 195/1/116 194/2/118 378/289/118 379/290/196 
f 5/5/3 195/1/116 379/290/196 380/291/3 
s 2
f 368/254/189 367/243/188 377/288/195 381/278/197 
s 1
f 369/262/190 351/252/173 354/268/176 370/284/191 
s 8
f 342/256/67 355/270/177 382/292/67 383/293/67 
f 356/271/177 343/255/67 384/294/67 385/295/67 
s 1
f 349/263/127 348/262/172 365/285/186 386/273/127 
s 4
f 197/264/71 349/263/127 386/273/127 198/272/119 
s 1
f 357/261/178 368/254/189 381/278/197 358/277/179 
s 4
f 91/96/67 90/95/67 387/296/67 388/281/67 
f 97/102/67 94/99/67 389/280/67 371/286/67 
s 8
f 177/271/71 2/287/2 390/297/2 391/295/71 
s 4
f 276/95/71 275/96/71 341/281/71 392/296/71 
f 282/102/71 196/105/71 199/279/119 375/286/71 
s 8
f 194/287/118 356/271/177 385/295/67 378/297/118 
s 1
f 390/289/2 2/2/2 1/1/1 393/290/1 
f 393/290/1 1/1/1 5/5/3 380/291/3 
s 2
f 374/288/193 187/243/111 186/254/110 191/278/115 
s 1
f 172/268/100 175/252/103 189/262/113 394/284/198 
s 4
f 178/272/67 170/264/67 100/105/67 372/279/67 
f 389/280/67 94/99/67 91/96/67 388/281/67 
s 8
f 395/293/71 163/256/71 162/255/71 396/294/71 
s 1
f 350/282/22 171/267/22 153/244/92 166/259/92 
s 8
f 397/292/71 176/270/71 163/256/71 395/293/71 
f 396/294/71 162/255/71 177/271/71 391/295/71 
s 1
f 190/277/114 188/261/112 174/276/102 173/283/101 
f 398/285/22 168/262/22 169/263/21 179/273/21 
s off
f 399/284/127 183/262/107 168/262/22 398/285/22 
s 2
f 394/284/198 189/262/113 183/262/107 399/284/127 
s 8
f 384/294/67 343/255/67 342/256/67 383/293/67 
s 1
f 400/1/3 401/4/3 402/3/2 403/2/2 
f 404/5/3 405/6/3 401/4/3 400/1/3 
s 2
f 406/7/199 407/10/200 408/9/201 409/8/202 
s 1
f 410/11/203 411/14/204 412/13/205 413/12/206 
s 8
f 414/15/207 406/7/199 409/8/202 415/16/208 
s 4
f 416/17/209 417/20/210 418/19/211 419/18/212 
s 1
f 420/21/213 421/24/214 413/23/206 422/22/215 
f 421/24/214 423/26/214 410/25/203 413/23/206 
f 424/27/21 425/30/216 426/29/217 427/28/22 
f 427/28/22 426/29/217 428/32/218 429/31/25 
f 430/33/219 431/36/220 432/35/221 433/34/222 
s 2
f 434/37/223 435/40/224 436/39/225 437/38/226 
f 438/41/227 439/44/228 440/43/229 441/42/230 
f 442/45/231 443/48/229 444/47/232 445/46/233 
s 1
f 446/49/234 447/52/235 448/51/236 449/50/237 
s 2
f 439/44/228 450/54/238 451/53/229 440/43/229 
f 443/48/229 452/56/229 453/55/232 444/47/232 
s 1
f 454/57/239 455/60/240 456/59/241 457/58/242 
s 2
f 450/54/238 458/62/238 459/61/229 451/53/229 
f 452/56/229 460/64/229 461/63/232 453/55/232 
f 458/62/238 462/66/228 463/65/229 459/61/229 
f 460/64/229 464/68/229 465/67/232 461/63/232 
s 4
f 413/69/206 466/72/243 467/71/244 422/70/215 
s 1
f 468/73/245 469/76/246 470/75/247 471/74/248 
s 2
f 462/66/228 472/78/249 473/77/229 463/65/229 
f 464/68/229 474/80/250 475/79/232 465/67/232 
s 1
f 476/81/251 477/84/252 478/83/253 479/82/254 
s 2
f 467/85/244 480/87/255 481/86/207 472/78/249 
f 472/78/249 481/86/207 482/88/256 473/77/229 
f 474/80/250 483/90/257 484/89/258 475/79/232 
s 4
f 485/91/259 486/94/67 487/93/67 488/92/67 
f 488/92/67 487/93/67 489/96/67 490/95/67 
f 486/94/67 491/98/67 492/97/67 487/93/67 
f 487/93/67 492/97/67 493/99/67 489/96/67 
f 491/98/67 494/101/67 495/100/67 492/97/67 
f 492/97/67 495/100/67 496/102/67 493/99/67 
f 494/101/67 497/104/67 498/103/67 495/100/67 
f 495/100/67 498/103/67 499/105/67 496/102/67 
f 497/104/67 500/107/67 501/106/67 498/103/67 
f 500/107/67 425/109/216 424/108/21 501/106/67 
s 1
f 471/74/248 502/111/260 503/110/261 468/73/245 
s 8
f 504/112/262 505/115/71 506/114/71 507/113/262 
f 508/116/262 504/112/262 507/113/262 509/117/263 
f 504/112/262 508/116/262 510/119/264 511/118/262 
f 512/120/263 513/123/262 420/122/213 422/121/215 
f 513/123/262 514/125/71 402/124/2 420/122/213 
f 513/123/262 512/120/263 509/117/263 507/113/262 
f 515/126/265 516/129/266 517/128/201 518/127/267 
f 518/127/267 517/128/201 519/131/200 520/130/267 
f 520/130/267 519/131/200 521/133/200 522/132/267 
f 522/132/267 521/133/200 408/135/201 523/134/268 
s 2
f 444/47/232 524/137/228 525/136/269 445/46/233 
f 453/55/232 526/138/228 524/137/228 444/47/232 
f 461/63/232 527/139/228 526/138/228 453/55/232 
f 465/67/232 528/140/228 527/139/228 461/63/232 
f 475/79/232 529/141/228 528/140/228 465/67/232 
f 409/8/202 408/9/201 521/143/200 530/142/199 
f 530/142/199 521/143/200 519/145/200 531/144/199 
f 531/144/199 519/145/200 517/147/201 483/146/257 
f 484/89/258 516/148/266 529/141/228 475/79/232 
f 483/90/257 517/149/201 516/148/266 484/89/258 
s 4
f 532/150/270 525/153/269 524/152/228 533/151/271 
f 533/151/271 524/152/228 526/155/228 534/154/271 
f 534/154/271 526/155/228 527/157/228 535/156/271 
f 535/156/271 527/157/228 528/159/228 536/158/271 
f 536/158/271 528/159/228 529/161/228 537/160/271 
f 537/160/271 529/161/228 516/163/266 515/162/265 
s 2
f 411/14/204 538/165/272 539/164/273 412/13/205 
s 1
f 540/166/274 414/15/207 415/16/208 466/167/243 
f 510/168/264 541/171/275 542/170/276 438/169/227 
s 4
f 438/172/227 542/174/276 449/50/237 439/173/228 
f 450/175/238 448/51/236 502/111/260 458/176/238 
f 462/177/228 471/74/248 470/75/247 472/178/249 
s 16
f 472/179/249 470/75/247 469/76/246 467/180/244 
s 8
f 467/181/244 469/76/246 468/73/245 422/182/215 
f 512/183/263 503/110/261 447/52/235 509/184/263 
f 508/185/262 446/49/234 541/187/275 510/186/264 
f 413/188/206 412/13/205 539/164/273 466/189/243 
s 16
f 466/167/243 539/164/273 538/165/272 540/166/274 
f 449/190/237 436/39/225 435/40/224 446/191/234 
s 8
f 446/192/234 435/40/224 434/37/223 541/193/275 
s 1
f 541/194/275 434/37/223 437/38/226 542/195/276 
s 4
f 542/196/276 437/38/226 436/39/225 449/197/237 
s 2
f 447/198/235 454/57/239 457/58/242 448/199/236 
s 4
f 448/200/236 457/58/242 456/59/241 502/201/260 
s 2
f 502/202/260 456/59/241 455/60/240 503/203/261 
s 8
f 503/204/261 455/60/240 454/57/239 447/205/235 
s 32
f 466/206/243 543/209/277 544/208/278 467/207/244 
s 64
f 467/210/244 544/213/278 545/212/279 480/211/255 
s 4
f 480/214/255 545/217/279 546/216/280 415/215/208 
s 2
f 415/218/208 546/221/280 543/220/277 466/219/243 
s 32
f 543/209/277 476/81/251 479/82/254 544/208/278 
s 1
f 544/213/278 479/82/254 478/83/253 545/212/279 
s 4
f 545/217/279 478/83/253 477/84/252 546/216/280 
s 1
f 546/221/280 477/84/252 476/81/251 543/220/277 
f 547/222/281 525/225/269 532/224/270 485/223/259 
s 4
f 485/91/259 532/150/270 533/151/271 486/94/67 
f 486/94/67 533/151/271 534/154/271 491/98/67 
f 491/98/67 534/154/271 535/156/271 494/101/67 
f 494/101/67 535/156/271 536/158/271 497/104/67 
f 497/104/67 536/158/271 537/160/271 500/107/67 
f 500/107/67 537/160/271 515/162/265 425/109/216 
s 1
f 425/30/216 515/126/265 518/127/267 426/29/217 
f 426/29/217 518/127/267 520/130/267 428/32/218 
f 428/32/218 520/130/267 522/132/267 431/36/220 
f 431/36/220 522/132/267 523/134/268 432/35/221 
f 432/35/221 523/134/268 548/227/267 549/226/220 
s 8
f 415/16/208 409/8/202 530/142/199 480/228/255 
f 480/228/255 530/142/199 531/144/199 481/229/207 
f 481/229/207 531/144/199 483/146/257 482/230/256 
s 4
f 482/231/256 483/90/257 474/80/250 473/232/229 
f 473/232/229 474/80/250 464/68/229 463/233/229 
f 463/233/229 464/68/229 460/64/229 459/234/229 
f 459/234/229 460/64/229 452/56/229 451/235/229 
f 451/235/229 452/56/229 443/48/229 440/236/229 
f 440/236/229 443/48/229 442/45/231 441/237/230 
s 1
f 441/238/230 442/241/231 445/240/233 550/239/282 
f 550/239/282 445/240/233 525/225/269 547/222/281 
s 8
f 419/242/212 418/19/211 551/244/283 552/243/92 
s 4
f 430/245/219 433/248/222 553/247/284 554/246/106 
f 433/248/222 555/250/222 556/249/285 553/247/284 
s 1
f 402/3/2 401/4/3 421/24/214 420/21/213 
f 401/4/3 405/6/3 423/26/214 421/24/214 
f 557/251/94 558/252/286 429/31/25 430/33/219 
s 2
f 552/243/92 559/254/97 560/253/104 419/242/212 
s 8
f 506/114/71 505/115/71 561/256/71 562/255/71 
f 563/257/71 505/115/71 504/112/262 511/118/262 
f 506/114/71 514/125/71 513/123/262 507/113/262 
f 552/243/92 551/244/283 166/259/92 165/258/98 
s 1
f 559/254/97 564/261/99 554/260/106 560/253/104 
f 558/252/286 565/262/22 427/28/22 429/31/25 
f 565/262/22 566/263/21 424/27/21 427/28/22 
s 4
f 566/263/21 567/264/67 501/106/67 424/27/21 
f 567/264/67 499/105/67 498/103/67 501/106/67 
s 1
f 549/226/220 555/265/222 433/34/222 432/35/221 
s 8
f 407/266/200 548/227/267 523/134/268 408/135/201 
s 1
f 417/20/210 568/267/287 551/244/283 418/19/211 
f 569/252/288 570/251/289 173/269/101 172/268/100 
s 8
f 561/256/71 505/115/71 563/257/71 571/270/71 
f 572/271/71 514/125/71 506/114/71 562/255/71 
s 4
f 567/264/67 566/263/21 179/273/21 178/272/67 
s off
f 552/243/92 573/243/290 574/254/96 559/254/97 
f 559/254/97 574/254/96 575/261/93 564/261/99 
f 558/252/286 576/252/291 577/262/292 565/262/22 
s 1
f 430/33/219 429/31/25 428/32/218 431/36/220 
s 4
f 439/173/228 449/50/237 448/51/236 450/175/238 
f 458/176/238 502/111/260 471/74/248 462/177/228 
s 8
f 422/182/215 468/73/245 503/110/261 512/183/263 
f 509/184/263 447/52/235 446/49/234 508/185/262 
s off
f 557/251/94 578/251/293 576/252/291 558/252/286 
s 4
f 573/243/290 579/243/294 580/254/295 574/254/96 
f 574/254/96 580/254/295 581/261/296 575/261/93 
f 578/251/293 570/251/289 569/252/288 576/252/291 
f 576/252/291 569/252/288 582/262/297 577/262/292 
f 554/246/106 553/247/284 419/18/212 560/274/104 
f 553/247/284 556/249/285 416/17/209 419/18/212 
s 1
f 554/260/106 564/261/99 557/276/94 430/275/219 
f 581/261/296 580/254/295 191/278/115 190/277/114 
s off
f 564/261/99 575/261/93 578/276/293 557/276/94 
s 4
f 575/261/93 581/261/296 570/276/289 578/276/293 
s 1
f 583/4/3 584/1/196 585/2/117 586/3/118 
f 405/6/3 404/5/3 584/1/196 583/4/3 
s 4
f 587/105/298 199/279/119 198/272/119 588/264/71 
s 2
f 406/7/199 589/8/199 590/9/200 407/10/200 
s 1
f 410/11/203 591/12/299 592/13/300 411/14/204 
s 8
f 414/15/207 593/16/255 589/8/199 406/7/199 
s 4
f 416/17/209 594/18/301 595/19/302 417/20/210 
s 1
f 596/21/303 597/22/304 591/23/299 598/24/214 
f 598/24/214 591/23/299 410/25/203 423/26/214 
f 599/27/127 600/28/22 601/29/217 602/30/305 
f 600/28/22 603/31/129 604/32/218 601/29/217 
f 605/33/306 606/34/222 607/35/220 608/36/221 
s 2
f 609/37/226 610/38/223 611/39/224 612/40/225 
f 613/41/307 614/42/308 615/43/228 616/44/229 
f 617/45/309 618/46/310 619/47/311 620/48/228 
s 1
f 621/49/237 622/50/234 623/51/235 624/52/236 
s 2
f 616/44/229 615/43/228 625/53/228 626/54/312 
f 620/48/228 619/47/311 627/55/311 628/56/228 
s 1
f 629/57/242 630/58/239 631/59/240 632/60/241 
s 2
f 626/54/312 625/53/228 633/61/228 634/62/312 
f 628/56/228 627/55/311 635/63/311 636/64/228 
f 634/62/312 633/61/228 637/65/228 638/66/229 
f 636/64/228 635/63/311 639/67/311 640/68/228 
s 4
f 591/69/299 597/70/304 641/71/285 642/72/313 
s 1
f 643/73/314 644/74/315 645/75/246 646/76/247 
s 2
f 638/66/229 637/65/228 647/77/228 648/78/316 
f 640/68/228 639/67/311 649/79/311 650/80/317 
s 1
f 651/81/254 652/82/251 653/83/252 654/84/253 
s 2
f 641/85/285 648/78/316 655/86/207 656/87/208 
f 648/78/316 647/77/228 657/88/318 655/86/207 
f 650/80/317 649/79/311 658/89/319 659/90/320 
s 4
f 660/91/321 661/92/71 662/93/71 663/94/71 
f 661/92/71 664/95/298 665/96/298 662/93/71 
f 663/94/71 662/93/71 666/97/71 667/98/71 
f 662/93/71 665/96/298 668/99/298 666/97/71 
f 667/98/71 666/97/71 669/100/71 670/101/71 
f 666/97/71 668/99/298 671/102/298 669/100/71 
f 670/101/71 669/100/71 672/103/71 673/104/71 
f 669/100/71 671/102/298 587/105/298 672/103/71 
f 673/104/71 672/103/71 674/106/71 675/107/71 
f 675/107/71 674/106/71 599/108/127 602/109/305 
s 1
f 644/74/315 643/73/314 676/110/322 677/111/323 
s 8
f 678/112/324 679/113/324 680/114/67 681/115/67 
f 682/116/324 683/117/325 679/113/324 678/112/324 
f 678/112/324 684/118/324 685/119/326 682/116/324 
f 686/120/325 597/121/304 596/122/303 687/123/324 
f 687/123/324 596/122/303 586/124/118 688/125/67 
f 687/123/324 679/113/324 683/117/325 686/120/325 
f 689/126/327 690/127/268 691/128/201 692/129/328 
f 690/127/268 693/130/267 694/131/201 691/128/201 
f 693/130/267 695/132/268 696/133/201 694/131/201 
f 695/132/268 697/134/267 590/135/200 696/133/201 
s 2
f 619/47/311 618/46/310 698/136/329 699/137/229 
f 627/55/311 619/47/311 699/137/229 700/138/229 
f 635/63/311 627/55/311 700/138/229 701/139/229 
f 639/67/311 635/63/311 701/139/229 702/140/229 
f 649/79/311 639/67/311 702/140/229 703/141/229 
f 589/8/199 704/142/202 696/143/201 590/9/200 
f 704/142/202 705/144/202 694/145/201 696/143/201 
f 705/144/202 659/146/320 691/147/201 694/145/201 
f 658/89/319 649/79/311 703/141/229 692/148/328 
f 659/90/320 658/89/319 692/148/328 691/149/201 
s 4
f 706/150/330 707/151/331 699/152/229 698/153/329 
f 707/151/331 708/154/331 700/155/229 699/152/229 
f 708/154/331 709/156/331 701/157/229 700/155/229 
f 709/156/331 710/158/331 702/159/229 701/157/229 
f 710/158/331 711/160/331 703/161/229 702/159/229 
f 711/160/331 689/162/327 692/163/328 703/161/229 
s 2
f 411/14/204 592/13/300 712/164/332 538/165/272 
s 1
f 540/166/274 642/167/313 593/16/255 414/15/207 
f 685/168/326 613/169/307 713/170/275 714/171/276 
s 4
f 613/172/307 616/173/229 622/50/234 713/174/275 
f 626/175/312 634/176/312 677/111/323 623/51/235 
f 638/177/229 648/178/316 645/75/246 644/74/315 
s 16
f 648/179/316 641/180/285 646/76/247 645/75/246 
s 8
f 641/181/285 597/182/304 643/73/314 646/76/247 
f 686/183/325 683/184/325 624/52/236 676/110/322 
f 682/185/324 685/186/326 714/187/276 621/49/237 
f 591/188/299 642/189/313 712/164/332 592/13/300 
s 16
f 642/167/313 540/166/274 538/165/272 712/164/332 
f 622/190/234 621/191/237 612/40/225 611/39/224 
s 8
f 621/192/237 714/193/276 609/37/226 612/40/225 
s 1
f 714/194/276 713/195/275 610/38/223 609/37/226 
s 4
f 713/196/275 622/197/234 611/39/224 610/38/223 
s 2
f 624/198/236 623/199/235 630/58/239 629/57/242 
s 4
f 623/200/235 677/201/323 631/59/240 630/58/239 
s 2
f 677/202/323 676/203/322 632/60/241 631/59/240 
s 8
f 676/204/322 624/205/236 629/57/242 632/60/241 
s 32
f 642/206/313 641/207/285 715/208/277 716/209/278 
s 64
f 641/210/285 656/211/208 717/212/280 715/213/277 
s 4
f 656/214/208 593/215/255 718/216/279 717/217/280 
s 2
f 593/218/255 642/219/313 716/220/278 718/221/279 
s 32
f 716/209/278 715/208/277 652/82/251 651/81/254 
s 1
f 715/213/277 717/212/280 653/83/252 652/82/251 
s 4
f 717/217/280 718/216/279 654/84/253 653/83/252 
s 1
f 718/221/279 716/220/278 651/81/254 654/84/253 
f 719/222/333 660/223/321 706/224/330 698/225/329 
s 4
f 660/91/321 663/94/71 707/151/331 706/150/330 
f 663/94/71 667/98/71 708/154/331 707/151/331 
f 667/98/71 670/101/71 709/156/331 708/154/331 
f 670/101/71 673/104/71 710/158/331 709/156/331 
f 673/104/71 675/107/71 711/160/331 710/158/331 
f 675/107/71 602/109/305 689/162/327 711/160/331 
s 1
f 602/30/305 601/29/217 690/127/268 689/126/327 
f 601/29/217 604/32/218 693/130/267 690/127/268 
f 604/32/218 608/36/221 695/132/268 693/130/267 
f 608/36/221 607/35/220 697/134/267 695/132/268 
f 607/35/220 549/226/220 548/227/267 697/134/267 
s 8
f 593/16/255 656/228/208 704/142/202 589/8/199 
f 656/228/208 655/229/207 705/144/202 704/142/202 
f 655/229/207 657/230/318 659/146/320 705/144/202 
s 4
f 657/231/318 647/232/228 650/80/317 659/90/320 
f 647/232/228 637/233/228 640/68/228 650/80/317 
f 637/233/228 633/234/228 636/64/228 640/68/228 
f 633/234/228 625/235/228 628/56/228 636/64/228 
f 625/235/228 615/236/228 620/48/228 628/56/228 
f 615/236/228 614/237/308 617/45/309 620/48/228 
s 1
f 614/238/308 720/239/334 618/240/310 617/241/309 
f 720/239/334 719/222/333 698/225/329 618/240/310 
s 8
f 594/242/301 721/243/335 722/244/336 595/19/302 
s 4
f 605/245/306 723/246/337 724/247/284 606/248/222 
f 606/248/222 724/247/284 556/249/285 555/250/222 
s 1
f 586/3/118 596/21/303 598/24/214 583/4/3 
f 583/4/3 598/24/214 423/26/214 405/6/3 
f 725/251/338 605/33/306 603/31/129 726/252/339 
s 2
f 721/243/335 594/242/301 727/253/340 728/254/341 
s 4
f 665/96/298 341/281/71 340/280/71 668/99/298 
s 8
f 680/114/67 729/255/67 730/256/150 681/115/67 
f 731/257/67 684/118/324 678/112/324 681/115/67 
f 680/114/67 679/113/324 687/123/324 688/125/67 
f 721/243/335 346/258/170 345/259/162 722/244/336 
s 1
f 728/254/341 727/253/340 723/260/337 732/261/342 
f 726/252/339 603/31/129 600/28/22 733/262/343 
f 733/262/343 600/28/22 599/27/127 734/263/127 
s 4
f 734/263/127 599/27/127 674/106/71 588/264/71 
f 588/264/71 674/106/71 672/103/71 587/105/298 
s 1
f 568/267/287 722/244/336 345/259/162 350/282/22 
f 549/226/220 607/35/220 606/34/222 555/265/222 
s 8
f 407/266/200 590/135/200 697/134/267 548/227/267 
s 1
f 417/20/210 595/19/302 722/244/336 568/267/287 
f 735/252/344 354/268/176 353/269/175 736/251/345 
s 8
f 681/115/67 730/256/150 737/270/177 731/257/67 
f 688/125/67 738/271/346 729/255/67 680/114/67 
s 1
f 736/276/345 353/283/175 358/277/179 739/261/347 
s off
f 721/243/335 728/254/341 740/254/348 741/243/349 
f 728/254/341 732/261/342 742/261/350 740/254/348 
f 726/252/339 733/262/343 743/262/351 744/252/352 
f 733/262/343 365/285/186 364/284/185 743/262/351 
s 1
f 605/33/306 608/36/221 604/32/218 603/31/129 
s 4
f 616/173/229 626/175/312 623/51/235 622/50/234 
f 634/176/312 638/177/229 644/74/315 677/111/323 
s 8
f 597/182/304 686/183/325 676/110/322 643/73/314 
f 683/184/325 682/185/324 621/49/237 624/52/236 
s off
f 725/251/338 726/252/339 744/252/352 745/251/353 
s 4
f 741/243/349 740/254/348 746/254/354 747/243/355 
f 740/254/348 742/261/350 739/261/347 746/254/354 
f 745/251/353 744/252/352 735/252/344 736/251/345 
f 744/252/352 743/262/351 748/262/356 735/252/344 
s 2
f 743/262/351 364/284/185 370/284/191 748/262/356 
s 4
f 723/246/337 727/274/340 594/18/301 724/247/284 
f 724/247/284 594/18/301 416/17/209 556/249/285 
s 1
f 723/260/337 605/275/306 725/276/338 732/261/342 
s off
f 732/261/342 725/276/338 745/276/353 742/261/350 
s 4
f 742/261/350 745/276/353 736/276/345 739/261/347 
f 372/279/67 371/286/67 496/102/67 499/105/67 
s 8
f 572/271/71 403/287/2 402/124/2 514/125/71 
s off
f 165/258/98 373/288/192 573/243/290 552/243/92 
s 1
f 373/288/192 374/288/193 579/243/294 573/243/290 
s 4
f 340/280/71 375/286/71 671/102/298 668/99/298 
s 8
f 585/287/117 738/271/346 688/125/67 586/124/118 
s off
f 376/288/194 346/258/170 721/243/335 741/243/349 
s 1
f 377/288/195 376/288/194 741/243/349 747/243/355 
f 584/1/196 379/290/196 378/289/118 585/2/117 
f 404/5/3 380/291/3 379/290/196 584/1/196 
s 2
f 381/278/197 377/288/195 747/243/355 746/254/354 
s 1
f 370/284/191 354/268/176 735/252/344 748/262/356 
s 8
f 730/256/150 383/293/67 382/292/67 737/270/177 
f 738/271/346 385/295/67 384/294/67 729/255/67 
s 1
f 386/273/127 365/285/186 733/262/343 734/263/127 
s 4
f 198/272/119 386/273/127 734/263/127 588/264/71 
s 1
f 358/277/179 381/278/197 746/254/354 739/261/347 
s 4
f 388/281/67 387/296/67 490/95/67 489/96/67 
f 371/286/67 389/280/67 493/99/67 496/102/67 
s 8
f 572/271/71 391/295/71 390/297/2 403/287/2 
s 4
f 392/296/71 341/281/71 665/96/298 664/95/298 
f 375/286/71 199/279/119 587/105/298 671/102/298 
s 8
f 585/287/117 378/297/118 385/295/67 738/271/346 
s 1
f 390/289/2 393/290/1 400/1/3 403/2/2 
f 393/290/1 380/291/3 404/5/3 400/1/3 
s 2
f 374/288/193 191/278/115 580/254/295 579/243/294 
s 1
f 172/268/100 394/284/198 582/262/297 569/252/288 
s 4
f 178/272/67 372/279/67 499/105/67 567/264/67 
f 389/280/67 388/281/67 489/96/67 493/99/67 
s 8
f 395/293/71 396/294/71 562/255/71 561/256/71 
s 1
f 350/282/22 166/259/92 551/244/283 568/267/287 
s 8
f 397/292/71 395/293/71 561/256/71 571/270/71 
f 396/294/71 391/295/71 572/271/71 562/255/71 
s 1
f 190/277/114 173/283/101 570/276/289 581/261/296 
f 398/285/22 179/273/21 566/263/21 565/262/22 
s off
f 399/284/127 398/285/22 565/262/22 577/262/292 
s 2
f 394/284/198 399/284/127 577/262/292 582/262/297 
s 8
f 384/294/67 383/293/67 730/256/150 729/255/67 
# 724 polygons

#
# object COG_R
#

v  994.5573 314.6865 -1393.3530
v  994.5573 321.9255 -1400.5920
v  994.5573 317.3361 -1403.2417
v  994.5573 324.5751 -1396.0027
v  994.5573 324.5751 -1390.7034
v  994.5573 321.9254 -1386.1140
v  994.5573 317.3361 -1383.4644
v  994.5573 312.0368 -1383.4644
v  994.5573 307.4475 -1386.1140
v  994.5573 304.7978 -1390.7034
v  994.5573 304.7978 -1396.0027
v  994.5573 307.4475 -1400.5920
v  994.5573 312.0368 -1403.2417
v  1004.6187 337.4121 -1416.0786
v  1004.6187 343.0935 -1421.7600
v  1004.6187 325.0842 -1432.1577
v  1004.6187 323.0046 -1424.3967
v  1004.6187 345.7302 -1401.6711
v  1004.6187 353.4912 -1403.7506
v  1004.6187 345.7302 -1385.0348
v  1004.6187 353.4911 -1382.9553
v  1004.6187 337.4120 -1370.6274
v  1004.6187 343.0934 -1364.9459
v  1004.6187 323.0046 -1362.3093
v  1004.6187 325.0841 -1354.5483
v  1004.6187 306.3683 -1362.3093
v  1004.6187 304.2887 -1354.5483
v  1004.6187 291.9608 -1370.6274
v  1004.6187 286.2794 -1364.9460
v  1004.6187 283.6427 -1385.0349
v  1004.6187 275.8818 -1382.9553
v  1004.6187 283.6427 -1401.6711
v  1004.6187 275.8818 -1403.7507
v  1004.6187 291.9609 -1416.0786
v  1004.6187 286.2795 -1421.7600
v  1004.6187 306.3683 -1424.3967
v  1004.6187 304.2888 -1432.1577
v  1001.0377 327.1638 -1439.9186
v  1001.0377 348.7749 -1427.4414
v  1001.0377 352.6103 -1431.2767
v  1001.0377 328.5676 -1445.1578
v  1001.0377 361.2521 -1405.8302
v  1001.0377 366.4913 -1407.2340
v  1001.0377 361.2521 -1380.8757
v  1001.0377 366.4913 -1379.4719
v  1001.0377 348.7748 -1359.2645
v  1001.0377 352.6102 -1355.4292
v  1001.0377 327.1636 -1346.7874
v  1001.0377 328.5674 -1341.5482
v  1001.0377 302.2092 -1346.7874
v  1001.0377 300.8053 -1341.5482
v  1001.0377 280.5980 -1359.2646
v  1001.0377 276.7627 -1355.4293
v  1001.0377 268.1208 -1380.8759
v  1001.0377 262.8816 -1379.4720
v  1001.0377 268.1208 -1405.8303
v  1001.0377 262.8817 -1407.2341
v  1001.0377 280.5981 -1427.4414
v  1001.0377 276.7627 -1431.2769
v  1001.0377 302.2093 -1439.9187
v  1001.0377 300.8055 -1445.1578
v  1007.1230 352.6103 -1431.2767
v  1007.1229 328.5676 -1445.1578
v  1007.1230 366.4913 -1407.2340
v  1007.1230 366.4913 -1379.4719
v  1007.1230 352.6102 -1355.4292
v  1007.1230 328.5674 -1341.5482
v  1007.1230 300.8053 -1341.5482
v  1007.1229 276.7627 -1355.4293
v  1007.1229 262.8816 -1379.4720
v  1007.1229 262.8817 -1407.2341
v  1007.1229 276.7627 -1431.2769
v  1007.1229 300.8054 -1445.1578
v  1010.2328 338.3222 -1459.0547
v  1010.2328 359.7681 -1446.6730
v  1028.1687 359.7681 -1446.6730
v  1028.1687 338.3222 -1459.0547
v  1008.7578 368.4961 -1378.9347
v  1008.7578 354.0778 -1353.9615
v  1029.6438 354.0778 -1353.9615
v  1029.6438 368.4961 -1378.9347
v  1010.2328 359.7679 -1340.0330
v  1010.2328 338.3221 -1327.6512
v  1028.1687 338.3221 -1327.6512
v  1028.1687 359.7679 -1340.0330
v  1010.2328 291.0507 -1327.6514
v  1010.2328 269.6049 -1340.0331
v  1028.1687 269.6049 -1340.0331
v  1028.1687 291.0507 -1327.6514
v  1008.7578 275.2950 -1353.9617
v  1008.7578 260.8768 -1378.9348
v  1029.6438 260.8768 -1378.9348
v  1029.6438 275.2950 -1353.9617
v  1008.7578 260.8768 -1407.7714
v  1008.7578 275.2951 -1432.7445
v  1029.6437 275.2951 -1432.7445
v  1029.6437 260.8768 -1407.7714
v  1010.2328 269.6049 -1446.6731
v  1010.2328 291.0508 -1459.0548
v  1028.1687 291.0508 -1459.0548
v  1028.1687 269.6049 -1446.6731
v  1008.7578 354.0779 -1432.7444
v  1008.7578 329.1048 -1447.1627
v  1008.7578 368.4962 -1407.7712
v  1008.7578 329.1046 -1339.5433
v  1008.7578 300.2681 -1339.5433
v  1008.7578 300.2682 -1447.1627
v  1029.6438 354.0779 -1432.7444
v  1010.2328 383.4037 -1380.9712
v  1010.2328 383.4037 -1405.7347
v  1010.2328 245.9693 -1405.7349
v  1010.2328 245.9692 -1380.9713
v  1001.0377 320.9251 -1416.6359
v  1001.0377 331.7307 -1410.3972
v  1004.6187 331.7307 -1410.3972
v  1004.6187 320.9251 -1416.6359
v  1001.0377 337.9693 -1399.5916
v  1004.6187 337.9693 -1399.5916
v  1001.0377 337.9693 -1387.1144
v  1004.6187 337.9693 -1387.1144
v  1001.0377 331.7307 -1376.3088
v  1004.6187 331.7307 -1376.3088
v  1001.0377 320.9250 -1370.0702
v  1004.6187 320.9250 -1370.0702
v  1001.0377 308.4478 -1370.0702
v  1004.6187 308.4478 -1370.0702
v  1001.0377 297.6422 -1376.3088
v  1004.6187 297.6422 -1376.3088
v  1001.0377 291.4036 -1387.1145
v  1004.6187 291.4037 -1387.1145
v  1001.0377 291.4037 -1399.5917
v  1004.6187 291.4037 -1399.5917
v  1001.0377 297.6423 -1410.3972
v  1004.6187 297.6423 -1410.3972
v  1001.0377 308.4479 -1416.6359
v  1004.6187 308.4479 -1416.6359
v  1004.6187 327.1638 -1439.9186
v  1004.6187 348.7749 -1427.4414
v  1004.6187 302.2093 -1439.9187
v  1004.6187 280.5981 -1427.4414
v  1004.6187 268.1208 -1405.8303
v  1004.6187 268.1208 -1380.8759
v  1004.6187 280.5980 -1359.2646
v  1004.6187 302.2092 -1346.7874
v  1004.6187 327.1636 -1346.7874
v  1004.6187 348.7748 -1359.2645
v  1004.6187 361.2521 -1380.8757
v  1004.6187 361.2521 -1405.8302
v  1001.0377 317.3361 -1403.2417
v  1001.0377 321.9255 -1400.5920
v  1001.0377 312.0368 -1403.2417
v  1001.0377 307.4475 -1400.5920
v  1001.0377 304.7978 -1396.0027
v  1001.0377 304.7978 -1390.7034
v  1001.0377 307.4474 -1386.1140
v  1001.0377 312.0368 -1383.4644
v  1001.0377 317.3361 -1383.4644
v  1001.0377 321.9254 -1386.1140
v  1001.0377 324.5751 -1390.7034
v  1001.0377 324.5751 -1396.0027
v  1029.6438 329.1048 -1447.1627
v  1029.6438 300.2681 -1339.5433
v  1028.1687 245.9692 -1380.9713
v  1043.8442 314.6865 -1393.3530
v  1043.8442 317.3361 -1403.2417
v  1043.8442 321.9254 -1400.5920
v  1043.8442 324.5751 -1396.0027
v  1043.8442 324.5751 -1390.7034
v  1043.8442 321.9254 -1386.1140
v  1043.8442 317.3361 -1383.4644
v  1043.8442 312.0368 -1383.4644
v  1043.8442 307.4474 -1386.1140
v  1043.8442 304.7978 -1390.7034
v  1043.8442 304.7978 -1396.0027
v  1043.8442 307.4475 -1400.5920
v  1043.8442 312.0368 -1403.2417
v  1033.7828 337.4121 -1416.0786
v  1033.7828 323.0046 -1424.3967
v  1033.7828 325.0842 -1432.1577
v  1033.7828 343.0935 -1421.7600
v  1033.7828 345.7302 -1401.6711
v  1033.7828 353.4911 -1403.7506
v  1033.7828 345.7302 -1385.0348
v  1033.7828 353.4911 -1382.9553
v  1033.7828 337.4120 -1370.6274
v  1033.7828 343.0934 -1364.9459
v  1033.7828 323.0046 -1362.3093
v  1033.7828 325.0841 -1354.5483
v  1033.7828 306.3683 -1362.3093
v  1033.7828 304.2887 -1354.5483
v  1033.7828 291.9608 -1370.6274
v  1033.7828 286.2794 -1364.9460
v  1033.7828 283.6427 -1385.0349
v  1033.7828 275.8818 -1382.9554
v  1033.7828 283.6427 -1401.6713
v  1033.7828 275.8818 -1403.7507
v  1033.7828 291.9609 -1416.0786
v  1033.7828 286.2795 -1421.7600
v  1033.7828 306.3683 -1424.3967
v  1033.7828 304.2888 -1432.1577
v  1037.3639 327.1638 -1439.9187
v  1037.3639 328.5676 -1445.1578
v  1037.3639 352.6103 -1431.2767
v  1037.3639 348.7749 -1427.4414
v  1037.3639 366.4913 -1407.2340
v  1037.3639 361.2521 -1405.8302
v  1037.3639 366.4913 -1379.4719
v  1037.3639 361.2521 -1380.8757
v  1037.3639 352.6102 -1355.4292
v  1037.3639 348.7748 -1359.2645
v  1037.3639 328.5674 -1341.5482
v  1037.3639 327.1636 -1346.7874
v  1037.3639 300.8053 -1341.5482
v  1037.3639 302.2092 -1346.7875
v  1037.3639 276.7627 -1355.4293
v  1037.3639 280.5980 -1359.2646
v  1037.3639 262.8816 -1379.4720
v  1037.3639 268.1208 -1380.8759
v  1037.3639 262.8817 -1407.2341
v  1037.3639 268.1208 -1405.8303
v  1037.3639 276.7627 -1431.2769
v  1037.3639 280.5981 -1427.4414
v  1037.3639 300.8054 -1445.1578
v  1037.3639 302.2093 -1439.9187
v  1031.2786 328.5676 -1445.1578
v  1031.2786 352.6103 -1431.2767
v  1031.2786 366.4913 -1407.2340
v  1031.2786 366.4913 -1379.4719
v  1031.2786 352.6102 -1355.4292
v  1031.2786 328.5674 -1341.5482
v  1031.2786 300.8053 -1341.5482
v  1031.2786 276.7627 -1355.4293
v  1031.2786 262.8816 -1379.4720
v  1031.2786 262.8817 -1407.2341
v  1031.2786 276.7627 -1431.2769
v  1031.2786 300.8054 -1445.1578
v  1029.6438 368.4962 -1407.7712
v  1028.1687 383.4037 -1405.7347
v  1028.1687 383.4037 -1380.9712
v  1029.6438 329.1046 -1339.5433
v  1028.1687 245.9693 -1405.7349
v  1029.6438 300.2682 -1447.1627
v  1037.3639 320.9251 -1416.6359
v  1033.7828 320.9251 -1416.6359
v  1033.7828 331.7307 -1410.3972
v  1037.3639 331.7307 -1410.3972
v  1033.7828 337.9693 -1399.5916
v  1037.3639 337.9693 -1399.5916
v  1033.7828 337.9693 -1387.1144
v  1037.3639 337.9693 -1387.1144
v  1033.7828 331.7306 -1376.3088
v  1037.3639 331.7306 -1376.3088
v  1033.7828 320.9250 -1370.0702
v  1037.3639 320.9250 -1370.0702
v  1033.7828 308.4478 -1370.0702
v  1037.3639 308.4478 -1370.0702
v  1033.7828 297.6422 -1376.3088
v  1037.3639 297.6422 -1376.3088
v  1033.7828 291.4036 -1387.1145
v  1037.3639 291.4036 -1387.1145
v  1033.7828 291.4037 -1399.5917
v  1037.3639 291.4037 -1399.5917
v  1033.7828 297.6423 -1410.3972
v  1037.3639 297.6423 -1410.3972
v  1033.7828 308.4479 -1416.6359
v  1037.3639 308.4479 -1416.6359
v  1033.7828 348.7749 -1427.4414
v  1033.7828 327.1638 -1439.9187
v  1033.7828 302.2093 -1439.9187
v  1033.7828 280.5981 -1427.4414
v  1033.7828 268.1208 -1405.8303
v  1033.7828 268.1208 -1380.8759
v  1033.7828 280.5980 -1359.2646
v  1033.7828 302.2092 -1346.7874
v  1033.7828 327.1636 -1346.7874
v  1033.7828 348.7748 -1359.2645
v  1033.7828 361.2521 -1380.8757
v  1033.7828 361.2521 -1405.8302
v  1037.3639 321.9254 -1400.5920
v  1037.3639 317.3361 -1403.2417
v  1037.3639 312.0368 -1403.2417
v  1037.3639 307.4475 -1400.5920
v  1037.3639 304.7978 -1396.0027
v  1037.3639 304.7978 -1390.7034
v  1037.3639 307.4474 -1386.1140
v  1037.3639 312.0368 -1383.4644
v  1037.3639 317.3361 -1383.4644
v  1037.3639 321.9254 -1386.1140
v  1037.3639 324.5751 -1390.7034
v  1037.3639 324.5751 -1396.0027
# 290 vertices

vn -1.0000 0.0000 0.0000
vn -0.6532 0.5354 -0.5354
vn -0.6532 0.1960 -0.7314
vn -0.6532 0.7314 -0.1960
vn -0.6532 0.7314 0.1960
vn -0.6532 0.5354 0.5354
vn -0.6532 0.1960 0.7314
vn -0.6532 -0.1960 0.7314
vn -0.6532 -0.5354 0.5354
vn -0.6532 -0.7314 0.1960
vn -0.6532 -0.7314 -0.1960
vn -0.6532 -0.5354 -0.5354
vn -0.6532 -0.1960 -0.7314
vn -0.7703 -0.1650 0.6160
vn -0.7703 -0.4509 0.4509
vn -0.6533 0.5354 -0.5354
vn -0.7703 -0.6160 0.1651
vn -0.6533 0.7313 -0.1960
vn -0.7702 -0.6160 -0.1651
vn -0.7703 -0.4509 -0.4509
vn -0.6533 0.5353 0.5353
vn -0.7702 -0.1650 -0.6160
vn -0.7703 0.1651 -0.6160
vn -0.7702 0.4510 -0.4510
vn -0.6533 -0.5354 0.5354
vn -0.7703 0.6160 -0.1650
vn -0.6533 -0.7313 0.1959
vn -0.7703 0.6160 0.1651
vn -0.7703 0.4509 0.4509
vn -0.7703 0.1651 0.6160
vn -0.5608 0.5854 -0.5854
vn -0.5609 0.2143 -0.7997
vn -0.5609 0.7997 -0.2143
vn -0.5609 0.7997 0.2142
vn -0.5609 0.5854 0.5854
vn -0.5609 0.2143 0.7997
vn -0.5608 -0.2143 0.7997
vn -0.5609 -0.5854 0.5854
vn -0.5609 -0.7997 0.2143
vn -0.5608 -0.7997 -0.2143
vn -0.5609 -0.5854 -0.5854
vn -0.5609 -0.2143 -0.7997
vn -0.5630 -0.1493 -0.8129
vn -0.5630 0.7786 -0.2771
vn 0.5630 0.7786 -0.2771
vn 0.5630 -0.1493 -0.8129
vn -0.7017 0.5261 0.4804
vn -0.7017 0.6791 0.2155
vn 0.7017 0.6791 0.2155
vn 0.7017 0.5261 0.4804
vn -0.5630 0.7786 0.2771
vn -0.5630 -0.1494 0.8128
vn 0.5630 -0.1494 0.8128
vn 0.5630 0.7786 0.2771
vn -0.5630 0.1493 0.8129
vn -0.5630 -0.7786 0.2771
vn 0.5630 -0.7786 0.2771
vn 0.5630 0.1493 0.8129
vn -0.7017 -0.6791 0.2155
vn -0.7017 -0.5262 0.4804
vn 0.7017 -0.5262 0.4804
vn 0.7017 -0.6791 0.2155
vn -0.7017 -0.5262 -0.4804
vn -0.7017 -0.6791 -0.2155
vn 0.7017 -0.6791 -0.2155
vn 0.7017 -0.5262 -0.4804
vn -0.5630 -0.7786 -0.2771
vn -0.5630 0.1493 -0.8129
vn 0.5630 0.1493 -0.8129
vn 0.5630 -0.7786 -0.2771
vn -0.7017 0.6791 -0.2155
vn -0.7017 -0.1530 -0.6959
vn -0.7017 0.5262 -0.4804
vn -0.7017 -0.1530 0.6959
vn -0.7017 0.1530 0.6959
vn -0.7017 0.1530 -0.6959
vn 0.7017 0.6791 -0.2155
vn -0.5630 0.6293 0.5358
vn -0.5630 0.6293 -0.5358
vn -0.5630 -0.6293 -0.5358
vn -0.5630 -0.6293 0.5358
vn -0.6532 0.1959 -0.7314
vn -0.7703 0.4509 -0.4510
vn -0.7703 0.1650 -0.6159
vn -0.7702 0.6160 -0.1651
vn -0.7703 0.6160 0.1650
vn -0.6533 0.5354 0.5354
vn -0.7702 0.4510 0.4510
vn -0.6533 -0.1960 0.7313
vn -0.7702 -0.1650 0.6160
vn -0.6532 -0.7314 0.1959
vn -0.6533 -0.7313 -0.1960
vn -0.7702 -0.6160 -0.1650
vn -0.6533 -0.1960 -0.7313
vn -0.6531 -0.1960 0.7314
vn -0.6533 0.1960 0.7313
vn -0.6533 -0.7313 -0.1959
vn -0.7703 -0.1650 -0.6160
vn -0.7703 -0.4509 -0.4510
vn -0.7703 -0.1651 0.6160
vn -0.7703 0.1650 0.6160
vn 0.7017 -0.1530 -0.6959
vn 0.7017 0.1530 0.6959
vn 0.5630 -0.6293 0.5358
vn 1.0000 -0.0000 -0.0000
vn 0.6532 0.1960 -0.7314
vn 0.6532 0.5354 -0.5354
vn 0.6532 0.7314 -0.1960
vn 0.6532 0.7314 0.1960
vn 0.6532 0.5354 0.5354
vn 0.6532 0.1960 0.7314
vn 0.6532 -0.1960 0.7314
vn 0.6532 -0.5354 0.5354
vn 0.6532 -0.7314 0.1960
vn 0.6532 -0.7314 -0.1960
vn 0.6532 -0.5354 -0.5354
vn 0.6532 -0.1960 -0.7314
vn 0.7703 -0.1650 0.6159
vn 0.6533 0.5354 -0.5354
vn 0.7703 -0.4509 0.4509
vn 0.6533 0.7313 -0.1960
vn 0.7703 -0.6160 0.1651
vn 0.7702 -0.6160 -0.1651
vn 0.6533 0.5353 0.5353
vn 0.7703 -0.4509 -0.4509
vn 0.7702 -0.1650 -0.6160
vn 0.7703 0.1651 -0.6160
vn 0.6533 -0.5354 0.5354
vn 0.7702 0.4510 -0.4510
vn 0.6533 -0.7313 0.1959
vn 0.7703 0.6160 -0.1650
vn 0.7703 0.6160 0.1651
vn 0.7703 0.4509 0.4509
vn 0.7703 0.1651 0.6160
vn 0.5609 0.2143 -0.7997
vn 0.5608 0.5854 -0.5854
vn 0.5609 0.7997 -0.2143
vn 0.5609 0.7997 0.2142
vn 0.5609 0.5854 0.5854
vn 0.5609 0.2143 0.7997
vn 0.5608 -0.2143 0.7997
vn 0.5609 -0.5854 0.5854
vn 0.5608 -0.7997 0.2143
vn 0.5608 -0.7997 -0.2143
vn 0.5609 -0.5854 -0.5854
vn 0.5609 -0.2143 -0.7997
vn 0.7017 0.5262 -0.4804
vn 0.5630 0.6293 -0.5358
vn 0.5630 0.6293 0.5358
vn 0.7017 -0.1530 0.6959
vn 0.5630 -0.6293 -0.5358
vn 0.7017 0.1530 -0.6959
vn 0.6533 0.1960 -0.7313
vn 0.7703 0.1650 -0.6159
vn 0.7703 0.4509 -0.4510
vn 0.7703 0.6160 0.1650
vn 0.7702 0.4510 0.4510
vn 0.6533 0.5354 0.5354
vn 0.7702 -0.1650 0.6160
vn 0.6533 -0.1960 0.7313
vn 0.6532 -0.7314 0.1959
vn 0.7702 -0.6160 -0.1650
vn 0.6533 -0.7313 -0.1960
vn 0.7703 -0.1651 -0.6160
vn 0.6533 -0.1960 -0.7313
vn 0.6533 0.1960 0.7313
vn 0.6533 -0.7313 -0.1959
vn 0.7703 -0.1650 -0.6160
vn 0.7703 -0.4509 -0.4510
vn 0.7703 -0.1651 0.6160
vn 0.7703 0.1650 0.6160
# 171 vertex normals

vt 0.7643 0.2240 0.0000
vt 0.7072 0.2641 0.0000
vt 0.6948 0.2301 0.0000
vt 0.7348 0.2873 0.0000
vt 0.7704 0.2936 0.0000
vt 0.8044 0.2812 0.0000
vt 0.8276 0.2536 0.0000
vt 0.8339 0.2180 0.0000
vt 0.8215 0.1840 0.0000
vt 0.7939 0.1608 0.0000
vt 0.7583 0.1545 0.0000
vt 0.7243 0.1669 0.0000
vt 0.7011 0.1945 0.0000
vt 0.6881 0.2774 0.0000
vt 0.6690 0.2908 0.0000
vt 0.6485 0.2342 0.0000
vt 0.6716 0.2321 0.0000
vt 0.7250 0.3084 0.0000
vt 0.7152 0.3295 0.0000
vt 0.7724 0.3168 0.0000
vt 0.7745 0.3399 0.0000
vt 0.8177 0.3003 0.0000
vt 0.8310 0.3194 0.0000
vt 0.8487 0.2634 0.0000
vt 0.8698 0.2732 0.0000
vt 0.8571 0.2160 0.0000
vt 0.8802 0.2139 0.0000
vt 0.8406 0.1707 0.0000
vt 0.8596 0.1573 0.0000
vt 0.8037 0.1397 0.0000
vt 0.8135 0.1186 0.0000
vt 0.7562 0.1313 0.0000
vt 0.7542 0.1082 0.0000
vt 0.7110 0.1478 0.0000
vt 0.6976 0.1287 0.0000
vt 0.6800 0.1847 0.0000
vt 0.6589 0.1749 0.0000
vt 0.6253 0.2362 0.0000
vt 0.6500 0.3041 0.0000
vt 0.5928 0.3441 0.0000
vt 0.5557 0.2423 0.0000
vt 0.7053 0.3506 0.0000
vt 0.6758 0.4138 0.0000
vt 0.7765 0.3631 0.0000
vt 0.7826 0.4327 0.0000
vt 0.8444 0.3384 0.0000
vt 0.8844 0.3956 0.0000
vt 0.8908 0.2831 0.0000
vt 0.9541 0.3126 0.0000
vt 0.9034 0.2119 0.0000
vt 0.9729 0.2058 0.0000
vt 0.8787 0.1440 0.0000
vt 0.9359 0.1040 0.0000
vt 0.8234 0.0975 0.0000
vt 0.8529 0.0343 0.0000
vt 0.7522 0.0850 0.0000
vt 0.7461 0.0154 0.0000
vt 0.6843 0.1097 0.0000
vt 0.6443 0.0525 0.0000
vt 0.6378 0.1650 0.0000
vt 0.5746 0.1355 0.0000
vt 0.5781 0.3495 0.0000
vt 0.5410 0.2476 0.0000
vt 0.6657 0.4258 0.0000
vt 0.5827 0.3561 0.0000
vt 0.7798 0.4481 0.0000
vt 0.6731 0.4293 0.0000
vt 0.8898 0.4103 0.0000
vt 0.7879 0.4474 0.0000
vt 0.9661 0.3227 0.0000
vt 0.8964 0.4057 0.0000
vt 0.9884 0.2086 0.0000
vt 0.9695 0.3153 0.0000
vt 0.9506 0.0986 0.0000
vt 0.9877 0.2005 0.0000
vt 0.8630 0.0223 0.0000
vt 0.9460 0.0920 0.0000
vt 0.7489 0.0000 0.0000
vt 0.8556 0.0188 0.0000
vt 0.6389 0.0378 0.0000
vt 0.7408 0.0007 0.0000
vt 0.5626 0.1254 0.0000
vt 0.6323 0.0424 0.0000
vt 0.5403 0.2395 0.0000
vt 0.5591 0.1328 0.0000
vt 0.8763 0.4730 0.0000
vt 0.9517 0.5335 0.0000
vt 0.0529 0.1183 0.0000
vt 0.1618 0.0309 0.0000
vt 0.3254 0.3556 0.0000
vt 0.3708 0.2703 0.0000
vt 0.7096 0.6368 0.0000
vt 0.6955 0.5411 0.0000
vt 0.5163 0.1643 0.0000
vt 0.5387 0.3008 0.0000
vt 0.4900 0.4299 0.0000
vt 0.3834 0.5173 0.0000
vt 0.6189 0.4802 0.0000
vt 0.5410 0.5374 0.0000
vt 0.1135 0.4991 0.0000
vt 0.0227 0.3896 0.0000
vt 0.0302 0.3861 0.0000
vt 0.1182 0.4922 0.0000
vt -0.0000 0.2494 0.0000
vt 0.0084 0.2500 0.0000
vt 0.0461 0.1137 0.0000
vt 0.1583 0.0233 0.0000
vt 0.2996 0.0000 0.0000
vt 0.2988 0.0083 0.0000
vt 0.4333 0.0502 0.0000
vt 0.4285 0.0570 0.0000
vt 0.5239 0.1608 0.0000
vt 0.5470 0.3016 0.0000
vt 0.4968 0.4347 0.0000
vt 0.3869 0.5248 0.0000
vt 0.2467 0.5485 0.0000
vt 0.2474 0.5402 0.0000
vt 0.9066 0.4225 0.0000
vt 0.9944 0.4930 0.0000
vt 0.9999 0.5673 0.0000
vt 0.1865 0.1137 0.0000
vt 0.2907 0.0712 0.0000
vt 0.3054 0.1282 0.0000
vt 0.2159 0.1647 0.0000
vt 0.2701 0.3352 0.0000
vt 0.3231 0.2358 0.0000
vt 0.6531 0.6532 0.0000
vt 0.6366 0.5418 0.0000
vt 0.6831 0.4836 0.0000
vt 0.1350 0.3977 0.0000
vt 0.0775 0.3009 0.0000
vt 0.1317 0.2779 0.0000
vt 0.1811 0.3611 0.0000
vt 0.6598 0.5226 0.0000
vt 0.5690 0.5891 0.0000
vt 0.8329 0.4332 0.0000
vt 0.2944 0.4057 0.0000
vt 0.7145 0.6954 0.0000
vt 0.2079 0.4135 0.0000
vt 0.6686 0.4486 0.0000
vt 0.3583 0.1024 0.0000
vt 0.3951 0.2167 0.0000
vt 0.0985 0.2294 0.0000
vt 0.4958 0.5752 0.0000
vt 0.1601 0.1834 0.0000
# 145 texture coords

o COG_R
g COG_R
usemtl wire_032058127
s 1
f 749/298/357 750/299/358 751/300/359 
f 749/298/357 752/301/360 750/299/358 
f 749/298/357 753/302/361 752/301/360 
f 749/298/357 754/303/362 753/302/361 
f 749/298/357 755/304/363 754/303/362 
f 749/298/357 756/305/364 755/304/363 
f 749/298/357 757/306/365 756/305/364 
f 749/298/357 758/307/366 757/306/365 
f 749/298/357 759/308/367 758/307/366 
f 749/298/357 760/309/368 759/308/367 
f 749/298/357 761/310/369 760/309/368 
f 749/298/357 751/300/359 761/310/369 
f 762/311/357 763/312/357 764/313/357 765/314/357 
f 766/315/357 767/316/357 763/312/357 762/311/357 
f 768/317/357 769/318/357 767/316/357 766/315/357 
f 770/319/357 771/320/357 769/318/357 768/317/357 
f 772/321/357 773/322/357 771/320/357 770/319/357 
f 774/323/357 775/324/357 773/322/357 772/321/357 
f 776/325/357 777/326/357 775/324/357 774/323/357 
f 778/327/357 779/328/357 777/326/357 776/325/357 
f 780/329/357 781/330/357 779/328/357 778/327/357 
f 782/331/357 783/332/357 781/330/357 780/329/357 
f 784/333/357 785/334/357 783/332/357 782/331/357 
f 765/314/357 764/313/357 785/334/357 784/333/357 
f 786/335/370 787/336/371 788/337/372 789/338/359 
f 787/336/371 790/339/373 791/340/374 788/337/372 
f 790/339/373 792/341/375 793/342/361 791/340/374 
f 792/341/375 794/343/376 795/344/377 793/342/361 
f 794/343/376 796/345/378 797/346/363 795/344/377 
f 796/345/378 798/347/379 799/348/364 797/346/363 
f 798/347/379 800/349/380 801/350/381 799/348/364 
f 800/349/380 802/351/382 803/352/383 801/350/381 
f 802/351/382 804/353/384 805/354/367 803/352/383 
f 804/353/384 806/355/385 807/356/368 805/354/367 
f 806/355/385 808/357/386 809/358/369 807/356/368 
f 808/357/386 786/335/370 789/338/359 809/358/369 
s 2
f 789/338/359 788/337/372 810/359/387 811/360/388 
f 788/337/372 791/340/374 812/361/389 810/362/387 
f 791/340/374 793/342/361 813/363/390 812/364/389 
f 793/342/361 795/344/377 814/365/391 813/366/390 
f 795/344/377 797/346/363 815/367/392 814/368/391 
f 797/346/363 799/348/364 816/369/393 815/370/392 
f 799/348/364 801/350/381 817/371/394 816/372/393 
f 801/350/381 803/352/383 818/373/395 817/374/394 
f 803/352/383 805/354/367 819/375/396 818/376/395 
f 805/354/367 807/356/368 820/377/397 819/378/396 
f 807/356/368 809/358/369 821/379/398 820/380/397 
f 809/358/369 789/338/359 811/381/388 821/382/398 
s 1
f 822/383/399 823/384/400 824/384/401 825/383/402 
f 826/385/403 827/386/404 828/386/405 829/385/406 
f 830/387/407 831/388/408 832/388/409 833/387/410 
f 834/389/411 835/390/412 836/390/413 837/389/414 
f 838/391/415 839/392/416 840/392/417 841/391/418 
f 842/393/419 843/394/420 844/394/421 845/393/422 
f 846/395/423 847/396/424 848/396/425 849/395/426 
s 4
f 811/397/388 810/398/387 850/399/427 851/400/428 
f 810/398/387 812/401/389 852/402/429 850/399/427 
f 812/401/389 813/403/390 826/385/403 852/402/429 
f 813/403/390 814/404/391 827/386/404 826/385/403 
f 814/404/391 815/405/392 853/406/430 827/386/404 
f 815/405/392 816/407/393 854/408/431 853/406/430 
f 816/407/393 817/409/394 838/391/415 854/408/431 
f 817/409/394 818/410/395 839/392/416 838/391/415 
f 818/410/395 819/411/396 842/393/419 839/392/416 
f 819/411/396 820/412/397 843/394/420 842/393/419 
f 820/412/397 821/413/398 855/414/432 843/394/420 
f 821/413/398 811/397/388 851/400/428 855/414/432 
f 851/415/428 850/416/427 823/384/400 822/383/399 
s 2
f 850/417/427 856/417/433 824/384/401 823/384/400 
s 4
f 852/418/429 826/419/403 857/420/434 858/421/435 
f 827/422/404 853/423/430 831/388/408 830/387/407 
f 854/424/431 838/425/415 835/390/412 834/389/411 
s 2
f 838/426/415 841/426/418 836/390/413 835/390/412 
s 4
f 839/427/416 842/428/419 859/429/436 860/430/437 
f 843/431/420 855/432/432 847/396/424 846/395/423 
s 2
f 861/300/438 862/299/372 863/299/439 864/300/440 
f 862/299/372 865/301/360 866/301/441 863/299/439 
f 865/301/360 867/302/361 868/302/442 866/301/441 
f 867/302/361 869/303/443 870/303/444 868/302/442 
f 869/303/443 871/304/363 872/304/386 870/303/444 
f 871/304/363 873/305/445 874/305/446 872/304/386 
f 873/305/445 875/306/365 876/306/371 874/305/446 
f 875/306/365 877/307/447 878/307/373 876/306/371 
f 877/307/447 879/308/448 880/308/449 878/307/373 
f 879/308/448 881/309/368 882/309/376 880/308/449 
f 881/309/368 883/310/450 884/310/378 882/309/376 
f 883/310/450 861/300/438 864/300/440 884/310/378 
f 787/336/371 786/335/370 885/335/451 886/336/365 
f 786/335/370 808/357/386 887/357/452 885/335/451 
f 808/357/386 806/355/385 888/355/362 887/357/452 
f 806/355/385 804/353/384 889/353/361 888/355/362 
f 804/353/384 802/351/382 890/351/374 889/353/361 
f 802/351/382 800/349/380 891/349/358 890/351/374 
f 800/349/380 798/347/379 892/347/359 891/349/358 
f 798/347/379 796/345/378 893/345/450 892/347/359 
f 796/345/378 794/343/376 894/343/368 893/345/450 
f 794/343/376 792/341/375 895/341/453 894/343/368 
f 792/341/375 790/339/373 896/339/383 895/341/453 
f 790/339/373 787/336/371 886/336/365 896/339/383 
s 1
f 763/312/357 886/336/365 885/335/451 764/313/357 
f 765/314/357 864/300/440 863/299/439 762/311/357 
f 767/316/357 896/339/383 886/336/365 763/312/357 
f 762/311/357 863/299/439 866/301/441 766/315/357 
f 769/318/357 895/341/453 896/339/383 767/316/357 
f 766/315/357 866/301/441 868/302/442 768/317/357 
f 771/320/357 894/343/368 895/341/453 769/318/357 
f 768/317/357 868/302/442 870/303/444 770/319/357 
f 773/322/357 893/345/450 894/343/368 771/320/357 
f 770/319/357 870/303/444 872/304/386 772/321/357 
f 775/324/357 892/347/359 893/345/450 773/322/357 
f 772/321/357 872/304/386 874/305/446 774/323/357 
f 777/326/357 891/349/358 892/347/359 775/324/357 
f 774/323/357 874/305/446 876/306/371 776/325/357 
f 779/328/357 890/351/374 891/349/358 777/326/357 
f 776/325/357 876/306/371 878/307/373 778/327/357 
f 781/330/357 889/353/361 890/351/374 779/328/357 
f 778/327/357 878/307/373 880/308/449 780/329/357 
f 783/332/357 888/355/362 889/353/361 781/330/357 
f 780/329/357 880/308/449 882/309/376 782/331/357 
f 785/334/357 887/357/452 888/355/362 783/332/357 
f 782/331/357 882/309/376 884/310/378 784/333/357 
f 764/313/357 885/335/451 887/357/452 785/334/357 
f 784/333/357 884/310/378 864/300/440 765/314/357 
f 862/299/372 861/300/438 897/300/379 898/299/380 
f 861/300/438 883/310/450 899/310/454 897/300/379 
f 883/310/450 881/309/368 900/309/455 899/310/454 
f 881/309/368 879/308/448 901/308/375 900/309/455 
f 879/308/448 877/307/447 902/307/373 901/308/375 
f 877/307/447 875/306/365 903/306/371 902/307/373 
f 875/306/365 873/305/445 904/305/456 903/306/371 
f 873/305/445 871/304/363 905/304/457 904/305/456 
f 871/304/363 869/303/443 906/303/385 905/304/457 
f 869/303/443 867/302/361 907/302/384 906/303/385 
f 867/302/361 865/301/360 908/301/382 907/302/384 
f 865/301/360 862/299/372 898/299/380 908/301/382 
s 2
f 898/299/380 897/300/379 751/300/359 750/299/358 
f 897/300/379 899/310/454 761/310/369 751/300/359 
f 899/310/454 900/309/455 760/309/368 761/310/369 
f 900/309/455 901/308/375 759/308/367 760/309/368 
f 901/308/375 902/307/373 758/307/366 759/308/367 
f 902/307/373 903/306/371 757/306/365 758/307/366 
f 903/306/371 904/305/456 756/305/364 757/306/365 
f 904/305/456 905/304/457 755/304/363 756/305/364 
f 905/304/457 906/303/385 754/303/362 755/304/363 
f 906/303/385 907/302/384 753/302/361 754/303/362 
f 907/302/384 908/301/382 752/301/360 753/302/361 
f 908/301/382 898/299/380 750/299/358 752/301/360 
f 851/433/428 822/383/399 825/383/402 909/433/458 
f 827/434/404 830/387/407 833/387/410 828/434/405 
f 854/435/431 834/389/411 837/389/414 910/435/459 
f 839/436/416 860/430/437 911/430/460 840/436/417 
f 843/437/420 846/395/423 849/395/426 844/437/421 
s 1
f 912/298/461 913/300/462 914/299/463 
f 912/298/461 914/299/463 915/301/464 
f 912/298/461 915/301/464 916/302/465 
f 912/298/461 916/302/465 917/303/466 
f 912/298/461 917/303/466 918/304/467 
f 912/298/461 918/304/467 919/305/468 
f 912/298/461 919/305/468 920/306/469 
f 912/298/461 920/306/469 921/307/470 
f 912/298/461 921/307/470 922/308/471 
f 912/298/461 922/308/471 923/309/472 
f 912/298/461 923/309/472 924/310/473 
f 912/298/461 924/310/473 913/300/462 
f 925/311/461 926/314/461 927/313/461 928/312/461 
f 929/315/461 925/311/461 928/312/461 930/316/461 
f 931/317/461 929/315/461 930/316/461 932/318/461 
f 933/319/461 931/317/461 932/318/461 934/320/461 
f 935/321/461 933/319/461 934/320/461 936/322/461 
f 937/323/461 935/321/461 936/322/461 938/324/461 
f 939/325/461 937/323/461 938/324/461 940/326/461 
f 941/327/461 939/325/461 940/326/461 942/328/461 
f 943/329/461 941/327/461 942/328/461 944/330/461 
f 945/331/461 943/329/461 944/330/461 946/332/461 
f 947/333/461 945/331/461 946/332/461 948/334/461 
f 926/314/461 947/333/461 948/334/461 927/313/461 
f 949/335/474 950/338/462 951/337/475 952/336/476 
f 952/336/476 951/337/475 953/340/477 954/339/478 
f 954/339/478 953/340/477 955/342/465 956/341/479 
f 956/341/479 955/342/465 957/344/480 958/343/481 
f 958/343/481 957/344/480 959/346/467 960/345/482 
f 960/345/482 959/346/467 961/348/468 962/347/483 
f 962/347/483 961/348/468 963/350/484 964/349/485 
f 964/349/485 963/350/484 965/352/486 966/351/487 
f 966/351/487 965/352/486 967/354/471 968/353/488 
f 968/353/488 967/354/471 969/356/472 970/355/489 
f 970/355/489 969/356/472 971/358/473 972/357/490 
f 972/357/490 971/358/473 950/338/462 949/335/474 
s 2
f 950/338/462 973/360/491 974/359/492 951/337/475 
f 951/337/475 974/362/492 975/361/493 953/340/477 
f 953/340/477 975/364/493 976/363/494 955/342/465 
f 955/342/465 976/366/494 977/365/495 957/344/480 
f 957/344/480 977/368/495 978/367/496 959/346/467 
f 959/346/467 978/370/496 979/369/497 961/348/468 
f 961/348/468 979/372/497 980/371/498 963/350/484 
f 963/350/484 980/374/498 981/373/499 965/352/486 
f 965/352/486 981/376/499 982/375/500 967/354/471 
f 967/354/471 982/378/500 983/377/501 969/356/472 
f 969/356/472 983/380/501 984/379/502 971/358/473 
f 971/358/473 984/382/502 973/381/491 950/338/462 
s 1
f 856/399/433 850/399/427 852/402/429 985/402/503 
f 986/421/504 858/421/435 857/420/434 987/420/505 
f 988/406/506 853/406/430 854/408/431 910/408/459 
f 911/430/460 860/430/437 859/429/436 989/429/507 
f 990/414/508 855/414/432 851/400/428 909/400/458 
s 4
f 973/397/491 909/400/458 856/399/433 974/398/492 
f 974/398/492 856/399/433 985/402/503 975/401/493 
f 975/401/493 985/402/503 829/385/406 976/403/494 
f 976/403/494 829/385/406 828/386/405 977/404/495 
f 977/404/495 828/386/405 988/406/506 978/405/496 
f 978/405/496 988/406/506 910/408/459 979/407/497 
f 979/407/497 910/408/459 841/391/418 980/409/498 
f 980/409/498 841/391/418 840/392/417 981/410/499 
f 981/410/499 840/392/417 845/393/422 982/411/500 
f 982/411/500 845/393/422 844/394/421 983/412/501 
f 983/412/501 844/394/421 990/414/508 984/413/502 
f 984/413/502 990/414/508 909/400/458 973/397/491 
f 909/415/458 825/383/402 824/384/401 856/416/433 
f 985/418/503 986/421/504 987/420/505 829/419/406 
s 2
f 829/438/406 987/420/505 857/420/434 826/438/403 
s 4
f 828/422/405 833/387/410 832/388/409 988/423/506 
s 2
f 988/439/506 832/388/409 831/388/408 853/439/430 
s 4
f 910/424/459 837/389/414 836/390/413 841/425/418 
f 840/427/417 911/430/460 989/429/507 845/428/422 
s 2
f 845/440/422 989/429/507 859/429/436 842/440/419 
s 4
f 844/431/421 849/395/426 848/396/425 990/432/508 
s 2
f 990/441/508 848/396/425 847/396/424 855/441/432 
f 991/300/509 992/300/510 993/299/511 994/299/475 
f 994/299/475 993/299/511 995/301/487 996/301/464 
f 996/301/464 995/301/487 997/302/512 998/302/465 
f 998/302/465 997/302/512 999/303/513 1000/303/514 
f 1000/303/514 999/303/513 1001/304/490 1002/304/467 
f 1002/304/467 1001/304/490 1003/305/515 1004/305/516 
f 1004/305/516 1003/305/515 1005/306/476 1006/306/469 
f 1006/306/469 1005/306/476 1007/307/478 1008/307/517 
f 1008/307/517 1007/307/478 1009/308/518 1010/308/519 
f 1010/308/519 1009/308/518 1011/309/481 1012/309/472 
f 1012/309/472 1011/309/481 1013/310/520 1014/310/521 
f 1014/310/521 1013/310/520 992/300/510 991/300/509 
f 952/336/476 1015/336/469 1016/335/516 949/335/474 
f 949/335/474 1016/335/516 1017/357/522 972/357/490 
f 972/357/490 1017/357/522 1018/355/466 970/355/489 
f 970/355/489 1018/355/466 1019/353/465 968/353/488 
f 968/353/488 1019/353/465 1020/351/477 966/351/487 
f 966/351/487 1020/351/477 1021/349/463 964/349/485 
f 964/349/485 1021/349/463 1022/347/462 962/347/483 
f 962/347/483 1022/347/462 1023/345/521 960/345/482 
f 960/345/482 1023/345/521 1024/343/472 958/343/481 
f 958/343/481 1024/343/472 1025/341/523 956/341/479 
f 956/341/479 1025/341/523 1026/339/486 954/339/478 
f 954/339/478 1026/339/486 1015/336/469 952/336/476 
s 1
f 928/312/461 927/313/461 1016/335/516 1015/336/469 
f 926/314/461 925/311/461 993/299/511 992/300/510 
f 930/316/461 928/312/461 1015/336/469 1026/339/486 
f 925/311/461 929/315/461 995/301/487 993/299/511 
f 932/318/461 930/316/461 1026/339/486 1025/341/523 
f 929/315/461 931/317/461 997/302/512 995/301/487 
f 934/320/461 932/318/461 1025/341/523 1024/343/472 
f 931/317/461 933/319/461 999/303/513 997/302/512 
f 936/322/461 934/320/461 1024/343/472 1023/345/521 
f 933/319/461 935/321/461 1001/304/490 999/303/513 
f 938/324/461 936/322/461 1023/345/521 1022/347/462 
f 935/321/461 937/323/461 1003/305/515 1001/304/490 
f 940/326/461 938/324/461 1022/347/462 1021/349/463 
f 937/323/461 939/325/461 1005/306/476 1003/305/515 
f 942/328/461 940/326/461 1021/349/463 1020/351/477 
f 939/325/461 941/327/461 1007/307/478 1005/306/476 
f 944/330/461 942/328/461 1020/351/477 1019/353/465 
f 941/327/461 943/329/461 1009/308/518 1007/307/478 
f 946/332/461 944/330/461 1019/353/465 1018/355/466 
f 943/329/461 945/331/461 1011/309/481 1009/308/518 
f 948/334/461 946/332/461 1018/355/466 1017/357/522 
f 945/331/461 947/333/461 1013/310/520 1011/309/481 
f 927/313/461 948/334/461 1017/357/522 1016/335/516 
f 947/333/461 926/314/461 992/300/510 1013/310/520 
f 994/299/475 1027/299/485 1028/300/483 991/300/509 
f 991/300/509 1028/300/483 1029/310/524 1014/310/521 
f 1014/310/521 1029/310/524 1030/309/525 1012/309/472 
f 1012/309/472 1030/309/525 1031/308/479 1010/308/519 
f 1010/308/519 1031/308/479 1032/307/478 1008/307/517 
f 1008/307/517 1032/307/478 1033/306/476 1006/306/469 
f 1006/306/469 1033/306/476 1034/305/526 1004/305/516 
f 1004/305/516 1034/305/526 1035/304/527 1002/304/467 
f 1002/304/467 1035/304/527 1036/303/489 1000/303/514 
f 1000/303/514 1036/303/489 1037/302/488 998/302/465 
f 998/302/465 1037/302/488 1038/301/487 996/301/464 
f 996/301/464 1038/301/487 1027/299/485 994/299/475 
s 2
f 1027/299/485 914/299/463 913/300/462 1028/300/483 
f 1028/300/483 913/300/462 924/310/473 1029/310/524 
f 1029/310/524 924/310/473 923/309/472 1030/309/525 
f 1030/309/525 923/309/472 922/308/471 1031/308/479 
f 1031/308/479 922/308/471 921/307/470 1032/307/478 
f 1032/307/478 921/307/470 920/306/469 1033/306/476 
f 1033/306/476 920/306/469 919/305/468 1034/305/526 
f 1034/305/526 919/305/468 918/304/467 1035/304/527 
f 1035/304/527 918/304/467 917/303/466 1036/303/489 
f 1036/303/489 917/303/466 916/302/465 1037/302/488 
f 1037/302/488 916/302/465 915/301/464 1038/301/487 
f 1038/301/487 915/301/464 914/299/463 1027/299/485 
f 852/442/429 858/421/435 986/421/504 985/442/503 
# 276 polygons - 24 triangles

#
# object Door_L
#

v  1048.4095 207.8789 -1571.2054
v  1048.4095 207.8789 -1595.5619
v  1029.3923 207.8789 -1595.5619
v  1029.3923 207.8789 -1571.2054
v  1048.4095 207.8789 -1676.0857
v  1029.3923 207.8789 -1676.0857
v  1048.4095 207.8789 -1727.9501
v  1029.3923 207.8789 -1727.9501
v  1010.3752 207.8789 -1595.5619
v  1010.3752 207.8789 -1571.2054
v  1010.3752 207.8789 -1676.0857
v  1010.3752 207.8789 -1727.9501
v  1048.4095 188.4744 -1571.2054
v  1048.4095 188.4744 -1595.5619
v  1048.4095 188.4744 -1676.0857
v  1048.4095 188.4744 -1727.9501
v  1029.3923 188.4744 -1727.9501
v  1010.3752 188.4744 -1727.9501
v  1010.3752 107.6339 -1557.2290
v  1029.3923 107.6339 -1557.2290
v  1029.3923 134.0293 -1557.2291
v  1010.3752 134.0293 -1557.2291
v  1010.3752 188.4744 -1571.2054
v  1029.3923 188.4744 -1571.2054
v  1048.4095 167.8594 -1595.5619
v  1048.4095 167.8594 -1571.2054
v  1039.5065 164.5710 -1675.6926
v  1039.5065 184.0550 -1675.6926
v  1039.5065 184.0550 -1599.5867
v  1039.5065 164.5710 -1599.5867
v  1039.5065 164.5710 -1724.7114
v  1039.5065 184.0550 -1724.7114
v  1010.3752 167.8594 -1727.9501
v  1029.3923 167.8594 -1727.9501
v  1029.3923 170.1138 -1557.2291
v  1029.3923 186.2201 -1557.2290
v  1010.3752 186.2201 -1557.2290
v  1010.3752 170.1138 -1557.2291
v  1029.3923 168.2539 -1571.2054
v  1048.4095 137.7237 -1595.5619
v  1048.4095 137.7237 -1571.2054
v  1039.5065 136.0887 -1675.6926
v  1039.5065 136.0887 -1599.5867
v  1039.5065 136.0887 -1724.7114
v  1010.3752 137.7237 -1727.9501
v  1029.3923 137.7237 -1727.9501
v  1029.3923 139.7722 -1577.9711
v  1029.3923 165.8109 -1577.9711
v  1010.3752 165.8109 -1577.9711
v  1010.3752 139.7722 -1577.9711
v  1029.3923 137.3292 -1571.2054
v  1010.3752 137.3292 -1571.2054
v  1010.3752 168.2539 -1571.2054
v  1048.4095 104.4863 -1595.5619
v  1039.5065 104.4863 -1599.5867
v  1039.5065 104.4863 -1724.7114
v  1029.3923 104.4863 -1727.9501
v  972.3408 207.8789 -1571.2054
v  991.3580 207.8789 -1571.2054
v  991.3580 207.8789 -1595.5619
v  972.3408 207.8789 -1595.5619
v  991.3580 207.8789 -1676.0857
v  972.3408 207.8789 -1676.0857
v  991.3580 207.8789 -1727.9501
v  972.3408 207.8789 -1727.9501
v  972.3408 188.4744 -1571.2054
v  972.3408 188.4744 -1595.5619
v  972.3408 188.4744 -1676.0857
v  972.3408 188.4744 -1727.9501
v  991.3580 188.4744 -1727.9501
v  991.3580 134.0293 -1557.2291
v  991.3580 107.6339 -1557.2290
v  991.3580 188.4744 -1571.2054
v  972.3408 167.8594 -1595.5619
v  972.3408 167.8594 -1571.2054
v  981.2439 164.5710 -1675.6926
v  981.2439 164.5710 -1599.5867
v  981.2439 184.0550 -1599.5867
v  981.2439 184.0550 -1675.6926
v  981.2439 164.5710 -1724.7114
v  981.2439 184.0550 -1724.7114
v  991.3580 167.8594 -1727.9501
v  991.3580 170.1138 -1557.2291
v  991.3580 186.2201 -1557.2290
v  991.3580 168.2539 -1571.2054
v  972.3408 137.7237 -1595.5619
v  972.3408 137.7237 -1571.2054
v  981.2439 136.0887 -1675.6926
v  981.2439 136.0887 -1599.5867
v  981.2439 136.0887 -1724.7114
v  991.3580 137.7237 -1727.9501
v  991.3580 139.7722 -1577.9711
v  991.3580 165.8109 -1577.9711
v  991.3580 137.3292 -1571.2054
v  981.2439 104.4863 -1599.5867
v  972.3408 104.4863 -1595.5619
v  991.3580 104.4863 -1727.9501
v  981.2439 104.4863 -1724.7114
v  1048.4095 104.4863 -1571.2054
v  1039.5065 104.4863 -1675.6926
v  1010.3752 104.4863 -1727.9501
v  1029.3923 104.4863 -1571.2054
v  1029.3923 104.4863 -1570.3765
v  1010.3752 104.4863 -1570.3765
v  972.3408 104.4863 -1571.2054
v  981.2439 104.4863 -1675.6926
v  991.3580 104.4863 -1571.2054
v  991.3580 104.4863 -1570.3765
v  1048.4095 1.0937 -1571.2054
v  1029.3923 1.0937 -1571.2054
v  1029.3923 1.0937 -1595.5619
v  1048.4095 1.0937 -1595.5619
v  1029.3923 1.0937 -1676.0857
v  1048.4095 1.0937 -1676.0857
v  1029.3923 1.0937 -1727.9501
v  1048.4095 1.0937 -1727.9501
v  1010.3752 1.0937 -1571.2054
v  1010.3752 1.0937 -1595.5619
v  1010.3752 1.0937 -1676.0857
v  1010.3752 1.0937 -1727.9501
v  1048.4095 20.4982 -1571.2054
v  1048.4095 20.4982 -1595.5619
v  1048.4095 20.4982 -1676.0857
v  1048.4095 20.4982 -1727.9501
v  1029.3923 20.4982 -1727.9501
v  1010.3752 20.4982 -1727.9501
v  1010.3752 101.3388 -1557.2290
v  1010.3752 74.9434 -1557.2291
v  1029.3923 74.9434 -1557.2291
v  1029.3923 101.3388 -1557.2290
v  1010.3752 20.4982 -1571.2054
v  1029.3923 20.4982 -1571.2054
v  1048.4095 41.1132 -1595.5619
v  1048.4095 41.1132 -1571.2054
v  1039.5065 44.4016 -1675.6926
v  1039.5065 44.4016 -1599.5867
v  1039.5065 24.9176 -1599.5867
v  1039.5065 24.9176 -1675.6926
v  1039.5065 44.4016 -1724.7114
v  1039.5065 24.9176 -1724.7114
v  1010.3752 41.1132 -1727.9501
v  1029.3923 41.1132 -1727.9501
v  1029.3923 38.8589 -1557.2291
v  1010.3752 38.8589 -1557.2291
v  1010.3752 22.7525 -1557.2290
v  1029.3923 22.7525 -1557.2290
v  1029.3923 40.7188 -1571.2054
v  1048.4095 71.2490 -1595.5619
v  1048.4095 71.2490 -1571.2054
v  1039.5065 72.8840 -1675.6926
v  1039.5065 72.8840 -1599.5867
v  1039.5065 72.8840 -1724.7114
v  1010.3752 71.2490 -1727.9501
v  1029.3923 71.2490 -1727.9501
v  1029.3923 69.2005 -1577.9711
v  1010.3752 69.2005 -1577.9711
v  1010.3752 43.1617 -1577.9711
v  1029.3923 43.1617 -1577.9711
v  1029.3923 71.6434 -1571.2054
v  1010.3752 71.6434 -1571.2054
v  1010.3752 40.7188 -1571.2054
v  972.3408 1.0937 -1571.2054
v  972.3408 1.0937 -1595.5619
v  991.3580 1.0937 -1595.5619
v  991.3580 1.0937 -1571.2054
v  972.3408 1.0937 -1676.0857
v  991.3580 1.0937 -1676.0857
v  972.3408 1.0937 -1727.9501
v  991.3580 1.0937 -1727.9501
v  972.3408 20.4982 -1571.2054
v  972.3408 20.4982 -1595.5619
v  972.3408 20.4982 -1676.0857
v  972.3408 20.4982 -1727.9501
v  991.3580 20.4982 -1727.9501
v  991.3580 101.3388 -1557.2290
v  991.3580 74.9434 -1557.2291
v  991.3580 20.4982 -1571.2054
v  972.3408 41.1132 -1595.5619
v  972.3408 41.1132 -1571.2054
v  981.2439 44.4016 -1675.6926
v  981.2439 24.9176 -1675.6926
v  981.2439 24.9176 -1599.5867
v  981.2439 44.4016 -1599.5867
v  981.2439 44.4016 -1724.7114
v  981.2439 24.9176 -1724.7114
v  991.3580 41.1132 -1727.9501
v  991.3580 38.8589 -1557.2291
v  991.3580 22.7525 -1557.2290
v  991.3580 40.7188 -1571.2054
v  972.3408 71.2490 -1595.5619
v  972.3408 71.2490 -1571.2054
v  981.2439 72.8840 -1675.6926
v  981.2439 72.8840 -1599.5867
v  981.2439 72.8840 -1724.7114
v  991.3580 71.2490 -1727.9501
v  991.3580 69.2005 -1577.9711
v  991.3580 43.1617 -1577.9711
v  991.3580 71.6434 -1571.2054
# 198 vertices

vn 0.5774 0.5774 0.5774
vn 0.7071 0.7071 -0.0000
vn 0.0000 1.0000 -0.0000
vn 0.0000 0.7071 0.7071
vn 0.5774 0.5774 -0.5774
vn -0.0000 0.7071 -0.7071
vn 0.7071 -0.0000 0.7071
vn 0.9676 -0.1800 -0.1769
vn 0.8499 -0.5270 -0.0000
vn 0.5491 -0.4280 -0.7178
vn 0.1543 0.0000 -0.9880
vn -0.0000 0.0000 -1.0000
vn 0.0000 -0.6193 0.7851
vn 0.5907 -0.4997 0.6335
vn 0.5905 0.5008 0.6328
vn 0.0000 0.6206 0.7842
vn 0.0000 0.6483 0.7614
vn 0.2619 0.2878 0.9212
vn 0.8402 0.0000 -0.5422
vn 1.0000 0.0000 -0.0000
vn 0.7908 -0.4246 -0.4408
vn 0.8078 0.0000 -0.5895
vn 0.5466 -0.5317 -0.6469
vn 0.5846 -0.5345 0.6103
vn 0.5863 0.5252 0.6168
vn 0.0000 -0.6588 0.7523
vn 0.0434 -0.6152 0.7871
vn 0.7071 0.0000 0.7071
vn -0.5978 0.4606 0.6561
vn -0.5978 -0.4606 0.6561
vn 0.0000 -0.5746 0.8184
vn 0.0000 0.5746 0.8184
vn 0.0228 0.5972 0.8018
vn 0.0000 0.9585 0.2852
vn 0.0000 -0.9715 0.2371
vn 0.8403 0.0000 -0.5422
vn -0.5774 0.5774 0.5774
vn -0.7071 0.7071 0.0000
vn -0.5774 0.5774 -0.5774
vn -0.7071 -0.0000 0.7071
vn -0.9676 -0.1800 -0.1769
vn -0.8499 -0.5270 0.0000
vn -0.5491 -0.4280 -0.7178
vn -0.1543 0.0000 -0.9880
vn -0.5905 0.5008 0.6328
vn -0.5907 -0.4997 0.6335
vn -0.2619 0.2878 0.9212
vn -0.8402 0.0000 -0.5422
vn -1.0000 0.0000 0.0000
vn -0.7908 -0.4246 -0.4408
vn -0.8078 0.0000 -0.5895
vn -0.5466 -0.5317 -0.6469
vn -0.5846 -0.5345 0.6103
vn -0.5863 0.5252 0.6168
vn -0.0434 -0.6152 0.7871
vn -0.7071 0.0000 0.7071
vn 0.5978 0.4606 0.6561
vn 0.5978 -0.4606 0.6561
vn -0.0228 0.5972 0.8018
vn -0.8403 0.0000 -0.5422
vn 0.9922 0.0000 0.1248
vn 0.0000 0.0000 1.0000
vn -0.9922 0.0000 0.1248
vn 0.5774 -0.5774 0.5774
vn 0.0000 -0.7071 0.7071
vn 0.0000 -1.0000 -0.0000
vn 0.7071 -0.7071 -0.0000
vn -0.0000 -0.7071 -0.7071
vn 0.5774 -0.5774 -0.5774
vn 0.9676 0.1800 -0.1769
vn 0.8499 0.5270 -0.0000
vn 0.5491 0.4280 -0.7178
vn 0.0000 0.6193 0.7851
vn 0.0000 -0.6206 0.7842
vn 0.5905 -0.5008 0.6328
vn 0.5907 0.4997 0.6335
vn 0.0000 -0.6483 0.7614
vn 0.2619 -0.2878 0.9212
vn 0.7908 0.4246 -0.4408
vn 0.5466 0.5317 -0.6469
vn 0.5846 0.5345 0.6103
vn 0.0000 0.6588 0.7523
vn 0.5863 -0.5252 0.6168
vn 0.0434 0.6152 0.7871
vn 0.0228 -0.5972 0.8018
vn 0.0000 -0.9585 0.2852
vn 0.0000 0.9715 0.2371
vn -0.5774 -0.5774 0.5774
vn -0.7071 -0.7071 0.0000
vn -0.5774 -0.5774 -0.5774
vn -0.9676 0.1800 -0.1769
vn -0.8499 0.5270 0.0000
vn -0.5491 0.4280 -0.7178
vn -0.5907 0.4997 0.6335
vn -0.5905 -0.5008 0.6328
vn -0.2619 -0.2878 0.9212
vn -0.7908 0.4246 -0.4408
vn -0.5466 0.5317 -0.6469
vn -0.5846 0.5345 0.6103
vn -0.5863 -0.5252 0.6168
vn -0.0434 0.6152 0.7871
vn -0.0228 -0.5972 0.8018
# 102 vertex normals

vt 0.6168 0.6129 0.0000
vt 0.6755 0.6129 0.0000
vt 0.6755 0.6587 0.0000
vt 0.6168 0.6587 0.0000
vt 0.8694 0.6129 0.0000
vt 0.8694 0.6587 0.0000
vt 0.9943 0.6129 0.0000
vt 0.9943 0.6587 0.0000
vt 0.6755 0.7045 0.0000
vt 0.6168 0.7045 0.0000
vt 0.8694 0.7045 0.0000
vt 0.9943 0.7045 0.0000
vt 0.5006 0.4375 0.0000
vt 0.5006 0.3789 0.0000
vt 0.5474 0.3789 0.0000
vt 0.5474 0.4375 0.0000
vt 0.5006 0.1850 0.0000
vt 0.5474 0.1850 0.0000
vt 0.5006 0.0601 0.0000
vt 0.5474 0.0601 0.0000
vt 0.0477 0.8130 0.0000
vt 0.0477 0.8588 0.0000
vt 0.0010 0.8588 0.0000
vt 0.0010 0.8130 0.0000
vt 0.3502 0.1395 0.0000
vt 0.3502 0.0937 0.0000
vt 0.4137 0.0937 0.0000
vt 0.4137 0.1395 0.0000
vt 0.9533 0.8645 0.0000
vt 0.9533 0.8187 0.0000
vt 1.0000 0.8187 0.0000
vt 1.0000 0.8645 0.0000
vt 0.9533 0.7729 0.0000
vt 1.0000 0.7729 0.0000
vt 0.4510 0.3789 0.0000
vt 0.4510 0.4375 0.0000
vt 0.1870 0.6457 0.0000
vt 0.1401 0.6457 0.0000
vt 0.1401 0.4624 0.0000
vt 0.1870 0.4624 0.0000
vt 0.1870 0.7637 0.0000
vt 0.1401 0.7637 0.0000
vt 0.0973 0.8588 0.0000
vt 0.0973 0.8130 0.0000
vt 0.0340 0.4725 0.0000
vt 0.0727 0.4725 0.0000
vt 0.0727 0.5183 0.0000
vt 0.0340 0.5183 0.0000
vt 0.9036 0.7729 0.0000
vt 0.9046 0.8187 0.0000
vt 0.3784 0.3789 0.0000
vt 0.3784 0.4375 0.0000
vt 0.2556 0.6457 0.0000
vt 0.2556 0.4624 0.0000
vt 0.2556 0.7637 0.0000
vt 0.1699 0.8588 0.0000
vt 0.1699 0.8130 0.0000
vt 0.2243 0.2366 0.0000
vt 0.2870 0.2366 0.0000
vt 0.2870 0.2824 0.0000
vt 0.2243 0.2824 0.0000
vt 0.8311 0.7729 0.0000
vt 0.8301 0.8187 0.0000
vt 0.4483 0.0937 0.0000
vt 0.4483 0.1395 0.0000
vt 0.0000 0.5183 0.0000
vt 0.0000 0.4725 0.0000
vt 0.0295 0.4389 0.0000
vt 0.0782 0.4389 0.0000
vt 0.1068 0.4725 0.0000
vt 0.1068 0.5183 0.0000
vt 0.1162 0.7715 0.0000
vt 0.1162 0.6466 0.0000
vt 0.1162 0.4527 0.0000
vt 0.1295 0.4389 0.0000
vt 0.1791 0.4389 0.0000
vt 0.2517 0.4389 0.0000
vt 0.3317 0.4389 0.0000
vt 0.3317 0.4624 0.0000
vt 0.1739 0.7874 0.0000
vt 0.2500 0.7874 0.0000
vt 0.2500 0.8130 0.0000
vt 0.1053 0.7874 0.0000
vt 0.0583 0.7874 0.0000
vt 0.0000 0.7672 0.0000
vt 0.0467 0.7651 0.0000
vt 0.2070 0.2824 0.0000
vt 0.2070 0.2366 0.0000
vt 0.2184 0.2203 0.0000
vt 0.2929 0.2203 0.0000
vt 0.3043 0.2366 0.0000
vt 0.3043 0.2824 0.0000
vt 0.5488 0.4256 0.0000
vt 0.5488 0.3798 0.0000
vt 0.6074 0.3798 0.0000
vt 0.6074 0.4256 0.0000
vt 0.8013 0.3798 0.0000
vt 0.8013 0.4256 0.0000
vt 0.9262 0.3798 0.0000
vt 0.9262 0.4256 0.0000
vt 0.5488 0.3340 0.0000
vt 0.6074 0.3340 0.0000
vt 0.8013 0.3340 0.0000
vt 0.9262 0.3340 0.0000
vt 0.4512 0.0000 0.0000
vt 0.4980 0.0000 0.0000
vt 0.4980 0.0587 0.0000
vt 0.4512 0.0587 0.0000
vt 0.4980 0.2526 0.0000
vt 0.4513 0.2526 0.0000
vt 0.4980 0.3775 0.0000
vt 0.4513 0.3775 0.0000
vt 0.0477 0.9046 0.0000
vt 0.0010 0.9046 0.0000
vt 0.4137 0.1853 0.0000
vt 0.3502 0.1853 0.0000
vt 1.0000 0.9103 0.0000
vt 0.9533 0.9103 0.0000
vt 1.0000 0.9561 0.0000
vt 0.9533 0.9561 0.0000
vt 0.4016 0.0587 0.0000
vt 0.4016 0.0000 0.0000
vt 0.6196 0.1258 0.0000
vt 0.6196 0.3091 0.0000
vt 0.5727 0.3091 0.0000
vt 0.5727 0.1258 0.0000
vt 0.6196 0.0078 0.0000
vt 0.5727 0.0078 0.0000
vt 0.0973 0.9046 0.0000
vt 0.0340 0.5641 0.0000
vt 0.0727 0.5641 0.0000
vt 0.9036 0.9561 0.0000
vt 0.9046 0.9103 0.0000
vt 0.3290 0.0587 0.0000
vt 0.3290 0.0000 0.0000
vt 0.6882 0.1258 0.0000
vt 0.6882 0.3091 0.0000
vt 0.6882 0.0078 0.0000
vt 0.1699 0.9046 0.0000
vt 0.2243 0.3282 0.0000
vt 0.2870 0.3282 0.0000
vt 0.8311 0.9561 0.0000
vt 0.8301 0.9103 0.0000
vt 0.4483 0.1853 0.0000
vt 0.0000 0.5641 0.0000
vt 0.0295 0.5978 0.0000
vt 0.0782 0.5978 0.0000
vt 0.1068 0.5641 0.0000
vt 0.5488 -0.0000 0.0000
vt 0.5488 0.1249 0.0000
vt 0.5488 0.3188 0.0000
vt 0.5620 0.3327 0.0000
vt 0.6117 0.3327 0.0000
vt 0.6843 0.3327 0.0000
vt 0.7643 0.3091 0.0000
vt 0.7643 0.3327 0.0000
vt 0.1739 0.9302 0.0000
vt 0.2500 0.9046 0.0000
vt 0.2500 0.9302 0.0000
vt 0.1053 0.9302 0.0000
vt 0.0583 0.9302 0.0000
vt 0.0467 0.9525 0.0000
vt 0.0000 0.9504 0.0000
vt 0.2070 0.3282 0.0000
vt 0.2184 0.3445 0.0000
vt 0.2929 0.3445 0.0000
vt 0.3043 0.3282 0.0000
vt 0.2984 0.3789 0.0000
vt 0.2984 0.4375 0.0000
vt 0.3317 0.6457 0.0000
vt 0.3317 0.7637 0.0000
vt 0.2500 0.8588 0.0000
vt 0.7510 0.7729 0.0000
vt 0.7510 0.8187 0.0000
vt 0.3176 0.0937 0.0000
vt 0.3176 0.1395 0.0000
vt 0.3426 0.0600 0.0000
vt 0.4217 0.0600 0.0000
vt 0.3426 0.0620 0.0000
vt 0.2490 0.0000 0.0000
vt 0.2490 0.0587 0.0000
vt 0.7643 0.1258 0.0000
vt 0.7643 0.0078 0.0000
vt 0.7510 0.9103 0.0000
vt 0.7510 0.9561 0.0000
vt 0.3176 0.1853 0.0000
vt 0.3426 0.2170 0.0000
vt 0.4217 0.2190 0.0000
vt 0.3426 0.2190 0.0000
vt 0.9583 0.5199 0.0000
vt 0.9583 0.5657 0.0000
vt 0.8996 0.5657 0.0000
vt 0.8996 0.5199 0.0000
vt 0.7057 0.5657 0.0000
vt 0.7057 0.5199 0.0000
vt 0.5808 0.5657 0.0000
vt 0.5808 0.5199 0.0000
vt 0.9583 0.6115 0.0000
vt 0.8996 0.6115 0.0000
vt 0.7057 0.6115 0.0000
vt 0.5808 0.6115 0.0000
vt 0.0961 0.4375 0.0000
vt 0.0494 0.4375 0.0000
vt 0.0494 0.3789 0.0000
vt 0.0961 0.3789 0.0000
vt 0.0494 0.1850 0.0000
vt 0.0961 0.1850 0.0000
vt 0.0494 0.0601 0.0000
vt 0.0961 0.0601 0.0000
vt 0.4522 0.8130 0.0000
vt 0.4989 0.8130 0.0000
vt 0.4989 0.8588 0.0000
vt 0.4522 0.8588 0.0000
vt 0.2851 0.1395 0.0000
vt 0.2215 0.1395 0.0000
vt 0.2215 0.0937 0.0000
vt 0.2851 0.0937 0.0000
vt 0.5488 0.8645 0.0000
vt 0.5020 0.8645 0.0000
vt 0.5020 0.8187 0.0000
vt 0.5488 0.8187 0.0000
vt 0.5020 0.7729 0.0000
vt 0.5488 0.7729 0.0000
vt 0.1458 0.3789 0.0000
vt 0.1458 0.4375 0.0000
vt 0.4764 0.6457 0.0000
vt 0.4764 0.4624 0.0000
vt 0.5233 0.4624 0.0000
vt 0.5233 0.6457 0.0000
vt 0.4764 0.7637 0.0000
vt 0.5233 0.7637 0.0000
vt 0.4026 0.8588 0.0000
vt 0.4026 0.8130 0.0000
vt 0.1703 0.1867 0.0000
vt 0.1703 0.2325 0.0000
vt 0.1316 0.2325 0.0000
vt 0.1316 0.1867 0.0000
vt 0.5984 0.7729 0.0000
vt 0.5974 0.8187 0.0000
vt 0.2183 0.3789 0.0000
vt 0.2183 0.4375 0.0000
vt 0.4078 0.6457 0.0000
vt 0.4078 0.4624 0.0000
vt 0.4078 0.7637 0.0000
vt 0.3300 0.8588 0.0000
vt 0.3300 0.8130 0.0000
vt 0.3858 0.2366 0.0000
vt 0.3858 0.2824 0.0000
vt 0.3231 0.2824 0.0000
vt 0.3231 0.2366 0.0000
vt 0.6710 0.7729 0.0000
vt 0.6719 0.8187 0.0000
vt 0.1869 0.0937 0.0000
vt 0.1869 0.1395 0.0000
vt 0.2043 0.2325 0.0000
vt 0.2043 0.1867 0.0000
vt 0.1748 0.1530 0.0000
vt 0.1261 0.1530 0.0000
vt 0.0975 0.1867 0.0000
vt 0.0975 0.2325 0.0000
vt 0.5473 0.7715 0.0000
vt 0.5473 0.6466 0.0000
vt 0.5473 0.4527 0.0000
vt 0.5340 0.4389 0.0000
vt 0.4843 0.4389 0.0000
vt 0.4118 0.4389 0.0000
vt 0.3261 0.7874 0.0000
vt 0.3947 0.7874 0.0000
vt 0.4416 0.7874 0.0000
vt 0.4532 0.7651 0.0000
vt 0.4999 0.7672 0.0000
vt 0.4031 0.2824 0.0000
vt 0.4031 0.2366 0.0000
vt 0.3917 0.2203 0.0000
vt 0.3172 0.2203 0.0000
vt 0.3058 0.2366 0.0000
vt 0.3058 0.2824 0.0000
vt 0.9262 0.5186 0.0000
vt 0.8676 0.5186 0.0000
vt 0.8676 0.4728 0.0000
vt 0.9262 0.4728 0.0000
vt 0.6737 0.5186 0.0000
vt 0.6737 0.4728 0.0000
vt 0.5488 0.5186 0.0000
vt 0.5488 0.4728 0.0000
vt 0.8676 0.4270 0.0000
vt 0.9262 0.4270 0.0000
vt 0.6737 0.4270 0.0000
vt 0.5488 0.4270 0.0000
vt 0.0467 0.0000 0.0000
vt 0.0467 0.0587 0.0000
vt 0.0000 0.0587 0.0000
vt 0.0000 0.0000 0.0000
vt 0.0467 0.2526 0.0000
vt 0.0000 0.2526 0.0000
vt 0.0468 0.3775 0.0000
vt 0.0000 0.3775 0.0000
vt 0.4522 0.9046 0.0000
vt 0.4989 0.9046 0.0000
vt 0.2851 0.1853 0.0000
vt 0.2215 0.1853 0.0000
vt 0.5488 0.9103 0.0000
vt 0.5020 0.9103 0.0000
vt 0.5488 0.9561 0.0000
vt 0.5020 0.9561 0.0000
vt 0.0964 0.0587 0.0000
vt 0.0964 0.0000 0.0000
vt 0.9090 0.1258 0.0000
vt 0.9559 0.1258 0.0000
vt 0.9559 0.3091 0.0000
vt 0.9090 0.3091 0.0000
vt 0.9090 0.0078 0.0000
vt 0.9559 0.0078 0.0000
vt 0.4026 0.9046 0.0000
vt 0.1703 0.2783 0.0000
vt 0.1316 0.2783 0.0000
vt 0.5984 0.9561 0.0000
vt 0.5974 0.9103 0.0000
vt 0.1689 0.0587 0.0000
vt 0.1689 0.0000 0.0000
vt 0.8404 0.1258 0.0000
vt 0.8404 0.3091 0.0000
vt 0.8404 0.0078 0.0000
vt 0.3300 0.9046 0.0000
vt 0.3858 0.3282 0.0000
vt 0.3231 0.3282 0.0000
vt 0.6710 0.9561 0.0000
vt 0.6719 0.9103 0.0000
vt 0.1869 0.1853 0.0000
vt 0.2043 0.2783 0.0000
vt 0.1748 0.3119 0.0000
vt 0.1261 0.3119 0.0000
vt 0.0975 0.2783 0.0000
vt 0.9799 -0.0000 0.0000
vt 0.9799 0.1249 0.0000
vt 0.9799 0.3188 0.0000
vt 0.9666 0.3327 0.0000
vt 0.9169 0.3327 0.0000
vt 0.8443 0.3327 0.0000
vt 0.3261 0.9302 0.0000
vt 0.3947 0.9302 0.0000
vt 0.4416 0.9302 0.0000
vt 0.4999 0.9504 0.0000
vt 0.4532 0.9525 0.0000
vt 0.4031 0.3282 0.0000
vt 0.3917 0.3445 0.0000
vt 0.3172 0.3445 0.0000
vt 0.3058 0.3282 0.0000
vt 0.2927 0.0600 0.0000
vt 0.2927 0.0620 0.0000
vt 0.2136 0.0600 0.0000
vt 0.2927 0.2170 0.0000
vt 0.2927 0.2190 0.0000
vt 0.2136 0.2190 0.0000
# 354 texture coords

o Door_L
g Door_L
usemtl wire_035030158
s 4
f 1039/443/528 1040/444/529 1041/445/530 1042/446/531 
f 1040/444/529 1043/447/529 1044/448/530 1041/445/530 
f 1043/447/529 1045/449/532 1046/450/533 1044/448/530 
f 1042/446/531 1041/445/530 1047/451/530 1048/452/531 
f 1041/445/530 1044/448/530 1049/453/530 1047/451/530 
f 1044/448/530 1046/450/533 1050/454/533 1049/453/530 
s 8
f 1051/455/534 1052/456/535 1040/457/529 1039/458/528 
f 1052/456/535 1053/459/536 1043/460/529 1040/457/529 
f 1053/459/536 1054/461/537 1045/462/532 1043/460/529 
s 16
f 1055/463/538 1056/464/539 1050/465/533 1046/466/533 
s 64
f 1057/467/540 1058/468/541 1059/469/542 1060/470/543 
f 1061/471/544 1062/472/545 1042/473/531 1048/474/531 
f 1062/472/545 1051/475/534 1039/476/528 1042/473/531 
s 8
f 1063/477/546 1052/456/535 1051/455/534 1064/478/534 
f 1065/479/547 1066/480/536 1067/481/548 1068/482/546 
f 1069/483/549 1070/484/550 1066/480/536 1065/479/547 
s 16
f 1071/485/539 1056/464/539 1055/463/538 1072/486/538 
s 64
f 1073/487/551 1074/488/552 1075/489/544 1076/490/553 
f 1064/491/534 1051/475/534 1062/472/545 1077/492/554 
s 8
f 1078/493/546 1063/477/546 1064/478/534 1079/494/555 
f 1080/495/547 1065/479/547 1068/482/546 1081/496/546 
f 1082/497/549 1069/483/549 1065/479/547 1080/495/547 
s 16
f 1083/498/539 1071/485/539 1072/486/538 1084/499/538 
s 64
f 1085/500/556 1086/501/557 1087/502/558 1088/503/559 
f 1079/504/555 1064/491/534 1077/492/554 1089/505/560 
s 1
f 1089/506/560 1090/507/561 1060/470/543 1059/469/542 
f 1091/508/562 1077/509/554 1073/487/551 1076/490/553 
s off
f 1077/510/554 1062/511/545 1074/488/552 1073/487/551 
s 1
f 1062/512/545 1061/513/544 1075/489/544 1074/488/552 
f 1054/514/537 1053/515/536 1066/480/536 1070/484/550 
f 1053/515/536 1052/516/535 1067/481/548 1066/480/536 
s 2
f 1052/517/535 1063/518/546 1068/482/546 1067/481/548 
f 1063/518/546 1078/519/546 1081/496/546 1068/482/546 
f 1078/519/546 1092/520/563 1093/521/563 1081/496/546 
s 16
f 1082/522/549 1094/523/549 1095/524/538 1084/499/538 
f 1069/525/549 1082/522/549 1084/499/538 1072/486/538 
f 1070/526/550 1069/525/549 1072/486/538 1055/463/538 
f 1070/526/550 1055/463/538 1046/466/533 1045/527/532 1054/528/537 
s 2
f 1090/529/561 1089/530/560 1085/500/556 1088/503/559 
s off
f 1089/531/560 1077/532/554 1086/501/557 1085/500/556 
s 2
f 1077/533/554 1091/534/562 1087/502/558 1086/501/557 
s 4
f 1096/535/564 1097/536/531 1098/537/530 1099/538/565 
f 1099/538/565 1098/537/530 1100/539/530 1101/540/565 
f 1101/540/565 1100/539/530 1102/541/533 1103/542/566 
f 1097/536/531 1048/543/531 1047/544/530 1098/537/530 
f 1098/537/530 1047/544/530 1049/545/530 1100/539/530 
f 1100/539/530 1049/545/530 1050/546/533 1102/541/533 
s 8
f 1104/547/567 1096/548/564 1099/549/565 1105/550/568 
f 1105/550/568 1099/549/565 1101/551/565 1106/552/569 
f 1106/552/569 1101/551/565 1103/553/566 1107/554/570 
s 16
f 1108/555/571 1102/556/533 1050/465/533 1056/464/539 
s 64
f 1057/467/540 1060/470/543 1109/557/572 1110/558/573 
f 1061/471/544 1048/474/531 1097/559/531 1111/560/574 
f 1111/560/574 1097/559/531 1096/561/564 1104/562/567 
s 8
f 1112/563/575 1113/564/567 1104/547/567 1105/550/568 
f 1114/565/576 1115/566/575 1116/567/577 1117/568/569 
f 1118/569/578 1114/565/576 1117/568/569 1119/570/579 
s 16
f 1071/485/539 1120/571/571 1108/555/571 1056/464/539 
s 64
f 1121/572/580 1076/490/553 1075/489/544 1122/573/581 
f 1113/574/567 1123/575/582 1111/560/574 1104/562/567 
s 8
f 1124/576/575 1125/577/583 1113/564/567 1112/563/575 
f 1126/578/576 1127/579/575 1115/566/575 1114/565/576 
f 1128/580/578 1126/578/576 1114/565/576 1118/569/578 
s 16
f 1083/498/539 1129/581/571 1120/571/571 1071/485/539 
s 64
f 1130/582/584 1088/503/559 1087/502/558 1131/583/585 
f 1125/584/583 1132/585/586 1123/575/582 1113/574/567 
s 1
f 1132/586/586 1109/557/572 1060/470/543 1090/507/561 
f 1091/508/562 1076/490/553 1121/572/580 1123/587/582 
s off
f 1123/588/582 1121/572/580 1122/573/581 1111/589/574 
s 1
f 1111/590/574 1122/573/581 1075/489/544 1061/513/544 
f 1107/591/570 1119/570/579 1117/568/569 1106/592/569 
f 1106/592/569 1117/568/569 1116/567/577 1105/593/568 
s 2
f 1105/594/568 1116/567/577 1115/566/575 1112/595/575 
f 1112/595/575 1115/566/575 1127/579/575 1124/596/575 
f 1124/596/575 1127/579/575 1133/597/587 1134/598/587 
s 16
f 1128/599/578 1129/581/571 1135/600/571 1136/601/578 
f 1118/602/578 1120/571/571 1129/581/571 1128/599/578 
f 1119/603/579 1108/555/571 1120/571/571 1118/602/578 
f 1119/603/579 1107/604/570 1103/605/566 1102/556/533 1108/555/571 
s 2
f 1090/529/561 1088/503/559 1130/582/584 1132/606/586 
s off
f 1132/607/586 1130/582/584 1131/583/585 1123/608/582 
s 2
f 1123/609/582 1131/583/585 1087/502/558 1091/534/562 
s 8
f 1092/610/563 1078/493/546 1079/494/555 1137/611/555 
f 1138/612/547 1080/495/547 1081/496/546 1093/521/563 
f 1094/613/549 1082/497/549 1080/495/547 1138/612/547 
s 16
f 1139/614/539 1083/498/539 1084/499/538 1095/524/538 
s 64
f 1137/615/555 1079/504/555 1089/505/560 1140/616/555 
s 1
f 1141/617/588 1058/468/541 1057/467/540 1142/618/589 
s off
f 1140/619/555 1089/620/560 1059/469/542 1058/468/541 1141/621/588 
s 8
f 1143/622/583 1125/577/583 1124/576/575 1134/623/587 
f 1133/597/587 1127/579/575 1126/578/576 1144/624/576 
f 1144/624/576 1126/578/576 1128/580/578 1136/625/578 
s 16
f 1135/600/571 1129/581/571 1083/498/539 1139/614/539 
s 64
f 1145/626/583 1132/585/586 1125/584/583 1143/627/583 
s 1
f 1142/618/589 1057/467/540 1110/558/573 1146/628/590 
s off
f 1146/629/590 1110/558/573 1109/557/572 1132/630/586 1145/631/583 
s 4
f 1147/632/591 1148/633/592 1149/634/593 1150/635/594 
f 1150/635/594 1149/634/593 1151/636/593 1152/637/594 
f 1152/637/594 1151/636/593 1153/638/595 1154/639/596 
f 1148/633/592 1155/640/592 1156/641/593 1149/634/593 
f 1149/634/593 1156/641/593 1157/642/593 1151/636/593 
f 1151/636/593 1157/642/593 1158/643/595 1153/638/595 
s 8
f 1159/644/555 1147/645/591 1150/646/594 1160/647/597 
f 1160/647/597 1150/646/594 1152/648/594 1161/649/598 
f 1161/649/598 1152/648/594 1154/650/596 1162/651/599 
s 16
f 1163/652/538 1153/653/595 1158/654/595 1164/655/539 
s 64
f 1165/656/600 1166/657/601 1167/658/602 1168/659/603 
f 1169/660/604 1155/661/592 1148/662/592 1170/663/605 
f 1170/663/605 1148/662/592 1147/664/591 1159/665/555 
s 8
f 1171/666/546 1172/667/555 1159/644/555 1160/647/597 
f 1173/668/547 1174/669/546 1175/670/606 1176/671/598 
f 1177/672/549 1173/668/547 1176/671/598 1178/673/607 
s 16
f 1179/674/539 1180/675/538 1163/652/538 1164/655/539 
s 64
f 1181/676/608 1182/677/609 1183/678/604 1184/679/610 
f 1172/680/555 1185/681/611 1170/663/605 1159/665/555 
s 8
f 1186/682/546 1187/683/534 1172/667/555 1171/666/546 
f 1188/684/547 1189/685/546 1174/669/546 1173/668/547 
f 1190/686/549 1188/684/547 1173/668/547 1177/672/549 
s 16
f 1191/687/539 1192/688/538 1180/675/538 1179/674/539 
s 64
f 1193/689/557 1194/690/558 1195/691/559 1196/692/556 
f 1187/693/534 1197/694/612 1185/681/611 1172/680/555 
s 1
f 1197/695/612 1167/658/602 1166/657/601 1198/696/613 
f 1199/697/614 1182/677/609 1181/676/608 1185/698/611 
s off
f 1185/699/611 1181/676/608 1184/679/610 1170/700/605 
s 1
f 1170/701/605 1184/679/610 1183/678/604 1169/702/604 
f 1162/703/599 1178/673/607 1176/671/598 1161/704/598 
f 1161/704/598 1176/671/598 1175/670/606 1160/705/597 
s 2
f 1160/706/597 1175/670/606 1174/669/546 1171/707/546 
f 1171/707/546 1174/669/546 1189/685/546 1186/708/546 
f 1186/708/546 1189/685/546 1093/521/563 1092/520/563 
s 16
f 1190/709/549 1192/688/538 1095/524/538 1094/523/549 
f 1177/710/549 1180/675/538 1192/688/538 1190/709/549 
f 1178/711/607 1163/652/538 1180/675/538 1177/710/549 
f 1178/711/607 1162/712/599 1154/713/596 1153/653/595 1163/652/538 
s 2
f 1198/714/613 1194/690/558 1193/689/557 1197/715/612 
s off
f 1197/716/612 1193/689/557 1196/692/556 1185/717/611 
s 2
f 1185/718/611 1196/692/556 1195/691/559 1199/719/614 
s 4
f 1200/720/615 1201/721/616 1202/722/593 1203/723/592 
f 1201/721/616 1204/724/616 1205/725/593 1202/722/593 
f 1204/724/616 1206/726/617 1207/727/595 1205/725/593 
f 1203/723/592 1202/722/593 1156/728/593 1155/729/592 
f 1202/722/593 1205/725/593 1157/730/593 1156/728/593 
f 1205/725/593 1207/727/595 1158/731/595 1157/730/593 
s 8
f 1208/732/583 1209/733/618 1201/734/616 1200/735/615 
f 1209/733/618 1210/736/619 1204/737/616 1201/734/616 
f 1210/736/619 1211/738/620 1206/739/617 1204/737/616 
s 16
f 1212/740/571 1164/655/539 1158/654/595 1207/741/595 
s 64
f 1165/656/600 1213/742/621 1214/743/622 1166/657/601 
f 1169/660/604 1215/744/623 1203/745/592 1155/661/592 
f 1215/744/623 1208/746/583 1200/747/615 1203/745/592 
s 8
f 1216/748/575 1209/733/618 1208/732/583 1217/749/583 
f 1218/750/576 1219/751/619 1220/752/624 1221/753/575 
f 1222/754/578 1223/755/625 1219/751/619 1218/750/576 
s 16
f 1179/674/539 1164/655/539 1212/740/571 1224/756/571 
s 64
f 1225/757/626 1226/758/627 1183/678/604 1182/677/609 
f 1217/759/583 1208/746/583 1215/744/623 1227/760/628 
s 8
f 1228/761/575 1216/748/575 1217/749/583 1229/762/567 
f 1230/763/576 1218/750/576 1221/753/575 1231/764/575 
f 1232/765/578 1222/754/578 1218/750/576 1230/763/576 
s 16
f 1191/687/539 1179/674/539 1224/756/571 1233/766/571 
s 64
f 1234/767/585 1235/768/584 1195/691/559 1194/690/558 
f 1229/769/567 1217/759/583 1227/760/628 1236/770/629 
s 1
f 1236/771/629 1198/696/613 1166/657/601 1214/743/622 
f 1199/697/614 1227/772/628 1225/757/626 1182/677/609 
s off
f 1227/773/628 1215/774/623 1226/758/627 1225/757/626 
s 1
f 1215/775/623 1169/702/604 1183/678/604 1226/758/627 
f 1211/776/620 1210/777/619 1219/751/619 1223/755/625 
f 1210/777/619 1209/778/618 1220/752/624 1219/751/619 
s 2
f 1209/779/618 1216/780/575 1221/753/575 1220/752/624 
f 1216/780/575 1228/781/575 1231/764/575 1221/753/575 
f 1228/781/575 1134/598/587 1133/597/587 1231/764/575 
s 16
f 1232/782/578 1136/601/578 1135/600/571 1233/766/571 
f 1222/783/578 1232/782/578 1233/766/571 1224/756/571 
f 1223/784/625 1222/783/578 1224/756/571 1212/740/571 
f 1223/784/625 1212/740/571 1207/741/595 1206/785/617 1211/786/620 
s 2
f 1198/714/613 1236/787/629 1234/767/585 1194/690/558 
s off
f 1236/788/629 1227/789/628 1235/768/584 1234/767/585 
s 2
f 1227/790/628 1199/719/614 1195/691/559 1235/768/584 
s 8
f 1092/610/563 1137/611/555 1187/683/534 1186/682/546 
f 1138/612/547 1093/521/563 1189/685/546 1188/684/547 
f 1094/613/549 1138/612/547 1188/684/547 1190/686/549 
s 16
f 1139/614/539 1095/524/538 1192/688/538 1191/687/539 
s 64
f 1137/615/555 1140/616/555 1197/694/612 1187/693/534 
s 1
f 1141/617/588 1142/618/589 1165/656/600 1168/659/603 
s off
f 1140/791/555 1141/792/588 1168/659/603 1167/658/602 1197/793/612 
s 8
f 1143/622/583 1134/623/587 1228/761/575 1229/762/567 
f 1133/597/587 1144/624/576 1230/763/576 1231/764/575 
f 1144/624/576 1136/625/578 1232/765/578 1230/763/576 
s 16
f 1135/600/571 1139/614/539 1191/687/539 1233/766/571 
s 64
f 1145/626/583 1143/627/583 1229/769/567 1236/770/629 
s 1
f 1142/618/589 1146/628/590 1213/742/621 1165/656/600 
s off
f 1146/794/590 1145/795/583 1236/796/629 1214/743/622 1213/742/621 
# 192 polygons

#
# object Door_R
#

v  1048.4095 0.6224 -1495.2523
v  1048.4095 1.0937 -1470.8960
v  1029.3923 1.0937 -1470.8960
v  1029.3923 0.6224 -1495.2523
v  1048.4095 1.0937 -1390.3721
v  1029.3923 1.0937 -1390.3721
v  1048.4095 1.0937 -1338.5077
v  1029.3923 1.0937 -1338.5077
v  1010.3752 1.0937 -1470.8960
v  1010.3752 1.0937 -1495.2523
v  1010.3752 1.0937 -1390.3721
v  1010.3752 1.0937 -1338.5077
v  1048.4095 20.0269 -1495.2523
v  1048.4095 20.4982 -1470.8960
v  1048.4095 20.4982 -1390.3721
v  1048.4095 20.4982 -1338.5077
v  1029.3923 20.4982 -1338.5077
v  1010.3752 20.4982 -1338.5077
v  1010.3752 20.0269 -1495.2523
v  1029.3923 20.0269 -1495.2523
v  1048.4095 41.1132 -1470.8960
v  1048.4095 40.6419 -1495.2523
v  1039.5065 44.4016 -1390.7651
v  1039.5065 24.9176 -1390.7651
v  1039.5065 24.9176 -1466.8711
v  1039.5065 44.4016 -1466.8711
v  1039.5065 44.4016 -1341.7463
v  1039.5065 24.9176 -1341.7463
v  1010.3752 41.1132 -1338.5077
v  1029.3923 41.1132 -1338.5077
v  1029.3923 40.2475 -1495.2523
v  1048.4095 71.2490 -1470.8960
v  1048.4095 70.7777 -1495.2523
v  1039.5065 72.8840 -1390.7651
v  1039.5065 72.8840 -1466.8711
v  1039.5065 72.8840 -1341.7463
v  1010.3752 71.2490 -1338.5077
v  1029.3923 71.2490 -1338.5077
v  1024.8059 69.2005 -1507.9869
v  1024.8059 43.1617 -1507.9869
v  1010.3752 43.1617 -1507.9869
v  1010.3752 69.2005 -1507.9869
v  1029.3923 71.1721 -1495.2523
v  1048.4095 104.4863 -1470.8959
v  1039.5065 104.4863 -1466.8711
v  1039.5065 104.4863 -1341.7463
v  1029.3923 104.4863 -1338.5077
v  1010.3752 71.1721 -1495.2523
v  1010.3752 40.2475 -1495.2523
v  972.3408 1.0937 -1495.2523
v  991.3580 1.0937 -1495.2523
v  991.3580 1.0937 -1470.8960
v  972.3408 1.0937 -1470.8960
v  991.3580 1.0937 -1390.3721
v  972.3408 1.0937 -1390.3721
v  991.3580 1.0937 -1338.5077
v  972.3408 1.0937 -1338.5077
v  972.3408 20.4982 -1495.2523
v  972.3408 20.4982 -1470.8960
v  972.3408 20.4982 -1390.3721
v  972.3408 20.4982 -1338.5077
v  991.3580 20.4982 -1338.5077
v  991.3580 20.0269 -1495.2523
v  972.3408 41.1132 -1470.8960
v  972.3408 41.1132 -1495.2523
v  981.2439 44.4016 -1390.7651
v  981.2439 44.4016 -1466.8711
v  981.2439 24.9176 -1466.8711
v  981.2439 24.9176 -1390.7651
v  981.2439 44.4016 -1341.7463
v  981.2439 24.9176 -1341.7463
v  991.3580 41.1132 -1338.5077
v  991.3580 40.2475 -1495.2523
v  972.3408 71.2490 -1470.8960
v  972.3408 71.2490 -1495.2523
v  981.2439 72.8840 -1390.7651
v  981.2439 72.8840 -1466.8711
v  981.2439 72.8840 -1341.7463
v  991.3580 71.2490 -1338.5077
v  995.9444 69.2005 -1507.9869
v  995.9444 43.1617 -1507.9869
v  991.3580 71.1721 -1495.2523
v  981.2439 104.4863 -1466.8711
v  972.3408 104.4863 -1470.8959
v  991.3580 104.4863 -1338.5077
v  981.2439 104.4863 -1341.7463
v  1048.4095 104.0150 -1495.2523
v  1039.5065 104.4863 -1390.7651
v  1010.3752 104.4863 -1338.5077
v  1029.3923 104.0150 -1495.2523
v  972.3408 104.4863 -1495.2523
v  981.2439 104.4863 -1390.7651
v  991.3580 104.0150 -1495.2523
v  1048.4095 207.8789 -1495.2523
v  1029.3923 207.8789 -1495.2523
v  1029.3923 207.8789 -1470.8959
v  1048.4095 207.8789 -1470.8959
v  1029.3923 207.8789 -1390.3721
v  1048.4095 207.8789 -1390.3721
v  1029.3923 207.8789 -1338.5077
v  1048.4095 207.8789 -1338.5077
v  1010.3752 207.8789 -1495.2523
v  1010.3752 207.8789 -1470.8959
v  1010.3752 207.8789 -1390.3721
v  1010.3752 207.8789 -1338.5077
v  1048.4095 188.4744 -1495.2523
v  1048.4095 188.4744 -1470.8959
v  1048.4095 188.4744 -1390.3721
v  1048.4095 188.4744 -1338.5077
v  1029.3923 188.4744 -1338.5077
v  1010.3752 188.4744 -1338.5077
v  1010.3752 188.0031 -1495.2523
v  1029.3923 188.0031 -1495.2523
v  1048.4095 167.8594 -1470.8959
v  1048.4095 167.8594 -1495.2523
v  1039.5065 164.5710 -1390.7651
v  1039.5065 164.5710 -1466.8711
v  1039.5065 184.0550 -1466.8711
v  1039.5065 184.0550 -1390.7651
v  1039.5065 164.5710 -1341.7463
v  1039.5065 184.0550 -1341.7463
v  1010.3752 167.8594 -1338.5077
v  1029.3923 167.8594 -1338.5077
v  1029.3923 167.7826 -1495.2523
v  1048.4095 137.7237 -1470.8959
v  1048.4095 137.7237 -1495.2523
v  1039.5065 136.0887 -1390.7651
v  1039.5065 136.0887 -1466.8711
v  1039.5065 136.0887 -1341.7463
v  1010.3752 137.7237 -1338.5077
v  1029.3923 137.7237 -1338.5077
v  1024.8059 139.7722 -1507.9869
v  1010.3752 139.7722 -1507.9869
v  1010.3752 165.8109 -1507.9868
v  1024.8059 165.8109 -1507.9868
v  1029.3923 136.8579 -1495.2523
v  1010.3752 136.8579 -1495.2523
v  1010.3752 167.7826 -1495.2523
v  972.3408 207.8789 -1495.2523
v  972.3408 207.8789 -1470.8959
v  991.3580 207.8789 -1470.8959
v  991.3580 207.8789 -1495.2523
v  972.3408 207.8789 -1390.3721
v  991.3580 207.8789 -1390.3721
v  972.3408 207.8789 -1338.5077
v  991.3580 207.8789 -1338.5077
v  972.3408 188.4744 -1495.2523
v  972.3408 188.4744 -1470.8959
v  972.3408 188.4744 -1390.3721
v  972.3408 188.4744 -1338.5077
v  991.3580 188.4744 -1338.5077
v  991.3580 188.0031 -1495.2523
v  972.3408 167.8594 -1470.8959
v  972.3408 167.8594 -1495.2523
v  981.2439 164.5710 -1390.7651
v  981.2439 184.0550 -1390.7651
v  981.2439 184.0550 -1466.8711
v  981.2439 164.5710 -1466.8711
v  981.2439 164.5710 -1341.7463
v  981.2439 184.0550 -1341.7463
v  991.3580 167.8594 -1338.5077
v  991.3580 167.7826 -1495.2523
v  972.3408 137.7237 -1470.8959
v  972.3408 137.7237 -1495.2523
v  981.2439 136.0887 -1390.7651
v  981.2439 136.0887 -1466.8711
v  981.2439 136.0887 -1341.7463
v  991.3580 137.7237 -1338.5077
v  995.9444 139.7722 -1507.9869
v  995.9444 165.8109 -1507.9868
v  991.3580 136.8579 -1495.2523
v  993.7681 104.0150 -1487.3467
v  993.7681 132.6956 -1487.3467
v  1010.3752 132.6956 -1487.3467
v  1010.3752 104.4863 -1487.3467
v  1010.3752 75.3344 -1487.3467
v  993.7681 75.3344 -1487.3467
v  1026.9823 132.6956 -1487.3467
v  1026.9823 104.0150 -1487.3467
v  1026.9823 75.3344 -1487.3467
v  1010.3752 169.0639 -1487.3467
v  993.7681 169.0639 -1487.3467
v  993.7681 186.7218 -1487.3467
v  1010.3752 186.7218 -1487.3467
v  1010.3752 21.3082 -1487.3467
v  993.7681 21.3082 -1487.3467
v  993.7681 38.9661 -1487.3467
v  1010.3752 38.9661 -1487.3467
v  1026.9823 38.9661 -1487.3467
v  1026.9823 21.3082 -1487.3467
v  1026.9823 186.7218 -1487.3467
v  1026.9823 169.0639 -1487.3467
# 192 vertices

vn 0.5763 -0.5834 -0.5722
vn 0.7093 -0.7049 0.0068
vn 0.0000 -1.0000 0.0097
vn -0.0089 -0.7166 -0.6974
vn 0.7071 -0.7071 -0.0000
vn -0.0000 -1.0000 -0.0000
vn 0.5774 -0.5774 0.5774
vn 0.0000 -0.7071 0.7071
vn -0.0087 -0.7042 -0.7099
vn 0.7071 0.0000 -0.7071
vn 0.9676 0.1800 0.1769
vn 0.8499 0.5270 0.0000
vn 0.5491 0.4280 0.7178
vn 0.1543 -0.0000 0.9880
vn 0.0000 -0.0000 1.0000
vn 0.0000 0.6481 -0.7616
vn -0.2402 0.2237 -0.9446
vn 0.8402 -0.0000 0.5422
vn 1.0000 0.0000 -0.0000
vn 0.7908 0.4246 0.4408
vn 0.8078 -0.0000 0.5895
vn 0.5466 0.5317 0.6469
vn -0.0150 -0.4807 -0.8768
vn 0.4629 0.5422 -0.7012
vn 0.4645 -0.5152 -0.7202
vn -0.0000 -0.6233 -0.7820
vn -0.0000 0.6508 -0.7593
vn 0.0538 0.4464 -0.8932
vn 0.8403 -0.0000 0.5422
vn -0.0000 0.9495 -0.3137
vn -0.0000 -0.9815 -0.1916
vn -0.5774 -0.5774 -0.5774
vn -0.0000 -0.7071 -0.7071
vn -0.7071 -0.7071 -0.0000
vn -0.5774 -0.5774 0.5774
vn -0.7071 0.0000 -0.7071
vn -0.9676 0.1800 0.1769
vn -0.8499 0.5270 0.0000
vn -0.5491 0.4280 0.7178
vn -0.1543 -0.0000 0.9880
vn 0.2402 0.2237 -0.9446
vn -0.8402 -0.0000 0.5422
vn -1.0000 0.0000 0.0000
vn -0.7908 0.4246 0.4408
vn -0.8078 -0.0000 0.5895
vn -0.5466 0.5317 0.6469
vn 0.0150 -0.4807 -0.8768
vn -0.7071 -0.0000 -0.7071
vn -0.4629 0.5422 -0.7012
vn -0.4645 -0.5152 -0.7202
vn -0.0538 0.4464 -0.8932
vn -0.8403 -0.0000 0.5422
vn -0.5951 0.0000 -0.8036
vn 0.5951 0.0000 -0.8036
vn 0.5774 0.5774 -0.5774
vn -0.0000 0.7071 -0.7071
vn 0.0000 1.0000 0.0000
vn 0.7071 0.7071 0.0000
vn 0.0000 0.7071 0.7071
vn 0.5774 0.5774 0.5774
vn 0.7071 -0.0000 -0.7071
vn 0.9676 -0.1800 0.1769
vn 0.8499 -0.5270 -0.0000
vn 0.5491 -0.4280 0.7178
vn -0.0000 -0.6481 -0.7616
vn -0.2402 -0.2237 -0.9446
vn 0.7908 -0.4246 0.4408
vn 0.5466 -0.5317 0.6469
vn -0.0027 0.4879 -0.8729
vn 0.0414 -0.4401 -0.8970
vn -0.0000 -0.9377 -0.3474
vn -0.0000 0.9877 -0.1565
vn -0.5774 0.5774 -0.5774
vn -0.7071 0.7071 0.0000
vn -0.5774 0.5774 0.5774
vn -0.9676 -0.1800 0.1769
vn -0.8499 -0.5270 -0.0000
vn -0.5491 -0.4280 0.7178
vn 0.2402 -0.2237 -0.9446
vn -0.7908 -0.4246 0.4408
vn -0.5466 -0.5317 0.6469
vn 0.0027 0.4879 -0.8729
vn -0.0414 -0.4401 -0.8970
vn 0.4942 -0.4116 -0.7657
vn -0.0000 -0.5168 -0.8561
vn 0.0000 0.0000 -1.0000
vn -0.0000 0.5168 -0.8561
vn 0.4942 0.4116 -0.7657
vn -0.4942 -0.4116 -0.7657
vn -0.4942 0.4116 -0.7657
vn -0.0000 0.6481 -0.7616
vn 0.4817 0.5370 -0.6925
vn 0.4817 -0.5370 -0.6925
vn -0.4817 -0.5370 -0.6925
vn -0.4817 0.5370 -0.6925
# 95 vertex normals

vt 0.5808 0.7875 0.0000
vt 0.6340 0.7875 0.0000
vt 0.6340 0.8290 0.0000
vt 0.5808 0.8290 0.0000
vt 0.8098 0.7875 0.0000
vt 0.8098 0.8290 0.0000
vt 0.9231 0.7875 0.0000
vt 0.9231 0.8290 0.0000
vt 0.6340 0.8705 0.0000
vt 0.5808 0.8705 0.0000
vt 0.8098 0.8705 0.0000
vt 0.9231 0.8705 0.0000
vt 0.6860 0.0424 0.0000
vt 0.6328 0.0424 0.0000
vt 0.6328 0.0000 0.0000
vt 0.6860 0.0000 0.0000
vt 0.4569 0.0424 0.0000
vt 0.4569 0.0000 0.0000
vt 0.3437 0.0424 0.0000
vt 0.3437 0.0000 0.0000
vt 0.1690 0.7991 0.0000
vt 0.1690 0.8406 0.0000
vt 0.1266 0.8406 0.0000
vt 0.1266 0.7991 0.0000
vt 0.9576 0.5358 0.0000
vt 0.9576 0.4943 0.0000
vt 1.0000 0.4943 0.0000
vt 1.0000 0.5358 0.0000
vt 0.9576 0.4528 0.0000
vt 1.0000 0.4528 0.0000
vt 0.6328 0.0874 0.0000
vt 0.6860 0.0874 0.0000
vt 0.1397 0.2311 0.0000
vt 0.0971 0.2311 0.0000
vt 0.0971 0.0649 0.0000
vt 0.1397 0.0649 0.0000
vt 0.1397 0.3382 0.0000
vt 0.0971 0.3382 0.0000
vt 0.2140 0.8406 0.0000
vt 0.2140 0.7991 0.0000
vt 0.9126 0.4528 0.0000
vt 0.9135 0.4943 0.0000
vt 0.6328 0.1532 0.0000
vt 0.6860 0.1532 0.0000
vt 0.2019 0.2311 0.0000
vt 0.2019 0.0649 0.0000
vt 0.2019 0.3382 0.0000
vt 0.2798 0.8406 0.0000
vt 0.2798 0.7991 0.0000
vt 0.8821 0.0296 0.0000
vt 0.9390 0.0296 0.0000
vt 0.9390 0.0611 0.0000
vt 0.8821 0.0611 0.0000
vt 0.8468 0.4528 0.0000
vt 0.8459 0.4943 0.0000
vt 0.0754 0.3452 0.0000
vt 0.0754 0.2320 0.0000
vt 0.0754 0.0561 0.0000
vt 0.0875 0.0436 0.0000
vt 0.1325 0.0436 0.0000
vt 0.1983 0.0436 0.0000
vt 0.2709 0.0436 0.0000
vt 0.2709 0.0649 0.0000
vt 0.2834 0.7759 0.0000
vt 0.3524 0.7759 0.0000
vt 0.3524 0.7991 0.0000
vt 0.2212 0.7759 0.0000
vt 0.1786 0.7759 0.0000
vt 0.8538 0.0611 0.0000
vt 0.8538 0.0195 0.0000
vt 0.8768 0.0000 0.0000
vt 0.9443 0.0000 0.0000
vt 0.9673 0.0195 0.0000
vt 0.9673 0.0611 0.0000
vt 0.5808 0.9536 0.0000
vt 0.5808 0.9121 0.0000
vt 0.6340 0.9121 0.0000
vt 0.6340 0.9536 0.0000
vt 0.8098 0.9121 0.0000
vt 0.8098 0.9536 0.0000
vt 0.9231 0.9121 0.0000
vt 0.9231 0.9536 0.0000
vt 0.0000 0.0424 0.0000
vt 0.0000 0.0000 0.0000
vt 0.0532 0.0000 0.0000
vt 0.0532 0.0424 0.0000
vt 0.2290 0.0000 0.0000
vt 0.2290 0.0424 0.0000
vt 0.3423 0.0000 0.0000
vt 0.3423 0.0424 0.0000
vt 0.1690 0.8821 0.0000
vt 0.1266 0.8821 0.0000
vt 1.0000 0.5774 0.0000
vt 0.9576 0.5774 0.0000
vt 1.0000 0.6189 0.0000
vt 0.9576 0.6189 0.0000
vt 0.0532 0.0874 0.0000
vt 0.0000 0.0874 0.0000
vt 0.2199 0.5669 0.0000
vt 0.2199 0.7331 0.0000
vt 0.1774 0.7331 0.0000
vt 0.1774 0.5669 0.0000
vt 0.2199 0.4599 0.0000
vt 0.1774 0.4599 0.0000
vt 0.2140 0.8821 0.0000
vt 0.9126 0.6189 0.0000
vt 0.9135 0.5774 0.0000
vt 0.0532 0.1532 0.0000
vt 0.0000 0.1532 0.0000
vt 0.2821 0.5669 0.0000
vt 0.2821 0.7331 0.0000
vt 0.2821 0.4599 0.0000
vt 0.2798 0.8821 0.0000
vt 0.8821 0.0926 0.0000
vt 0.9390 0.0926 0.0000
vt 0.8468 0.6189 0.0000
vt 0.8459 0.5774 0.0000
vt 0.1557 0.4528 0.0000
vt 0.1557 0.5660 0.0000
vt 0.1557 0.7419 0.0000
vt 0.1677 0.7544 0.0000
vt 0.2127 0.7544 0.0000
vt 0.2786 0.7544 0.0000
vt 0.3511 0.7331 0.0000
vt 0.3511 0.7544 0.0000
vt 0.2834 0.9053 0.0000
vt 0.3524 0.8821 0.0000
vt 0.3524 0.9053 0.0000
vt 0.2212 0.9053 0.0000
vt 0.1786 0.9053 0.0000
vt 0.8538 0.1026 0.0000
vt 0.8768 0.1221 0.0000
vt 0.9443 0.1221 0.0000
vt 0.9673 0.1026 0.0000
vt 0.6328 0.2258 0.0000
vt 0.6860 0.2258 0.0000
vt 0.2709 0.2311 0.0000
vt 0.2709 0.3382 0.0000
vt 0.3524 0.8406 0.0000
vt 0.7742 0.4528 0.0000
vt 0.7742 0.4943 0.0000
vt 0.0000 0.2258 0.0000
vt 0.0532 0.2258 0.0000
vt 0.3511 0.5669 0.0000
vt 0.3511 0.4599 0.0000
vt 0.7742 0.5774 0.0000
vt 0.7742 0.6189 0.0000
vt 0.9231 0.6201 0.0000
vt 0.9231 0.6617 0.0000
vt 0.8699 0.6617 0.0000
vt 0.8699 0.6201 0.0000
vt 0.6940 0.6617 0.0000
vt 0.6940 0.6201 0.0000
vt 0.5808 0.6617 0.0000
vt 0.5808 0.6201 0.0000
vt 0.9231 0.7032 0.0000
vt 0.8699 0.7032 0.0000
vt 0.6940 0.7032 0.0000
vt 0.5808 0.7032 0.0000
vt 0.6860 0.4092 0.0000
vt 0.6860 0.4516 0.0000
vt 0.6328 0.4516 0.0000
vt 0.6328 0.4092 0.0000
vt 0.4569 0.4516 0.0000
vt 0.4569 0.4092 0.0000
vt 0.3437 0.4516 0.0000
vt 0.3437 0.4092 0.0000
vt 0.5358 0.7991 0.0000
vt 0.5782 0.7991 0.0000
vt 0.5782 0.8406 0.0000
vt 0.5358 0.8406 0.0000
vt 0.5908 0.5358 0.0000
vt 0.5484 0.5358 0.0000
vt 0.5484 0.4943 0.0000
vt 0.5908 0.4943 0.0000
vt 0.5484 0.4528 0.0000
vt 0.5908 0.4528 0.0000
vt 0.6328 0.3642 0.0000
vt 0.6860 0.3642 0.0000
vt 0.4021 0.2311 0.0000
vt 0.4021 0.0649 0.0000
vt 0.4447 0.0649 0.0000
vt 0.4447 0.2311 0.0000
vt 0.4021 0.3382 0.0000
vt 0.4447 0.3382 0.0000
vt 0.4908 0.8406 0.0000
vt 0.4908 0.7991 0.0000
vt 0.6358 0.4528 0.0000
vt 0.6350 0.4943 0.0000
vt 0.6328 0.2984 0.0000
vt 0.6860 0.2984 0.0000
vt 0.3399 0.2311 0.0000
vt 0.3399 0.0649 0.0000
vt 0.3399 0.3382 0.0000
vt 0.4250 0.8406 0.0000
vt 0.4250 0.7991 0.0000
vt 0.5534 0.0732 0.0000
vt 0.5534 0.1047 0.0000
vt 0.4965 0.1047 0.0000
vt 0.4965 0.0732 0.0000
vt 0.7016 0.4528 0.0000
vt 0.7025 0.4943 0.0000
vt 0.4664 0.3452 0.0000
vt 0.4664 0.2320 0.0000
vt 0.4664 0.0561 0.0000
vt 0.4543 0.0436 0.0000
vt 0.4093 0.0436 0.0000
vt 0.3435 0.0436 0.0000
vt 0.4214 0.7759 0.0000
vt 0.4836 0.7759 0.0000
vt 0.5262 0.7759 0.0000
vt 0.5817 0.1047 0.0000
vt 0.5817 0.0631 0.0000
vt 0.5587 0.0436 0.0000
vt 0.4912 0.0436 0.0000
vt 0.4682 0.0631 0.0000
vt 0.4682 0.1047 0.0000
vt 0.9231 0.7862 0.0000
vt 0.8699 0.7862 0.0000
vt 0.8699 0.7447 0.0000
vt 0.9231 0.7447 0.0000
vt 0.6940 0.7862 0.0000
vt 0.6940 0.7447 0.0000
vt 0.5808 0.7862 0.0000
vt 0.5808 0.7447 0.0000
vt 0.0000 0.4092 0.0000
vt 0.0532 0.4092 0.0000
vt 0.0532 0.4516 0.0000
vt 0.0000 0.4516 0.0000
vt 0.2290 0.4092 0.0000
vt 0.2290 0.4516 0.0000
vt 0.3423 0.4092 0.0000
vt 0.3423 0.4516 0.0000
vt 0.5358 0.8821 0.0000
vt 0.5782 0.8821 0.0000
vt 0.5908 0.5774 0.0000
vt 0.5484 0.5774 0.0000
vt 0.5908 0.6189 0.0000
vt 0.5484 0.6189 0.0000
vt 0.0532 0.3642 0.0000
vt 0.0000 0.3642 0.0000
vt 0.4823 0.5669 0.0000
vt 0.5249 0.5669 0.0000
vt 0.5249 0.7331 0.0000
vt 0.4823 0.7331 0.0000
vt 0.4823 0.4599 0.0000
vt 0.5249 0.4599 0.0000
vt 0.4908 0.8821 0.0000
vt 0.6358 0.6189 0.0000
vt 0.6350 0.5774 0.0000
vt 0.0532 0.2984 0.0000
vt 0.0000 0.2984 0.0000
vt 0.4201 0.5669 0.0000
vt 0.4201 0.7331 0.0000
vt 0.4201 0.4599 0.0000
vt 0.4250 0.8821 0.0000
vt 0.5534 0.1362 0.0000
vt 0.4965 0.1362 0.0000
vt 0.7016 0.6189 0.0000
vt 0.7025 0.5774 0.0000
vt 0.5466 0.4528 0.0000
vt 0.5466 0.5660 0.0000
vt 0.5466 0.7419 0.0000
vt 0.5345 0.7544 0.0000
vt 0.4895 0.7544 0.0000
vt 0.4237 0.7544 0.0000
vt 0.4214 0.9053 0.0000
vt 0.4836 0.9053 0.0000
vt 0.5262 0.9053 0.0000
vt 0.5817 0.1462 0.0000
vt 0.5587 0.1657 0.0000
vt 0.4912 0.1657 0.0000
vt 0.4682 0.1462 0.0000
vt 0.7695 0.0906 0.0000
vt 0.7069 0.0906 0.0000
vt 0.7069 0.0543 0.0000
vt 0.7695 0.0543 0.0000
vt 0.8321 0.0543 0.0000
vt 0.8321 0.0906 0.0000
vt 0.7069 0.0180 0.0000
vt 0.7695 0.0180 0.0000
vt 0.8321 0.0180 0.0000
vt 0.7434 0.1642 0.0000
vt 0.7434 0.2004 0.0000
vt 0.7048 0.2004 0.0000
vt 0.7048 0.1642 0.0000
vt 0.8571 0.1642 0.0000
vt 0.8571 0.2004 0.0000
vt 0.8186 0.2004 0.0000
vt 0.8186 0.1642 0.0000
vt 0.8186 0.1279 0.0000
vt 0.8571 0.1279 0.0000
vt 0.7048 0.1279 0.0000
vt 0.7434 0.1279 0.0000
vt 0.1257 0.7576 0.0000
vt 0.1681 0.7557 0.0000
vt 0.1681 0.9256 0.0000
vt 0.1257 0.9237 0.0000
vt 0.5367 0.7557 0.0000
vt 0.5791 0.7576 0.0000
vt 0.5791 0.9237 0.0000
vt 0.5367 0.9256 0.0000
vt 0.8516 0.0128 0.0000
vt 0.8516 0.0543 0.0000
vt 0.8516 0.0958 0.0000
vt 0.8412 0.1086 0.0000
vt 0.7695 0.1086 0.0000
vt 0.6978 0.1086 0.0000
vt 0.6873 0.0958 0.0000
vt 0.6873 0.0543 0.0000
vt 0.6873 0.0128 0.0000
vt 0.6978 0.0000 0.0000
vt 0.7695 0.0000 0.0000
vt 0.8412 0.0000 0.0000
vt 0.6873 0.1642 0.0000
vt 0.6873 0.1226 0.0000
vt 0.7020 0.1099 0.0000
vt 0.7462 0.1099 0.0000
vt 0.7609 0.1226 0.0000
vt 0.7609 0.1642 0.0000
vt 0.7609 0.2057 0.0000
vt 0.7462 0.2185 0.0000
vt 0.7020 0.2185 0.0000
vt 0.6873 0.2057 0.0000
vt 0.8746 0.1226 0.0000
vt 0.8746 0.1642 0.0000
vt 0.8746 0.2057 0.0000
vt 0.8599 0.2185 0.0000
vt 0.8158 0.2185 0.0000
vt 0.8011 0.2057 0.0000
vt 0.8011 0.1642 0.0000
vt 0.8011 0.1226 0.0000
vt 0.8158 0.1099 0.0000
vt 0.8599 0.1099 0.0000
# 334 texture coords

o Door_R
g Door_R
usemtl wire_035030158
s 4
f 1237/797/630 1238/798/631 1239/799/632 1240/800/633 
f 1238/798/631 1241/801/634 1242/802/635 1239/799/632 
f 1241/801/634 1243/803/636 1244/804/637 1242/802/635 
f 1240/800/633 1239/799/632 1245/805/635 1246/806/638 
f 1239/799/632 1242/802/635 1247/807/635 1245/805/635 
f 1242/802/635 1244/804/637 1248/808/637 1247/807/635 
s 8
f 1249/809/639 1250/810/640 1238/811/631 1237/812/630 
f 1250/810/640 1251/813/641 1241/814/634 1238/811/631 
f 1251/813/641 1252/815/642 1243/816/636 1241/814/634 
s 16
f 1253/817/643 1254/818/644 1248/819/637 1244/820/637 
s 64
f 1255/821/645 1256/822/646 1240/823/633 1246/824/638 
f 1256/822/646 1249/825/639 1237/826/630 1240/823/633 
s 8
f 1257/827/647 1250/810/640 1249/809/639 1258/828/639 
f 1259/829/648 1260/830/641 1261/831/649 1262/832/647 
f 1263/833/650 1264/834/651 1260/830/641 1259/829/648 
s 16
f 1265/835/644 1254/818/644 1253/817/643 1266/836/643 
s 64
f 1258/837/639 1249/825/639 1256/822/646 1267/838/652 
s 8
f 1268/839/647 1257/827/647 1258/828/639 1269/840/639 
f 1270/841/648 1259/829/648 1262/832/647 1271/842/647 
f 1272/843/650 1263/833/650 1259/829/648 1270/841/648 
s 16
f 1273/844/644 1265/835/644 1266/836/643 1274/845/643 
s 64
f 1275/846/653 1276/847/654 1277/848/655 1278/849/656 
f 1269/850/639 1258/837/639 1267/838/652 1279/851/657 
s 1
f 1252/852/642 1251/853/641 1260/830/641 1264/834/651 
f 1251/853/641 1250/854/640 1261/831/649 1260/830/641 
s 2
f 1250/855/640 1257/856/647 1262/832/647 1261/831/649 
f 1257/856/647 1268/857/647 1271/842/647 1262/832/647 
f 1268/857/647 1280/858/658 1281/859/658 1271/842/647 
s 16
f 1272/860/650 1282/861/650 1283/862/643 1274/845/643 
f 1263/863/650 1272/860/650 1274/845/643 1266/836/643 
f 1264/864/651 1263/863/650 1266/836/643 1253/817/643 
s 2
f 1284/865/659 1279/866/657 1275/846/653 1278/849/656 
s off
f 1279/867/657 1267/868/652 1276/847/654 1275/846/653 
s 2
f 1267/869/652 1285/870/660 1277/848/655 1276/847/654 
s 4
f 1286/871/661 1287/872/662 1288/873/635 1289/874/663 
f 1289/874/663 1288/873/635 1290/875/635 1291/876/663 
f 1291/876/663 1290/875/635 1292/877/637 1293/878/664 
f 1287/872/662 1246/806/638 1245/805/635 1288/873/635 
f 1288/873/635 1245/805/635 1247/807/635 1290/875/635 
f 1290/875/635 1247/807/635 1248/808/637 1292/877/637 
s 8
f 1294/879/665 1286/880/661 1289/881/663 1295/882/666 
f 1295/882/666 1289/881/663 1291/883/663 1296/884/667 
f 1296/884/667 1291/883/663 1293/885/664 1297/886/668 
s 16
f 1298/887/669 1292/888/637 1248/819/637 1254/818/644 
s 64
f 1255/821/645 1246/824/638 1287/889/662 1299/890/670 
f 1299/890/670 1287/889/662 1286/891/661 1294/892/665 
s 8
f 1300/893/671 1301/894/665 1294/879/665 1295/882/666 
f 1302/895/672 1303/896/671 1304/897/673 1305/898/667 
f 1306/899/674 1302/895/672 1305/898/667 1307/900/675 
s 16
f 1265/835/644 1308/901/669 1298/887/669 1254/818/644 
s 64
f 1301/902/665 1309/903/676 1299/890/670 1294/892/665 
s 8
f 1310/904/671 1311/905/677 1301/894/665 1300/893/671 
f 1312/906/672 1313/907/671 1303/896/671 1302/895/672 
f 1314/908/674 1312/906/672 1302/895/672 1306/899/674 
s 16
f 1273/844/644 1315/909/669 1308/901/669 1265/835/644 
s 64
f 1316/910/678 1278/849/656 1277/848/655 1317/911/679 
f 1311/912/677 1318/913/680 1309/903/676 1301/902/665 
s 1
f 1297/914/668 1307/900/675 1305/898/667 1296/915/667 
f 1296/915/667 1305/898/667 1304/897/673 1295/916/666 
s 2
f 1295/917/666 1304/897/673 1303/896/671 1300/918/671 
f 1300/918/671 1303/896/671 1313/907/671 1310/919/671 
f 1310/919/671 1313/907/671 1319/920/681 1320/921/681 
s 16
f 1314/922/674 1315/909/669 1321/923/669 1322/924/674 
f 1306/925/674 1308/901/669 1315/909/669 1314/922/674 
f 1307/926/675 1298/887/669 1308/901/669 1306/925/674 
s 2
f 1284/865/659 1278/849/656 1316/910/678 1318/927/680 
s off
f 1318/928/680 1316/910/678 1317/911/679 1309/929/676 
s 2
f 1309/930/676 1317/911/679 1277/848/655 1285/870/660 
s 8
f 1280/931/658 1268/839/647 1269/840/639 1323/932/639 
f 1324/933/648 1270/841/648 1271/842/647 1281/859/658 
f 1282/934/650 1272/843/650 1270/841/648 1324/933/648 
s 16
f 1325/935/644 1273/844/644 1274/845/643 1283/862/643 
s 64
f 1323/936/639 1269/850/639 1279/851/657 1326/937/682 
s 8
f 1327/938/665 1311/905/677 1310/904/671 1320/939/681 
f 1319/920/681 1313/907/671 1312/906/672 1328/940/672 
f 1328/940/672 1312/906/672 1314/908/674 1322/941/674 
s 16
f 1321/923/669 1315/909/669 1273/844/644 1325/935/644 
s 64
f 1329/942/683 1318/913/680 1311/912/677 1327/943/665 
s 4
f 1330/944/684 1331/945/685 1332/946/686 1333/947/687 
f 1333/947/687 1332/946/686 1334/948/686 1335/949/687 
f 1335/949/687 1334/948/686 1336/950/688 1337/951/689 
f 1331/945/685 1338/952/685 1339/953/686 1332/946/686 
f 1332/946/686 1339/953/686 1340/954/686 1334/948/686 
f 1334/948/686 1340/954/686 1341/955/688 1336/950/688 
s 8
f 1342/956/690 1330/957/684 1333/958/687 1343/959/691 
f 1343/959/691 1333/958/687 1335/960/687 1344/961/692 
f 1344/961/692 1335/960/687 1337/962/689 1345/963/693 
s 16
f 1346/964/643 1336/965/688 1341/966/688 1347/967/644 
s 64
f 1348/968/694 1338/969/685 1331/970/685 1349/971/695 
f 1349/971/695 1331/970/685 1330/972/684 1342/973/690 
s 8
f 1350/974/647 1351/975/690 1342/956/690 1343/959/691 
f 1352/976/648 1353/977/647 1354/978/696 1355/979/692 
f 1356/980/650 1352/976/648 1355/979/692 1357/981/697 
s 16
f 1358/982/644 1359/983/643 1346/964/643 1347/967/644 
s 64
f 1351/984/690 1360/985/698 1349/971/695 1342/973/690 
s 8
f 1361/986/647 1362/987/639 1351/975/690 1350/974/647 
f 1363/988/648 1364/989/647 1353/977/647 1352/976/648 
f 1365/990/650 1363/988/648 1352/976/648 1356/980/650 
s 16
f 1366/991/644 1367/992/643 1359/983/643 1358/982/644 
s 64
f 1368/993/654 1369/994/655 1370/995/656 1371/996/653 
f 1362/997/639 1372/998/699 1360/985/698 1351/984/690 
s 1
f 1345/999/693 1357/981/697 1355/979/692 1344/1000/692 
f 1344/1000/692 1355/979/692 1354/978/696 1343/1001/691 
s 2
f 1343/1002/691 1354/978/696 1353/977/647 1350/1003/647 
f 1350/1003/647 1353/977/647 1364/989/647 1361/1004/647 
f 1361/1004/647 1364/989/647 1281/859/658 1280/858/658 
s 16
f 1365/1005/650 1367/992/643 1283/862/643 1282/861/650 
f 1356/1006/650 1359/983/643 1367/992/643 1365/1005/650 
f 1357/1007/697 1346/964/643 1359/983/643 1356/1006/650 
s 2
f 1373/1008/700 1369/994/655 1368/993/654 1372/1009/699 
s off
f 1372/1010/699 1368/993/654 1371/996/653 1360/1011/698 
s 2
f 1360/1012/698 1371/996/653 1370/995/656 1374/1013/701 
s 4
f 1375/1014/702 1376/1015/703 1377/1016/686 1378/1017/685 
f 1376/1015/703 1379/1018/703 1380/1019/686 1377/1016/686 
f 1379/1018/703 1381/1020/704 1382/1021/688 1380/1019/686 
f 1378/1017/685 1377/1016/686 1339/953/686 1338/952/685 
f 1377/1016/686 1380/1019/686 1340/954/686 1339/953/686 
f 1380/1019/686 1382/1021/688 1341/955/688 1340/954/686 
s 8
f 1383/1022/677 1384/1023/705 1376/1024/703 1375/1025/702 
f 1384/1023/705 1385/1026/706 1379/1027/703 1376/1024/703 
f 1385/1026/706 1386/1028/707 1381/1029/704 1379/1027/703 
s 16
f 1387/1030/669 1347/967/644 1341/966/688 1382/1031/688 
s 64
f 1348/968/694 1388/1032/708 1378/1033/685 1338/969/685 
f 1388/1032/708 1383/1034/677 1375/1035/702 1378/1033/685 
s 8
f 1389/1036/671 1384/1023/705 1383/1022/677 1390/1037/677 
f 1391/1038/672 1392/1039/706 1393/1040/709 1394/1041/671 
f 1395/1042/674 1396/1043/710 1392/1039/706 1391/1038/672 
s 16
f 1358/982/644 1347/967/644 1387/1030/669 1397/1044/669 
s 64
f 1390/1045/677 1383/1034/677 1388/1032/708 1398/1046/711 
s 8
f 1399/1047/671 1389/1036/671 1390/1037/677 1400/1048/665 
f 1401/1049/672 1391/1038/672 1394/1041/671 1402/1050/671 
f 1403/1051/674 1395/1042/674 1391/1038/672 1401/1049/672 
s 16
f 1366/991/644 1358/982/644 1397/1044/669 1404/1052/669 
s 64
f 1405/1053/679 1406/1054/678 1370/995/656 1369/994/655 
f 1400/1055/665 1390/1045/677 1398/1046/711 1407/1056/712 
s 1
f 1386/1057/707 1385/1058/706 1392/1039/706 1396/1043/710 
f 1385/1058/706 1384/1059/705 1393/1040/709 1392/1039/706 
s 2
f 1384/1060/705 1389/1061/671 1394/1041/671 1393/1040/709 
f 1389/1061/671 1399/1062/671 1402/1050/671 1394/1041/671 
f 1399/1062/671 1320/921/681 1319/920/681 1402/1050/671 
s 16
f 1403/1063/674 1322/924/674 1321/923/669 1404/1052/669 
f 1395/1064/674 1403/1063/674 1404/1052/669 1397/1044/669 
f 1396/1065/710 1395/1064/674 1397/1044/669 1387/1030/669 
s 2
f 1373/1008/700 1407/1066/712 1405/1053/679 1369/994/655 
s off
f 1407/1067/712 1398/1068/711 1406/1054/678 1405/1053/679 
s 2
f 1398/1069/711 1374/1013/701 1370/995/656 1406/1054/678 
s 8
f 1280/931/658 1323/932/639 1362/987/639 1361/986/647 
f 1324/933/648 1281/859/658 1364/989/647 1363/988/648 
f 1282/934/650 1324/933/648 1363/988/648 1365/990/650 
s 16
f 1325/935/644 1283/862/643 1367/992/643 1366/991/644 
s 64
f 1323/936/639 1326/937/682 1372/998/699 1362/997/639 
s 8
f 1327/938/665 1320/939/681 1399/1047/671 1400/1048/665 
f 1319/920/681 1328/940/672 1401/1049/672 1402/1050/671 
f 1328/940/672 1322/941/674 1403/1051/674 1401/1049/672 
s 16
f 1321/923/669 1325/935/644 1366/991/644 1404/1052/669 
s 64
f 1329/942/683 1327/943/665 1400/1055/665 1407/1056/712 
s 32
f 1408/1070/683 1409/1071/713 1410/1072/714 1411/1073/715 
f 1412/1074/716 1413/1075/717 1408/1070/683 1411/1073/715 
f 1410/1072/714 1414/1076/718 1415/1077/682 1411/1073/715 
f 1411/1073/715 1415/1077/682 1416/1078/719 1412/1074/716 
s 128
f 1417/1079/720 1418/1080/721 1419/1081/722 1420/1082/694 
s 256
f 1421/1083/645 1422/1084/721 1423/1085/722 1424/1086/694 
f 1424/1086/694 1425/1087/723 1426/1088/724 1421/1083/645 
s 128
f 1420/1082/694 1427/1089/723 1428/1090/724 1417/1079/720 
s 16
f 1264/864/651 1253/817/643 1244/820/637 1243/1091/636 1252/1092/642 
f 1307/926/675 1297/1093/668 1293/1094/664 1292/888/637 1298/887/669 
f 1357/1007/697 1345/1095/693 1337/1096/689 1336/965/688 1346/964/643 
f 1396/1065/710 1387/1030/669 1382/1031/688 1381/1097/704 1386/1098/707 
s 1
f 1279/1099/657 1284/1100/659 1412/1074/716 1416/1078/719 
f 1284/1100/659 1318/1101/680 1413/1075/717 1412/1074/716 
s 4
f 1318/1102/680 1329/1103/683 1408/1070/683 1413/1075/717 
f 1329/1103/683 1407/1104/712 1409/1071/713 1408/1070/683 
s 1
f 1407/1105/712 1373/1106/700 1410/1072/714 1409/1071/713 
f 1373/1106/700 1372/1107/699 1414/1076/718 1410/1072/714 
s 4
f 1372/1108/699 1326/1109/682 1415/1077/682 1414/1076/718 
f 1326/1109/682 1279/1110/657 1416/1078/719 1415/1077/682 
s 1
f 1348/1111/694 1349/1112/695 1427/1089/723 1420/1082/694 
s off
f 1349/1113/695 1360/1114/698 1428/1090/724 1427/1089/723 
s 1
f 1360/1115/698 1374/1116/701 1417/1079/720 1428/1090/724 
f 1374/1116/701 1398/1117/711 1418/1080/721 1417/1079/720 
s off
f 1398/1118/711 1388/1119/708 1419/1081/722 1418/1080/721 
s 1
f 1388/1120/708 1348/1111/694 1420/1082/694 1419/1081/722 
f 1256/1121/646 1255/1122/645 1421/1083/645 1426/1088/724 
f 1255/1122/645 1299/1123/670 1422/1084/721 1421/1083/645 
s off
f 1299/1124/670 1309/1125/676 1423/1085/722 1422/1084/721 
s 1
f 1309/1126/676 1285/1127/660 1424/1086/694 1423/1085/722 
f 1285/1127/660 1267/1128/652 1425/1087/723 1424/1086/694 
s off
f 1267/1129/652 1256/1130/646 1426/1088/724 1425/1087/723 
# 188 polygons

#
# object COG_L
#

v  994.5573 314.6865 -1654.7434
v  994.5573 321.9255 -1661.9824
v  994.5573 317.3361 -1664.6321
v  994.5573 324.5751 -1657.3931
v  994.5573 324.5751 -1652.0938
v  994.5573 321.9254 -1647.5044
v  994.5573 317.3361 -1644.8547
v  994.5573 312.0368 -1644.8547
v  994.5573 307.4475 -1647.5044
v  994.5573 304.7978 -1652.0938
v  994.5573 304.7978 -1657.3931
v  994.5573 307.4475 -1661.9824
v  994.5573 312.0368 -1664.6321
v  1004.6188 337.4121 -1677.4690
v  1004.6188 343.0935 -1683.1504
v  1004.6188 325.0842 -1693.5481
v  1004.6188 323.0046 -1685.7871
v  1004.6188 345.7302 -1663.0615
v  1004.6188 353.4912 -1665.1410
v  1004.6188 345.7302 -1646.4252
v  1004.6188 353.4911 -1644.3457
v  1004.6188 337.4120 -1632.0178
v  1004.6188 343.0934 -1626.3363
v  1004.6188 323.0046 -1623.6997
v  1004.6188 325.0841 -1615.9387
v  1004.6188 306.3683 -1623.6997
v  1004.6188 304.2887 -1615.9387
v  1004.6188 291.9608 -1632.0178
v  1004.6188 286.2794 -1626.3364
v  1004.6188 283.6427 -1646.4253
v  1004.6188 275.8818 -1644.3457
v  1004.6188 283.6427 -1663.0615
v  1004.6188 275.8818 -1665.1411
v  1004.6188 291.9609 -1677.4690
v  1004.6188 286.2795 -1683.1504
v  1004.6188 306.3683 -1685.7871
v  1004.6188 304.2888 -1693.5481
v  1001.0377 327.1638 -1701.3090
v  1001.0377 348.7749 -1688.8318
v  1001.0377 352.6103 -1692.6671
v  1001.0377 328.5676 -1706.5482
v  1001.0377 361.2521 -1667.2206
v  1001.0377 366.4913 -1668.6244
v  1001.0377 361.2521 -1642.2661
v  1001.0377 366.4913 -1640.8623
v  1001.0377 348.7748 -1620.6549
v  1001.0377 352.6102 -1616.8196
v  1001.0377 327.1636 -1608.1777
v  1001.0377 328.5674 -1602.9386
v  1001.0377 302.2092 -1608.1777
v  1001.0377 300.8053 -1602.9386
v  1001.0377 280.5980 -1620.6550
v  1001.0377 276.7627 -1616.8197
v  1001.0377 268.1208 -1642.2662
v  1001.0377 262.8816 -1640.8624
v  1001.0377 268.1208 -1667.2207
v  1001.0377 262.8817 -1668.6245
v  1001.0377 280.5981 -1688.8318
v  1001.0377 276.7627 -1692.6672
v  1001.0377 302.2093 -1701.3091
v  1001.0377 300.8055 -1706.5482
v  1007.1230 352.6103 -1692.6671
v  1007.1230 328.5676 -1706.5482
v  1007.1230 366.4913 -1668.6244
v  1007.1230 366.4913 -1640.8623
v  1007.1230 352.6102 -1616.8196
v  1007.1230 328.5674 -1602.9386
v  1007.1230 300.8053 -1602.9386
v  1007.1230 276.7627 -1616.8197
v  1007.1230 262.8816 -1640.8624
v  1007.1230 262.8817 -1668.6245
v  1007.1230 276.7627 -1692.6672
v  1007.1230 300.8054 -1706.5482
v  1010.2328 338.3222 -1720.4451
v  1010.2328 359.7681 -1708.0634
v  1028.1688 359.7681 -1708.0634
v  1028.1688 338.3222 -1720.4451
v  1008.7578 368.4961 -1640.3251
v  1008.7578 354.0778 -1615.3519
v  1029.6438 354.0778 -1615.3519
v  1029.6438 368.4961 -1640.3251
v  1010.2328 359.7679 -1601.4233
v  1010.2328 338.3221 -1589.0416
v  1028.1688 338.3221 -1589.0416
v  1028.1688 359.7679 -1601.4233
v  1010.2328 291.0507 -1589.0417
v  1010.2328 269.6049 -1601.4235
v  1028.1688 269.6049 -1601.4235
v  1028.1688 291.0507 -1589.0417
v  1008.7578 275.2950 -1615.3521
v  1008.7578 260.8768 -1640.3252
v  1029.6438 260.8768 -1640.3252
v  1029.6438 275.2950 -1615.3521
v  1008.7578 260.8768 -1669.1617
v  1008.7578 275.2951 -1694.1349
v  1029.6438 275.2951 -1694.1349
v  1029.6438 260.8768 -1669.1617
v  1010.2328 269.6049 -1708.0635
v  1010.2328 291.0508 -1720.4452
v  1028.1688 291.0508 -1720.4452
v  1028.1688 269.6049 -1708.0635
v  1008.7578 354.0779 -1694.1348
v  1008.7578 329.1048 -1708.5531
v  1008.7578 368.4962 -1669.1616
v  1008.7578 329.1046 -1600.9337
v  1008.7578 300.2681 -1600.9337
v  1008.7578 300.2682 -1708.5531
v  1029.6438 354.0779 -1694.1348
v  1010.2328 383.4037 -1642.3616
v  1010.2328 383.4037 -1667.1251
v  1010.2328 245.9693 -1667.1252
v  1010.2328 245.9692 -1642.3617
v  1001.0377 320.9251 -1678.0262
v  1001.0377 331.7307 -1671.7876
v  1004.6188 331.7307 -1671.7876
v  1004.6188 320.9251 -1678.0262
v  1001.0377 337.9693 -1660.9819
v  1004.6188 337.9693 -1660.9819
v  1001.0377 337.9693 -1648.5048
v  1004.6188 337.9693 -1648.5048
v  1001.0377 331.7307 -1637.6992
v  1004.6188 331.7307 -1637.6992
v  1001.0377 320.9250 -1631.4606
v  1004.6188 320.9250 -1631.4606
v  1001.0377 308.4478 -1631.4606
v  1004.6188 308.4478 -1631.4606
v  1001.0377 297.6422 -1637.6992
v  1004.6188 297.6422 -1637.6992
v  1001.0377 291.4036 -1648.5049
v  1004.6188 291.4037 -1648.5049
v  1001.0377 291.4037 -1660.9821
v  1004.6188 291.4037 -1660.9821
v  1001.0377 297.6423 -1671.7876
v  1004.6188 297.6423 -1671.7876
v  1001.0377 308.4479 -1678.0262
v  1004.6188 308.4479 -1678.0262
v  1004.6188 327.1638 -1701.3090
v  1004.6188 348.7749 -1688.8318
v  1004.6188 302.2093 -1701.3091
v  1004.6188 280.5981 -1688.8318
v  1004.6188 268.1208 -1667.2207
v  1004.6188 268.1208 -1642.2662
v  1004.6188 280.5980 -1620.6550
v  1004.6188 302.2092 -1608.1777
v  1004.6188 327.1636 -1608.1777
v  1004.6188 348.7748 -1620.6549
v  1004.6188 361.2521 -1642.2661
v  1004.6188 361.2521 -1667.2206
v  1001.0377 317.3361 -1664.6321
v  1001.0377 321.9255 -1661.9824
v  1001.0377 312.0368 -1664.6321
v  1001.0377 307.4475 -1661.9824
v  1001.0377 304.7978 -1657.3931
v  1001.0377 304.7978 -1652.0938
v  1001.0377 307.4474 -1647.5044
v  1001.0377 312.0368 -1644.8547
v  1001.0377 317.3361 -1644.8547
v  1001.0377 321.9254 -1647.5044
v  1001.0377 324.5751 -1652.0938
v  1001.0377 324.5751 -1657.3931
v  1029.6438 329.1048 -1708.5531
v  1029.6438 300.2681 -1600.9337
v  1028.1688 245.9692 -1642.3617
v  1043.8444 314.6865 -1654.7434
v  1043.8444 317.3361 -1664.6321
v  1043.8444 321.9254 -1661.9824
v  1043.8444 324.5751 -1657.3931
v  1043.8444 324.5751 -1652.0938
v  1043.8444 321.9254 -1647.5044
v  1043.8444 317.3361 -1644.8547
v  1043.8444 312.0368 -1644.8547
v  1043.8444 307.4474 -1647.5044
v  1043.8444 304.7978 -1652.0938
v  1043.8444 304.7978 -1657.3931
v  1043.8444 307.4475 -1661.9824
v  1043.8444 312.0368 -1664.6321
v  1033.7828 337.4121 -1677.4690
v  1033.7828 323.0046 -1685.7871
v  1033.7828 325.0842 -1693.5481
v  1033.7828 343.0935 -1683.1504
v  1033.7828 345.7302 -1663.0615
v  1033.7828 353.4911 -1665.1410
v  1033.7828 345.7302 -1646.4252
v  1033.7828 353.4911 -1644.3457
v  1033.7828 337.4120 -1632.0178
v  1033.7828 343.0934 -1626.3363
v  1033.7828 323.0046 -1623.6997
v  1033.7828 325.0841 -1615.9387
v  1033.7828 306.3683 -1623.6997
v  1033.7828 304.2887 -1615.9387
v  1033.7828 291.9608 -1632.0178
v  1033.7828 286.2794 -1626.3364
v  1033.7828 283.6427 -1646.4253
v  1033.7828 275.8818 -1644.3458
v  1033.7828 283.6427 -1663.0616
v  1033.7828 275.8818 -1665.1411
v  1033.7828 291.9609 -1677.4690
v  1033.7828 286.2795 -1683.1504
v  1033.7828 306.3683 -1685.7871
v  1033.7828 304.2888 -1693.5481
v  1037.3639 327.1638 -1701.3091
v  1037.3639 328.5676 -1706.5482
v  1037.3639 352.6103 -1692.6671
v  1037.3639 348.7749 -1688.8318
v  1037.3639 366.4913 -1668.6244
v  1037.3639 361.2521 -1667.2206
v  1037.3639 366.4913 -1640.8623
v  1037.3639 361.2521 -1642.2661
v  1037.3639 352.6102 -1616.8196
v  1037.3639 348.7748 -1620.6549
v  1037.3639 328.5674 -1602.9386
v  1037.3639 327.1636 -1608.1777
v  1037.3639 300.8053 -1602.9386
v  1037.3639 302.2092 -1608.1779
v  1037.3639 276.7627 -1616.8197
v  1037.3639 280.5980 -1620.6550
v  1037.3639 262.8816 -1640.8624
v  1037.3639 268.1208 -1642.2662
v  1037.3639 262.8817 -1668.6245
v  1037.3639 268.1208 -1667.2207
v  1037.3639 276.7627 -1692.6672
v  1037.3639 280.5981 -1688.8318
v  1037.3639 300.8054 -1706.5482
v  1037.3639 302.2093 -1701.3091
v  1031.2786 328.5676 -1706.5482
v  1031.2786 352.6103 -1692.6671
v  1031.2786 366.4913 -1668.6244
v  1031.2786 366.4913 -1640.8623
v  1031.2786 352.6102 -1616.8196
v  1031.2786 328.5674 -1602.9386
v  1031.2786 300.8053 -1602.9386
v  1031.2786 276.7627 -1616.8197
v  1031.2786 262.8816 -1640.8624
v  1031.2786 262.8817 -1668.6245
v  1031.2786 276.7627 -1692.6672
v  1031.2786 300.8054 -1706.5482
v  1029.6438 368.4962 -1669.1616
v  1028.1688 383.4037 -1667.1251
v  1028.1688 383.4037 -1642.3616
v  1029.6438 329.1046 -1600.9337
v  1028.1688 245.9693 -1667.1252
v  1029.6438 300.2682 -1708.5531
v  1037.3639 320.9251 -1678.0262
v  1033.7828 320.9251 -1678.0262
v  1033.7828 331.7307 -1671.7876
v  1037.3639 331.7307 -1671.7876
v  1033.7828 337.9693 -1660.9819
v  1037.3639 337.9693 -1660.9819
v  1033.7828 337.9693 -1648.5048
v  1037.3639 337.9693 -1648.5048
v  1033.7828 331.7306 -1637.6992
v  1037.3639 331.7306 -1637.6992
v  1033.7828 320.9250 -1631.4606
v  1037.3639 320.9250 -1631.4606
v  1033.7828 308.4478 -1631.4606
v  1037.3639 308.4478 -1631.4606
v  1033.7828 297.6422 -1637.6992
v  1037.3639 297.6422 -1637.6992
v  1033.7828 291.4036 -1648.5049
v  1037.3639 291.4036 -1648.5049
v  1033.7828 291.4037 -1660.9821
v  1037.3639 291.4037 -1660.9821
v  1033.7828 297.6423 -1671.7876
v  1037.3639 297.6423 -1671.7876
v  1033.7828 308.4479 -1678.0262
v  1037.3639 308.4479 -1678.0262
v  1033.7828 348.7749 -1688.8318
v  1033.7828 327.1638 -1701.3091
v  1033.7828 302.2093 -1701.3091
v  1033.7828 280.5981 -1688.8318
v  1033.7828 268.1208 -1667.2207
v  1033.7828 268.1208 -1642.2662
v  1033.7828 280.5980 -1620.6550
v  1033.7828 302.2092 -1608.1777
v  1033.7828 327.1636 -1608.1777
v  1033.7828 348.7748 -1620.6549
v  1033.7828 361.2521 -1642.2661
v  1033.7828 361.2521 -1667.2206
v  1037.3639 321.9254 -1661.9824
v  1037.3639 317.3361 -1664.6321
v  1037.3639 312.0368 -1664.6321
v  1037.3639 307.4475 -1661.9824
v  1037.3639 304.7978 -1657.3931
v  1037.3639 304.7978 -1652.0938
v  1037.3639 307.4474 -1647.5044
v  1037.3639 312.0368 -1644.8547
v  1037.3639 317.3361 -1644.8547
v  1037.3639 321.9254 -1647.5044
v  1037.3639 324.5751 -1652.0938
v  1037.3639 324.5751 -1657.3931
# 290 vertices

vn -1.0000 0.0000 0.0000
vn -0.6532 0.5354 -0.5354
vn -0.6532 0.1960 -0.7314
vn -0.6532 0.7314 -0.1960
vn -0.6532 0.7314 0.1960
vn -0.6532 0.5354 0.5354
vn -0.6532 0.1960 0.7314
vn -0.6532 -0.1960 0.7314
vn -0.6532 -0.5354 0.5354
vn -0.6532 -0.7314 0.1960
vn -0.6532 -0.7314 -0.1960
vn -0.6532 -0.5354 -0.5354
vn -0.6532 -0.1960 -0.7314
vn -0.7703 -0.1650 0.6160
vn -0.7703 -0.4509 0.4509
vn -0.6533 0.5354 -0.5354
vn -0.7703 -0.6160 0.1651
vn -0.6533 0.7313 -0.1960
vn -0.7702 -0.6160 -0.1651
vn -0.7703 -0.4509 -0.4509
vn -0.6533 0.5353 0.5353
vn -0.7702 -0.1650 -0.6160
vn -0.7703 0.1651 -0.6160
vn -0.7702 0.4510 -0.4510
vn -0.6533 -0.5354 0.5354
vn -0.7703 0.6160 -0.1650
vn -0.6533 -0.7313 0.1959
vn -0.7703 0.6160 0.1651
vn -0.7703 0.4509 0.4509
vn -0.7703 0.1651 0.6160
vn -0.5608 0.5854 -0.5854
vn -0.5609 0.2143 -0.7997
vn -0.5609 0.7997 -0.2143
vn -0.5609 0.7997 0.2142
vn -0.5609 0.5854 0.5854
vn -0.5609 0.2143 0.7997
vn -0.5608 -0.2143 0.7997
vn -0.5609 -0.5854 0.5854
vn -0.5609 -0.7997 0.2143
vn -0.5608 -0.7997 -0.2143
vn -0.5609 -0.5854 -0.5854
vn -0.5609 -0.2143 -0.7997
vn -0.5630 -0.1493 -0.8129
vn -0.5630 0.7786 -0.2771
vn 0.5630 0.7786 -0.2771
vn 0.5630 -0.1493 -0.8129
vn -0.7017 0.5261 0.4804
vn -0.7017 0.6791 0.2155
vn 0.7017 0.6791 0.2155
vn 0.7017 0.5261 0.4804
vn -0.5630 0.7786 0.2771
vn -0.5630 -0.1494 0.8128
vn 0.5630 -0.1494 0.8128
vn 0.5630 0.7786 0.2771
vn -0.5630 0.1493 0.8129
vn -0.5630 -0.7786 0.2771
vn 0.5630 -0.7786 0.2771
vn 0.5630 0.1493 0.8129
vn -0.7017 -0.6791 0.2155
vn -0.7017 -0.5262 0.4804
vn 0.7017 -0.5262 0.4804
vn 0.7017 -0.6791 0.2155
vn -0.7017 -0.5262 -0.4804
vn -0.7017 -0.6791 -0.2155
vn 0.7017 -0.6791 -0.2155
vn 0.7017 -0.5262 -0.4804
vn -0.5630 -0.7786 -0.2771
vn -0.5630 0.1493 -0.8129
vn 0.5630 0.1493 -0.8129
vn 0.5630 -0.7786 -0.2771
vn -0.7017 0.6791 -0.2155
vn -0.7017 -0.1530 -0.6959
vn -0.7017 0.5262 -0.4804
vn -0.7017 -0.1530 0.6959
vn -0.7017 0.1530 0.6959
vn -0.7017 0.1530 -0.6959
vn 0.7017 0.6791 -0.2155
vn -0.5630 0.6293 0.5358
vn -0.5630 0.6293 -0.5358
vn -0.5630 -0.6293 -0.5358
vn -0.5630 -0.6293 0.5358
vn -0.6532 0.1959 -0.7314
vn -0.7703 0.4509 -0.4510
vn -0.7703 0.1650 -0.6159
vn -0.7702 0.6160 -0.1651
vn -0.7703 0.6160 0.1650
vn -0.6533 0.5354 0.5354
vn -0.7702 0.4510 0.4510
vn -0.6533 -0.1960 0.7313
vn -0.7702 -0.1650 0.6160
vn -0.6532 -0.7314 0.1959
vn -0.6533 -0.7313 -0.1960
vn -0.7702 -0.6160 -0.1650
vn -0.6533 -0.1960 -0.7313
vn -0.6531 -0.1960 0.7314
vn -0.6533 0.1960 0.7313
vn -0.6533 -0.7313 -0.1959
vn -0.7703 -0.1650 -0.6160
vn -0.7703 -0.4509 -0.4510
vn -0.7703 -0.1651 0.6160
vn -0.7703 0.1650 0.6160
vn 0.7017 -0.1530 -0.6959
vn 0.7017 0.1530 0.6959
vn 0.5630 -0.6293 0.5358
vn 1.0000 -0.0000 -0.0000
vn 0.6532 0.1960 -0.7314
vn 0.6532 0.5354 -0.5354
vn 0.6532 0.7314 -0.1960
vn 0.6532 0.7314 0.1960
vn 0.6532 0.5354 0.5354
vn 0.6532 0.1960 0.7314
vn 0.6532 -0.1960 0.7314
vn 0.6532 -0.5354 0.5354
vn 0.6532 -0.7314 0.1960
vn 0.6532 -0.7314 -0.1960
vn 0.6532 -0.5354 -0.5354
vn 0.6532 -0.1960 -0.7314
vn 0.7703 -0.1650 0.6159
vn 0.6533 0.5354 -0.5354
vn 0.7703 -0.4509 0.4509
vn 0.6533 0.7313 -0.1960
vn 0.7703 -0.6160 0.1651
vn 0.7702 -0.6160 -0.1651
vn 0.6533 0.5353 0.5353
vn 0.7703 -0.4509 -0.4509
vn 0.7702 -0.1650 -0.6160
vn 0.7703 0.1651 -0.6160
vn 0.6533 -0.5354 0.5354
vn 0.7702 0.4510 -0.4510
vn 0.6533 -0.7313 0.1959
vn 0.7703 0.6160 -0.1650
vn 0.7703 0.6160 0.1651
vn 0.7703 0.4509 0.4509
vn 0.7703 0.1651 0.6160
vn 0.5609 0.2143 -0.7997
vn 0.5608 0.5854 -0.5854
vn 0.5609 0.7997 -0.2143
vn 0.5609 0.7997 0.2142
vn 0.5609 0.5854 0.5854
vn 0.5609 0.2143 0.7997
vn 0.5608 -0.2143 0.7997
vn 0.5609 -0.5854 0.5854
vn 0.5608 -0.7997 0.2143
vn 0.5608 -0.7997 -0.2143
vn 0.5609 -0.5854 -0.5854
vn 0.5609 -0.2143 -0.7997
vn 0.7017 0.5262 -0.4804
vn 0.5630 0.6293 -0.5358
vn 0.5630 0.6293 0.5358
vn 0.7017 -0.1530 0.6959
vn 0.5630 -0.6293 -0.5358
vn 0.7017 0.1530 -0.6959
vn 0.6533 0.1960 -0.7313
vn 0.7703 0.1650 -0.6159
vn 0.7703 0.4509 -0.4510
vn 0.7703 0.6160 0.1650
vn 0.7702 0.4510 0.4510
vn 0.6533 0.5354 0.5354
vn 0.7702 -0.1650 0.6160
vn 0.6533 -0.1960 0.7313
vn 0.6532 -0.7314 0.1959
vn 0.7702 -0.6160 -0.1650
vn 0.6533 -0.7313 -0.1960
vn 0.7703 -0.1651 -0.6160
vn 0.6533 -0.1960 -0.7313
vn 0.6533 0.1960 0.7313
vn 0.6533 -0.7313 -0.1959
vn 0.7703 -0.1650 -0.6160
vn 0.7703 -0.4509 -0.4510
vn 0.7703 -0.1651 0.6160
vn 0.7703 0.1650 0.6160
# 171 vertex normals

vt 0.7643 0.2240 0.0000
vt 0.7072 0.2641 0.0000
vt 0.6948 0.2301 0.0000
vt 0.7348 0.2873 0.0000
vt 0.7704 0.2936 0.0000
vt 0.8044 0.2812 0.0000
vt 0.8276 0.2536 0.0000
vt 0.8339 0.2180 0.0000
vt 0.8215 0.1840 0.0000
vt 0.7939 0.1608 0.0000
vt 0.7583 0.1545 0.0000
vt 0.7243 0.1669 0.0000
vt 0.7011 0.1945 0.0000
vt 0.6881 0.2774 0.0000
vt 0.6690 0.2908 0.0000
vt 0.6485 0.2342 0.0000
vt 0.6716 0.2321 0.0000
vt 0.7250 0.3084 0.0000
vt 0.7152 0.3295 0.0000
vt 0.7724 0.3168 0.0000
vt 0.7745 0.3399 0.0000
vt 0.8177 0.3003 0.0000
vt 0.8310 0.3194 0.0000
vt 0.8487 0.2634 0.0000
vt 0.8698 0.2732 0.0000
vt 0.8571 0.2160 0.0000
vt 0.8802 0.2139 0.0000
vt 0.8406 0.1707 0.0000
vt 0.8596 0.1573 0.0000
vt 0.8037 0.1397 0.0000
vt 0.8135 0.1186 0.0000
vt 0.7562 0.1313 0.0000
vt 0.7542 0.1082 0.0000
vt 0.7110 0.1478 0.0000
vt 0.6976 0.1287 0.0000
vt 0.6800 0.1847 0.0000
vt 0.6589 0.1749 0.0000
vt 0.6253 0.2362 0.0000
vt 0.6500 0.3041 0.0000
vt 0.5928 0.3441 0.0000
vt 0.5557 0.2423 0.0000
vt 0.7053 0.3506 0.0000
vt 0.6758 0.4138 0.0000
vt 0.7765 0.3631 0.0000
vt 0.7826 0.4327 0.0000
vt 0.8444 0.3384 0.0000
vt 0.8844 0.3956 0.0000
vt 0.8908 0.2831 0.0000
vt 0.9541 0.3126 0.0000
vt 0.9034 0.2119 0.0000
vt 0.9729 0.2058 0.0000
vt 0.8787 0.1440 0.0000
vt 0.9359 0.1040 0.0000
vt 0.8234 0.0975 0.0000
vt 0.8529 0.0343 0.0000
vt 0.7522 0.0850 0.0000
vt 0.7461 0.0154 0.0000
vt 0.6843 0.1097 0.0000
vt 0.6443 0.0525 0.0000
vt 0.6378 0.1650 0.0000
vt 0.5746 0.1355 0.0000
vt 0.5781 0.3495 0.0000
vt 0.5410 0.2476 0.0000
vt 0.6657 0.4258 0.0000
vt 0.5827 0.3561 0.0000
vt 0.7798 0.4481 0.0000
vt 0.6731 0.4293 0.0000
vt 0.8898 0.4103 0.0000
vt 0.7879 0.4474 0.0000
vt 0.9661 0.3227 0.0000
vt 0.8964 0.4057 0.0000
vt 0.9884 0.2086 0.0000
vt 0.9695 0.3153 0.0000
vt 0.9506 0.0986 0.0000
vt 0.9877 0.2005 0.0000
vt 0.8630 0.0223 0.0000
vt 0.9460 0.0920 0.0000
vt 0.7489 0.0000 0.0000
vt 0.8556 0.0188 0.0000
vt 0.6389 0.0378 0.0000
vt 0.7408 0.0007 0.0000
vt 0.5626 0.1254 0.0000
vt 0.6323 0.0424 0.0000
vt 0.5403 0.2395 0.0000
vt 0.5591 0.1328 0.0000
vt 0.8763 0.4730 0.0000
vt 0.9517 0.5335 0.0000
vt 0.0529 0.1183 0.0000
vt 0.1618 0.0309 0.0000
vt 0.3254 0.3556 0.0000
vt 0.3708 0.2703 0.0000
vt 0.7096 0.6368 0.0000
vt 0.6955 0.5411 0.0000
vt 0.5163 0.1643 0.0000
vt 0.5387 0.3008 0.0000
vt 0.4900 0.4299 0.0000
vt 0.3834 0.5173 0.0000
vt 0.6189 0.4802 0.0000
vt 0.5410 0.5374 0.0000
vt 0.1135 0.4991 0.0000
vt 0.0227 0.3896 0.0000
vt 0.0302 0.3861 0.0000
vt 0.1182 0.4922 0.0000
vt -0.0000 0.2494 0.0000
vt 0.0084 0.2500 0.0000
vt 0.0461 0.1137 0.0000
vt 0.1583 0.0233 0.0000
vt 0.2996 0.0000 0.0000
vt 0.2988 0.0083 0.0000
vt 0.4333 0.0502 0.0000
vt 0.4285 0.0570 0.0000
vt 0.5239 0.1608 0.0000
vt 0.5470 0.3016 0.0000
vt 0.4968 0.4347 0.0000
vt 0.3869 0.5248 0.0000
vt 0.2467 0.5485 0.0000
vt 0.2474 0.5402 0.0000
vt 0.9066 0.4225 0.0000
vt 0.9944 0.4930 0.0000
vt 0.9999 0.5673 0.0000
vt 0.1865 0.1137 0.0000
vt 0.2907 0.0712 0.0000
vt 0.3054 0.1282 0.0000
vt 0.2159 0.1647 0.0000
vt 0.2701 0.3352 0.0000
vt 0.3231 0.2358 0.0000
vt 0.6531 0.6532 0.0000
vt 0.6366 0.5418 0.0000
vt 0.6831 0.4836 0.0000
vt 0.1350 0.3977 0.0000
vt 0.0775 0.3009 0.0000
vt 0.1317 0.2779 0.0000
vt 0.1811 0.3611 0.0000
vt 0.6598 0.5226 0.0000
vt 0.5690 0.5891 0.0000
vt 0.8329 0.4332 0.0000
vt 0.2944 0.4057 0.0000
vt 0.7145 0.6954 0.0000
vt 0.2079 0.4135 0.0000
vt 0.6686 0.4486 0.0000
vt 0.3583 0.1024 0.0000
vt 0.3951 0.2167 0.0000
vt 0.0985 0.2294 0.0000
vt 0.4958 0.5752 0.0000
vt 0.1601 0.1834 0.0000
# 145 texture coords

o COG_L
g COG_L
usemtl wire_032058127
s 1
f 1429/1131/725 1430/1132/726 1431/1133/727 
f 1429/1131/725 1432/1134/728 1430/1132/726 
f 1429/1131/725 1433/1135/729 1432/1134/728 
f 1429/1131/725 1434/1136/730 1433/1135/729 
f 1429/1131/725 1435/1137/731 1434/1136/730 
f 1429/1131/725 1436/1138/732 1435/1137/731 
f 1429/1131/725 1437/1139/733 1436/1138/732 
f 1429/1131/725 1438/1140/734 1437/1139/733 
f 1429/1131/725 1439/1141/735 1438/1140/734 
f 1429/1131/725 1440/1142/736 1439/1141/735 
f 1429/1131/725 1441/1143/737 1440/1142/736 
f 1429/1131/725 1431/1133/727 1441/1143/737 
f 1442/1144/725 1443/1145/725 1444/1146/725 1445/1147/725 
f 1446/1148/725 1447/1149/725 1443/1145/725 1442/1144/725 
f 1448/1150/725 1449/1151/725 1447/1149/725 1446/1148/725 
f 1450/1152/725 1451/1153/725 1449/1151/725 1448/1150/725 
f 1452/1154/725 1453/1155/725 1451/1153/725 1450/1152/725 
f 1454/1156/725 1455/1157/725 1453/1155/725 1452/1154/725 
f 1456/1158/725 1457/1159/725 1455/1157/725 1454/1156/725 
f 1458/1160/725 1459/1161/725 1457/1159/725 1456/1158/725 
f 1460/1162/725 1461/1163/725 1459/1161/725 1458/1160/725 
f 1462/1164/725 1463/1165/725 1461/1163/725 1460/1162/725 
f 1464/1166/725 1465/1167/725 1463/1165/725 1462/1164/725 
f 1445/1147/725 1444/1146/725 1465/1167/725 1464/1166/725 
f 1466/1168/738 1467/1169/739 1468/1170/740 1469/1171/727 
f 1467/1169/739 1470/1172/741 1471/1173/742 1468/1170/740 
f 1470/1172/741 1472/1174/743 1473/1175/729 1471/1173/742 
f 1472/1174/743 1474/1176/744 1475/1177/745 1473/1175/729 
f 1474/1176/744 1476/1178/746 1477/1179/731 1475/1177/745 
f 1476/1178/746 1478/1180/747 1479/1181/732 1477/1179/731 
f 1478/1180/747 1480/1182/748 1481/1183/749 1479/1181/732 
f 1480/1182/748 1482/1184/750 1483/1185/751 1481/1183/749 
f 1482/1184/750 1484/1186/752 1485/1187/735 1483/1185/751 
f 1484/1186/752 1486/1188/753 1487/1189/736 1485/1187/735 
f 1486/1188/753 1488/1190/754 1489/1191/737 1487/1189/736 
f 1488/1190/754 1466/1168/738 1469/1171/727 1489/1191/737 
s 2
f 1469/1171/727 1468/1170/740 1490/1192/755 1491/1193/756 
f 1468/1170/740 1471/1173/742 1492/1194/757 1490/1195/755 
f 1471/1173/742 1473/1175/729 1493/1196/758 1492/1197/757 
f 1473/1175/729 1475/1177/745 1494/1198/759 1493/1199/758 
f 1475/1177/745 1477/1179/731 1495/1200/760 1494/1201/759 
f 1477/1179/731 1479/1181/732 1496/1202/761 1495/1203/760 
f 1479/1181/732 1481/1183/749 1497/1204/762 1496/1205/761 
f 1481/1183/749 1483/1185/751 1498/1206/763 1497/1207/762 
f 1483/1185/751 1485/1187/735 1499/1208/764 1498/1209/763 
f 1485/1187/735 1487/1189/736 1500/1210/765 1499/1211/764 
f 1487/1189/736 1489/1191/737 1501/1212/766 1500/1213/765 
f 1489/1191/737 1469/1171/727 1491/1214/756 1501/1215/766 
s 1
f 1502/1216/767 1503/1217/768 1504/1217/769 1505/1216/770 
f 1506/1218/771 1507/1219/772 1508/1219/773 1509/1218/774 
f 1510/1220/775 1511/1221/776 1512/1221/777 1513/1220/778 
f 1514/1222/779 1515/1223/780 1516/1223/781 1517/1222/782 
f 1518/1224/783 1519/1225/784 1520/1225/785 1521/1224/786 
f 1522/1226/787 1523/1227/788 1524/1227/789 1525/1226/790 
f 1526/1228/791 1527/1229/792 1528/1229/793 1529/1228/794 
s 4
f 1491/1230/756 1490/1231/755 1530/1232/795 1531/1233/796 
f 1490/1231/755 1492/1234/757 1532/1235/797 1530/1232/795 
f 1492/1234/757 1493/1236/758 1506/1218/771 1532/1235/797 
f 1493/1236/758 1494/1237/759 1507/1219/772 1506/1218/771 
f 1494/1237/759 1495/1238/760 1533/1239/798 1507/1219/772 
f 1495/1238/760 1496/1240/761 1534/1241/799 1533/1239/798 
f 1496/1240/761 1497/1242/762 1518/1224/783 1534/1241/799 
f 1497/1242/762 1498/1243/763 1519/1225/784 1518/1224/783 
f 1498/1243/763 1499/1244/764 1522/1226/787 1519/1225/784 
f 1499/1244/764 1500/1245/765 1523/1227/788 1522/1226/787 
f 1500/1245/765 1501/1246/766 1535/1247/800 1523/1227/788 
f 1501/1246/766 1491/1230/756 1531/1233/796 1535/1247/800 
f 1531/1248/796 1530/1249/795 1503/1217/768 1502/1216/767 
s 2
f 1530/1250/795 1536/1250/801 1504/1217/769 1503/1217/768 
s 4
f 1532/1251/797 1506/1252/771 1537/1253/802 1538/1254/803 
f 1507/1255/772 1533/1256/798 1511/1221/776 1510/1220/775 
f 1534/1257/799 1518/1258/783 1515/1223/780 1514/1222/779 
s 2
f 1518/1259/783 1521/1259/786 1516/1223/781 1515/1223/780 
s 4
f 1519/1260/784 1522/1261/787 1539/1262/804 1540/1263/805 
f 1523/1264/788 1535/1265/800 1527/1229/792 1526/1228/791 
s 2
f 1541/1133/806 1542/1132/740 1543/1132/807 1544/1133/808 
f 1542/1132/740 1545/1134/728 1546/1134/809 1543/1132/807 
f 1545/1134/728 1547/1135/729 1548/1135/810 1546/1134/809 
f 1547/1135/729 1549/1136/811 1550/1136/812 1548/1135/810 
f 1549/1136/811 1551/1137/731 1552/1137/754 1550/1136/812 
f 1551/1137/731 1553/1138/813 1554/1138/814 1552/1137/754 
f 1553/1138/813 1555/1139/733 1556/1139/739 1554/1138/814 
f 1555/1139/733 1557/1140/815 1558/1140/741 1556/1139/739 
f 1557/1140/815 1559/1141/816 1560/1141/817 1558/1140/741 
f 1559/1141/816 1561/1142/736 1562/1142/744 1560/1141/817 
f 1561/1142/736 1563/1143/818 1564/1143/746 1562/1142/744 
f 1563/1143/818 1541/1133/806 1544/1133/808 1564/1143/746 
f 1467/1169/739 1466/1168/738 1565/1168/819 1566/1169/733 
f 1466/1168/738 1488/1190/754 1567/1190/820 1565/1168/819 
f 1488/1190/754 1486/1188/753 1568/1188/730 1567/1190/820 
f 1486/1188/753 1484/1186/752 1569/1186/729 1568/1188/730 
f 1484/1186/752 1482/1184/750 1570/1184/742 1569/1186/729 
f 1482/1184/750 1480/1182/748 1571/1182/726 1570/1184/742 
f 1480/1182/748 1478/1180/747 1572/1180/727 1571/1182/726 
f 1478/1180/747 1476/1178/746 1573/1178/818 1572/1180/727 
f 1476/1178/746 1474/1176/744 1574/1176/736 1573/1178/818 
f 1474/1176/744 1472/1174/743 1575/1174/821 1574/1176/736 
f 1472/1174/743 1470/1172/741 1576/1172/751 1575/1174/821 
f 1470/1172/741 1467/1169/739 1566/1169/733 1576/1172/751 
s 1
f 1443/1145/725 1566/1169/733 1565/1168/819 1444/1146/725 
f 1445/1147/725 1544/1133/808 1543/1132/807 1442/1144/725 
f 1447/1149/725 1576/1172/751 1566/1169/733 1443/1145/725 
f 1442/1144/725 1543/1132/807 1546/1134/809 1446/1148/725 
f 1449/1151/725 1575/1174/821 1576/1172/751 1447/1149/725 
f 1446/1148/725 1546/1134/809 1548/1135/810 1448/1150/725 
f 1451/1153/725 1574/1176/736 1575/1174/821 1449/1151/725 
f 1448/1150/725 1548/1135/810 1550/1136/812 1450/1152/725 
f 1453/1155/725 1573/1178/818 1574/1176/736 1451/1153/725 
f 1450/1152/725 1550/1136/812 1552/1137/754 1452/1154/725 
f 1455/1157/725 1572/1180/727 1573/1178/818 1453/1155/725 
f 1452/1154/725 1552/1137/754 1554/1138/814 1454/1156/725 
f 1457/1159/725 1571/1182/726 1572/1180/727 1455/1157/725 
f 1454/1156/725 1554/1138/814 1556/1139/739 1456/1158/725 
f 1459/1161/725 1570/1184/742 1571/1182/726 1457/1159/725 
f 1456/1158/725 1556/1139/739 1558/1140/741 1458/1160/725 
f 1461/1163/725 1569/1186/729 1570/1184/742 1459/1161/725 
f 1458/1160/725 1558/1140/741 1560/1141/817 1460/1162/725 
f 1463/1165/725 1568/1188/730 1569/1186/729 1461/1163/725 
f 1460/1162/725 1560/1141/817 1562/1142/744 1462/1164/725 
f 1465/1167/725 1567/1190/820 1568/1188/730 1463/1165/725 
f 1462/1164/725 1562/1142/744 1564/1143/746 1464/1166/725 
f 1444/1146/725 1565/1168/819 1567/1190/820 1465/1167/725 
f 1464/1166/725 1564/1143/746 1544/1133/808 1445/1147/725 
f 1542/1132/740 1541/1133/806 1577/1133/747 1578/1132/748 
f 1541/1133/806 1563/1143/818 1579/1143/822 1577/1133/747 
f 1563/1143/818 1561/1142/736 1580/1142/823 1579/1143/822 
f 1561/1142/736 1559/1141/816 1581/1141/743 1580/1142/823 
f 1559/1141/816 1557/1140/815 1582/1140/741 1581/1141/743 
f 1557/1140/815 1555/1139/733 1583/1139/739 1582/1140/741 
f 1555/1139/733 1553/1138/813 1584/1138/824 1583/1139/739 
f 1553/1138/813 1551/1137/731 1585/1137/825 1584/1138/824 
f 1551/1137/731 1549/1136/811 1586/1136/753 1585/1137/825 
f 1549/1136/811 1547/1135/729 1587/1135/752 1586/1136/753 
f 1547/1135/729 1545/1134/728 1588/1134/750 1587/1135/752 
f 1545/1134/728 1542/1132/740 1578/1132/748 1588/1134/750 
s 2
f 1578/1132/748 1577/1133/747 1431/1133/727 1430/1132/726 
f 1577/1133/747 1579/1143/822 1441/1143/737 1431/1133/727 
f 1579/1143/822 1580/1142/823 1440/1142/736 1441/1143/737 
f 1580/1142/823 1581/1141/743 1439/1141/735 1440/1142/736 
f 1581/1141/743 1582/1140/741 1438/1140/734 1439/1141/735 
f 1582/1140/741 1583/1139/739 1437/1139/733 1438/1140/734 
f 1583/1139/739 1584/1138/824 1436/1138/732 1437/1139/733 
f 1584/1138/824 1585/1137/825 1435/1137/731 1436/1138/732 
f 1585/1137/825 1586/1136/753 1434/1136/730 1435/1137/731 
f 1586/1136/753 1587/1135/752 1433/1135/729 1434/1136/730 
f 1587/1135/752 1588/1134/750 1432/1134/728 1433/1135/729 
f 1588/1134/750 1578/1132/748 1430/1132/726 1432/1134/728 
f 1531/1266/796 1502/1216/767 1505/1216/770 1589/1266/826 
f 1507/1267/772 1510/1220/775 1513/1220/778 1508/1267/773 
f 1534/1268/799 1514/1222/779 1517/1222/782 1590/1268/827 
f 1519/1269/784 1540/1263/805 1591/1263/828 1520/1269/785 
f 1523/1270/788 1526/1228/791 1529/1228/794 1524/1270/789 
s 1
f 1592/1131/829 1593/1133/830 1594/1132/831 
f 1592/1131/829 1594/1132/831 1595/1134/832 
f 1592/1131/829 1595/1134/832 1596/1135/833 
f 1592/1131/829 1596/1135/833 1597/1136/834 
f 1592/1131/829 1597/1136/834 1598/1137/835 
f 1592/1131/829 1598/1137/835 1599/1138/836 
f 1592/1131/829 1599/1138/836 1600/1139/837 
f 1592/1131/829 1600/1139/837 1601/1140/838 
f 1592/1131/829 1601/1140/838 1602/1141/839 
f 1592/1131/829 1602/1141/839 1603/1142/840 
f 1592/1131/829 1603/1142/840 1604/1143/841 
f 1592/1131/829 1604/1143/841 1593/1133/830 
f 1605/1144/829 1606/1147/829 1607/1146/829 1608/1145/829 
f 1609/1148/829 1605/1144/829 1608/1145/829 1610/1149/829 
f 1611/1150/829 1609/1148/829 1610/1149/829 1612/1151/829 
f 1613/1152/829 1611/1150/829 1612/1151/829 1614/1153/829 
f 1615/1154/829 1613/1152/829 1614/1153/829 1616/1155/829 
f 1617/1156/829 1615/1154/829 1616/1155/829 1618/1157/829 
f 1619/1158/829 1617/1156/829 1618/1157/829 1620/1159/829 
f 1621/1160/829 1619/1158/829 1620/1159/829 1622/1161/829 
f 1623/1162/829 1621/1160/829 1622/1161/829 1624/1163/829 
f 1625/1164/829 1623/1162/829 1624/1163/829 1626/1165/829 
f 1627/1166/829 1625/1164/829 1626/1165/829 1628/1167/829 
f 1606/1147/829 1627/1166/829 1628/1167/829 1607/1146/829 
f 1629/1168/842 1630/1171/830 1631/1170/843 1632/1169/844 
f 1632/1169/844 1631/1170/843 1633/1173/845 1634/1172/846 
f 1634/1172/846 1633/1173/845 1635/1175/833 1636/1174/847 
f 1636/1174/847 1635/1175/833 1637/1177/848 1638/1176/849 
f 1638/1176/849 1637/1177/848 1639/1179/835 1640/1178/850 
f 1640/1178/850 1639/1179/835 1641/1181/836 1642/1180/851 
f 1642/1180/851 1641/1181/836 1643/1183/852 1644/1182/853 
f 1644/1182/853 1643/1183/852 1645/1185/854 1646/1184/855 
f 1646/1184/855 1645/1185/854 1647/1187/839 1648/1186/856 
f 1648/1186/856 1647/1187/839 1649/1189/840 1650/1188/857 
f 1650/1188/857 1649/1189/840 1651/1191/841 1652/1190/858 
f 1652/1190/858 1651/1191/841 1630/1171/830 1629/1168/842 
s 2
f 1630/1171/830 1653/1193/859 1654/1192/860 1631/1170/843 
f 1631/1170/843 1654/1195/860 1655/1194/861 1633/1173/845 
f 1633/1173/845 1655/1197/861 1656/1196/862 1635/1175/833 
f 1635/1175/833 1656/1199/862 1657/1198/863 1637/1177/848 
f 1637/1177/848 1657/1201/863 1658/1200/864 1639/1179/835 
f 1639/1179/835 1658/1203/864 1659/1202/865 1641/1181/836 
f 1641/1181/836 1659/1205/865 1660/1204/866 1643/1183/852 
f 1643/1183/852 1660/1207/866 1661/1206/867 1645/1185/854 
f 1645/1185/854 1661/1209/867 1662/1208/868 1647/1187/839 
f 1647/1187/839 1662/1211/868 1663/1210/869 1649/1189/840 
f 1649/1189/840 1663/1213/869 1664/1212/870 1651/1191/841 
f 1651/1191/841 1664/1215/870 1653/1214/859 1630/1171/830 
s 1
f 1536/1232/801 1530/1232/795 1532/1235/797 1665/1235/871 
f 1666/1254/872 1538/1254/803 1537/1253/802 1667/1253/873 
f 1668/1239/874 1533/1239/798 1534/1241/799 1590/1241/827 
f 1591/1263/828 1540/1263/805 1539/1262/804 1669/1262/875 
f 1670/1247/876 1535/1247/800 1531/1233/796 1589/1233/826 
s 4
f 1653/1230/859 1589/1233/826 1536/1232/801 1654/1231/860 
f 1654/1231/860 1536/1232/801 1665/1235/871 1655/1234/861 
f 1655/1234/861 1665/1235/871 1509/1218/774 1656/1236/862 
f 1656/1236/862 1509/1218/774 1508/1219/773 1657/1237/863 
f 1657/1237/863 1508/1219/773 1668/1239/874 1658/1238/864 
f 1658/1238/864 1668/1239/874 1590/1241/827 1659/1240/865 
f 1659/1240/865 1590/1241/827 1521/1224/786 1660/1242/866 
f 1660/1242/866 1521/1224/786 1520/1225/785 1661/1243/867 
f 1661/1243/867 1520/1225/785 1525/1226/790 1662/1244/868 
f 1662/1244/868 1525/1226/790 1524/1227/789 1663/1245/869 
f 1663/1245/869 1524/1227/789 1670/1247/876 1664/1246/870 
f 1664/1246/870 1670/1247/876 1589/1233/826 1653/1230/859 
f 1589/1248/826 1505/1216/770 1504/1217/769 1536/1249/801 
f 1665/1251/871 1666/1254/872 1667/1253/873 1509/1252/774 
s 2
f 1509/1271/774 1667/1253/873 1537/1253/802 1506/1271/771 
s 4
f 1508/1255/773 1513/1220/778 1512/1221/777 1668/1256/874 
s 2
f 1668/1272/874 1512/1221/777 1511/1221/776 1533/1272/798 
s 4
f 1590/1257/827 1517/1222/782 1516/1223/781 1521/1258/786 
f 1520/1260/785 1591/1263/828 1669/1262/875 1525/1261/790 
s 2
f 1525/1273/790 1669/1262/875 1539/1262/804 1522/1273/787 
s 4
f 1524/1264/789 1529/1228/794 1528/1229/793 1670/1265/876 
s 2
f 1670/1274/876 1528/1229/793 1527/1229/792 1535/1274/800 
f 1671/1133/877 1672/1133/878 1673/1132/879 1674/1132/843 
f 1674/1132/843 1673/1132/879 1675/1134/855 1676/1134/832 
f 1676/1134/832 1675/1134/855 1677/1135/880 1678/1135/833 
f 1678/1135/833 1677/1135/880 1679/1136/881 1680/1136/882 
f 1680/1136/882 1679/1136/881 1681/1137/858 1682/1137/835 
f 1682/1137/835 1681/1137/858 1683/1138/883 1684/1138/884 
f 1684/1138/884 1683/1138/883 1685/1139/844 1686/1139/837 
f 1686/1139/837 1685/1139/844 1687/1140/846 1688/1140/885 
f 1688/1140/885 1687/1140/846 1689/1141/886 1690/1141/887 
f 1690/1141/887 1689/1141/886 1691/1142/849 1692/1142/840 
f 1692/1142/840 1691/1142/849 1693/1143/888 1694/1143/889 
f 1694/1143/889 1693/1143/888 1672/1133/878 1671/1133/877 
f 1632/1169/844 1695/1169/837 1696/1168/884 1629/1168/842 
f 1629/1168/842 1696/1168/884 1697/1190/890 1652/1190/858 
f 1652/1190/858 1697/1190/890 1698/1188/834 1650/1188/857 
f 1650/1188/857 1698/1188/834 1699/1186/833 1648/1186/856 
f 1648/1186/856 1699/1186/833 1700/1184/845 1646/1184/855 
f 1646/1184/855 1700/1184/845 1701/1182/831 1644/1182/853 
f 1644/1182/853 1701/1182/831 1702/1180/830 1642/1180/851 
f 1642/1180/851 1702/1180/830 1703/1178/889 1640/1178/850 
f 1640/1178/850 1703/1178/889 1704/1176/840 1638/1176/849 
f 1638/1176/849 1704/1176/840 1705/1174/891 1636/1174/847 
f 1636/1174/847 1705/1174/891 1706/1172/854 1634/1172/846 
f 1634/1172/846 1706/1172/854 1695/1169/837 1632/1169/844 
s 1
f 1608/1145/829 1607/1146/829 1696/1168/884 1695/1169/837 
f 1606/1147/829 1605/1144/829 1673/1132/879 1672/1133/878 
f 1610/1149/829 1608/1145/829 1695/1169/837 1706/1172/854 
f 1605/1144/829 1609/1148/829 1675/1134/855 1673/1132/879 
f 1612/1151/829 1610/1149/829 1706/1172/854 1705/1174/891 
f 1609/1148/829 1611/1150/829 1677/1135/880 1675/1134/855 
f 1614/1153/829 1612/1151/829 1705/1174/891 1704/1176/840 
f 1611/1150/829 1613/1152/829 1679/1136/881 1677/1135/880 
f 1616/1155/829 1614/1153/829 1704/1176/840 1703/1178/889 
f 1613/1152/829 1615/1154/829 1681/1137/858 1679/1136/881 
f 1618/1157/829 1616/1155/829 1703/1178/889 1702/1180/830 
f 1615/1154/829 1617/1156/829 1683/1138/883 1681/1137/858 
f 1620/1159/829 1618/1157/829 1702/1180/830 1701/1182/831 
f 1617/1156/829 1619/1158/829 1685/1139/844 1683/1138/883 
f 1622/1161/829 1620/1159/829 1701/1182/831 1700/1184/845 
f 1619/1158/829 1621/1160/829 1687/1140/846 1685/1139/844 
f 1624/1163/829 1622/1161/829 1700/1184/845 1699/1186/833 
f 1621/1160/829 1623/1162/829 1689/1141/886 1687/1140/846 
f 1626/1165/829 1624/1163/829 1699/1186/833 1698/1188/834 
f 1623/1162/829 1625/1164/829 1691/1142/849 1689/1141/886 
f 1628/1167/829 1626/1165/829 1698/1188/834 1697/1190/890 
f 1625/1164/829 1627/1166/829 1693/1143/888 1691/1142/849 
f 1607/1146/829 1628/1167/829 1697/1190/890 1696/1168/884 
f 1627/1166/829 1606/1147/829 1672/1133/878 1693/1143/888 
f 1674/1132/843 1707/1132/853 1708/1133/851 1671/1133/877 
f 1671/1133/877 1708/1133/851 1709/1143/892 1694/1143/889 
f 1694/1143/889 1709/1143/892 1710/1142/893 1692/1142/840 
f 1692/1142/840 1710/1142/893 1711/1141/847 1690/1141/887 
f 1690/1141/887 1711/1141/847 1712/1140/846 1688/1140/885 
f 1688/1140/885 1712/1140/846 1713/1139/844 1686/1139/837 
f 1686/1139/837 1713/1139/844 1714/1138/894 1684/1138/884 
f 1684/1138/884 1714/1138/894 1715/1137/895 1682/1137/835 
f 1682/1137/835 1715/1137/895 1716/1136/857 1680/1136/882 
f 1680/1136/882 1716/1136/857 1717/1135/856 1678/1135/833 
f 1678/1135/833 1717/1135/856 1718/1134/855 1676/1134/832 
f 1676/1134/832 1718/1134/855 1707/1132/853 1674/1132/843 
s 2
f 1707/1132/853 1594/1132/831 1593/1133/830 1708/1133/851 
f 1708/1133/851 1593/1133/830 1604/1143/841 1709/1143/892 
f 1709/1143/892 1604/1143/841 1603/1142/840 1710/1142/893 
f 1710/1142/893 1603/1142/840 1602/1141/839 1711/1141/847 
f 1711/1141/847 1602/1141/839 1601/1140/838 1712/1140/846 
f 1712/1140/846 1601/1140/838 1600/1139/837 1713/1139/844 
f 1713/1139/844 1600/1139/837 1599/1138/836 1714/1138/894 
f 1714/1138/894 1599/1138/836 1598/1137/835 1715/1137/895 
f 1715/1137/895 1598/1137/835 1597/1136/834 1716/1136/857 
f 1716/1136/857 1597/1136/834 1596/1135/833 1717/1135/856 
f 1717/1135/856 1596/1135/833 1595/1134/832 1718/1134/855 
f 1718/1134/855 1595/1134/832 1594/1132/831 1707/1132/853 
f 1532/1275/797 1538/1254/803 1666/1254/872 1665/1275/871 
# 276 polygons - 24 triangles

